ISO-10303-21;
HEADER;
FILE_DESCRIPTION (( 'STEP AP214' ),
    '1' );
FILE_NAME ('ROB-16413.STEP',
    '2021-09-02T06:22:42',
    ( '' ),
    ( '' ),
    'SwSTEP 2.0',
    'SolidWorks 2017',
    '' );
FILE_SCHEMA (( 'AUTOMOTIVE_DESIGN' ));
ENDSEC;

DATA;
#1 = ORIENTED_EDGE ( 'NONE', *, *, #1959, .T. ) ;
#2 = EDGE_CURVE ( 'NONE', #396, #4379, #5882, .T. ) ;
#3 = FACE_OUTER_BOUND ( 'NONE', #2326, .T. ) ;
#4 = CARTESIAN_POINT ( 'NONE',  ( 0.2000000000000070300, 0.6000000000000000900, 6.499999999999998200 ) ) ;
#5 = ORIENTED_EDGE ( 'NONE', *, *, #3171, .F. ) ;
#6 = PLANE ( 'NONE',  #7577 ) ;
#7 = ORIENTED_EDGE ( 'NONE', *, *, #2640, .T. ) ;
#8 = DIRECTION ( 'NONE',  ( -1.000000000000000000, 0.0000000000000000000, -0.0000000000000000000 ) ) ;
#9 = LINE ( 'NONE', #2821, #4245 ) ;
#10 = DIRECTION ( 'NONE',  ( -0.0000000000000000000, -1.000000000000000000, 2.125886612716674300E-017 ) ) ;
#11 = ORIENTED_EDGE ( 'NONE', *, *, #579, .T. ) ;
#12 = VERTEX_POINT ( 'NONE', #5185 ) ;
#13 = ORIENTED_EDGE ( 'NONE', *, *, #6427, .T. ) ;
#14 = ADVANCED_FACE ( 'NONE', ( #2707 ), #588, .F. ) ;
#15 = ORIENTED_EDGE ( 'NONE', *, *, #1559, .T. ) ;
#16 = DIRECTION ( 'NONE',  ( -1.000000000000000000, 0.0000000000000000000, 0.0000000000000000000 ) ) ;
#17 = EDGE_LOOP ( 'NONE', ( #501, #2531, #3093, #8165 ) ) ;
#18 = LINE ( 'NONE', #6932, #8182 ) ;
#19 = DIRECTION ( 'NONE',  ( 0.0000000000000000000, 0.0000000000000000000, 1.000000000000000000 ) ) ;
#20 = DIRECTION ( 'NONE',  ( -1.000000000000000000, -0.0000000000000000000, -1.204669080539454300E-016 ) ) ;
#21 = CARTESIAN_POINT ( 'NONE',  ( -11.82499999999999200, 18.75000000000000400, -5.200000000000001100 ) ) ;
#22 = ADVANCED_FACE ( 'NONE', ( #378 ), #390, .F. ) ;
#23 = CYLINDRICAL_SURFACE ( 'NONE', #3153, 1.000000000000002700 ) ;
#24 = ORIENTED_EDGE ( 'NONE', *, *, #3735, .F. ) ;
#25 = EDGE_LOOP ( 'NONE', ( #3255, #4360, #2335, #1032 ) ) ;
#26 = EDGE_LOOP ( 'NONE', ( #5736, #5204 ) ) ;
#27 = CIRCLE ( 'NONE', #663, 0.2000000000000000900 ) ;
#28 = DIRECTION ( 'NONE',  ( -0.0000000000000000000, 1.000000000000000000, -0.0000000000000000000 ) ) ;
#29 = PRESENTATION_LAYER_ASSIGNMENT (  '', '', ( #77 ) ) ;
#30 = CARTESIAN_POINT ( 'NONE',  ( 30.67500000000000800, 0.3000000000000016500, -6.700000000000000200 ) ) ;
#31 = CARTESIAN_POINT ( 'NONE',  ( 1.275000000000007500, 0.2000000000000000100, -4.824999999999999300 ) ) ;
#32 = DIRECTION ( 'NONE',  ( -0.0000000000000000000, -0.0000000000000000000, -1.000000000000000000 ) ) ;
#33 = CIRCLE ( 'NONE', #2631, 1.100000000000000300 ) ;
#34 = DIRECTION ( 'NONE',  ( 0.0000000000000000000, -1.000000000000000000, 0.0000000000000000000 ) ) ;
#35 = AXIS2_PLACEMENT_3D ( 'NONE', #692, #6759, #1307 ) ;
#36 = CARTESIAN_POINT ( 'NONE',  ( 0.5750000000000099500, 18.34999999999999800, 9.800000000000004300 ) ) ;
#37 = DIRECTION ( 'NONE',  ( 0.0000000000000000000, 1.010896151159028200E-015, 1.000000000000000000 ) ) ;
#38 = CARTESIAN_POINT ( 'NONE',  ( -33.12499999999999300, 25.89999999999999900, 5.000000000000000000 ) ) ;
#39 = VECTOR ( 'NONE', #709, 1000.000000000000000 ) ;
#40 = LINE ( 'NONE', #7965, #356 ) ;
#41 = DIRECTION ( 'NONE',  ( 0.0000000000000000000, 1.000000000000000000, 0.0000000000000000000 ) ) ;
#42 = ORIENTED_EDGE ( 'NONE', *, *, #1243, .F. ) ;
#43 = EDGE_CURVE ( 'NONE', #6883, #3387, #3772, .T. ) ;
#44 = CARTESIAN_POINT ( 'NONE',  ( -32.72499999999999400, 25.89999999999999900, 4.599999999999999600 ) ) ;
#45 = CARTESIAN_POINT ( 'NONE',  ( 35.59162498536146300, 10.77500000000000400, -2.522484971362007200 ) ) ;
#46 = VECTOR ( 'NONE', #345, 1000.000000000000000 ) ;
#47 = CARTESIAN_POINT ( 'NONE',  ( -26.62499999999998900, 20.15000000000000200, -3.199999999999997100 ) ) ;
#48 = LINE ( 'NONE', #6487, #3438 ) ;
#49 = ORIENTED_EDGE ( 'NONE', *, *, #7786, .F. ) ;
#50 = CARTESIAN_POINT ( 'NONE',  ( 12.76500000000000600, -1.270000000000000000, -1.490000000000001300 ) ) ;
#51 = ADVANCED_FACE ( 'NONE', ( #6099 ), #3837, .F. ) ;
#52 = LINE ( 'NONE', #7976, #1527 ) ;
#53 = CARTESIAN_POINT ( 'NONE',  ( 1.275000000000007500, 0.6000000000000000900, 6.499999999999999100 ) ) ;
#54 = EDGE_CURVE ( 'NONE', #3070, #3109, #52, .T. ) ;
#55 = CARTESIAN_POINT ( 'NONE',  ( -8.924999999999997200, 20.25000000000000400, 2.299999999999999800 ) ) ;
#56 = VECTOR ( 'NONE', #1919, 1000.000000000000000 ) ;
#57 = CARTESIAN_POINT ( 'NONE',  ( 1.875000000000007500, 0.6000000000000000900, -5.899999999999997700 ) ) ;
#58 = ORIENTED_EDGE ( 'NONE', *, *, #3097, .F. ) ;
#59 = DIRECTION ( 'NONE',  ( -0.0000000000000000000, 1.000000000000000000, -0.0000000000000000000 ) ) ;
#60 = CIRCLE ( 'NONE', #3289, 1.990000000000001300 ) ;
#62 = ADVANCED_FACE ( 'NONE', ( #7378 ), #6543, .T. ) ;
#61 = DIRECTION ( 'NONE',  ( 0.0000000000000000000, 0.0000000000000000000, -1.000000000000000000 ) ) ;
#63 = PLANE ( 'NONE',  #7654 ) ;
#64 = VECTOR ( 'NONE', #1154, 1000.000000000000000 ) ;
#65 = EDGE_LOOP ( 'NONE', ( #5476, #961 ) ) ;
#66 = CARTESIAN_POINT ( 'NONE',  ( -31.55000000000000100, 21.30000000000000100, -0.5249999999996698400 ) ) ;
#67 = EDGE_CURVE ( 'NONE', #1293, #3070, #2920, .T. ) ;
#68 = DIRECTION ( 'NONE',  ( 0.0000000000000000000, -0.0000000000000000000, 1.000000000000000000 ) ) ;
#69 = FACE_OUTER_BOUND ( 'NONE', #6625, .T. ) ;
#70 = DIRECTION ( 'NONE',  ( 0.0000000000000000000, -0.0000000000000000000, -1.000000000000000000 ) ) ;
#71 = PLANE ( 'NONE',  #7873 ) ;
#72 = DIRECTION ( 'NONE',  ( 0.0000000000000000000, -0.0000000000000000000, 1.000000000000000000 ) ) ;
#73 = ORIENTED_EDGE ( 'NONE', *, *, #5569, .T. ) ;
#74 = DIRECTION ( 'NONE',  ( 0.0000000000000000000, -1.000000000000000000, 0.0000000000000000000 ) ) ;
#75 = ORIENTED_EDGE ( 'NONE', *, *, #1184, .F. ) ;
#76 = CARTESIAN_POINT ( 'NONE',  ( -33.12499999999999300, 20.89999999999999900, 5.000000000000000000 ) ) ;
#77 = STYLED_ITEM ( 'NONE', ( #4707 ), #4676 ) ;
#78 = EDGE_LOOP ( 'NONE', ( #197, #7837, #8588, #7421 ) ) ;
#79 = EDGE_CURVE ( 'NONE', #1247, #7527, #7151, .T. ) ;
#80 = ORIENTED_EDGE ( 'NONE', *, *, #5754, .T. ) ;
#81 = VERTEX_POINT ( 'NONE', #5326 ) ;
#82 = DIRECTION ( 'NONE',  ( -0.0000000000000000000, -0.0000000000000000000, -1.000000000000000000 ) ) ;
#83 = CARTESIAN_POINT ( 'NONE',  ( -25.12499999999998900, 18.55000000000000100, -5.200000000000001100 ) ) ;
#84 = AXIS2_PLACEMENT_3D ( 'NONE', #6944, #106, #2194 ) ;
#85 = CARTESIAN_POINT ( 'NONE',  ( -26.62499999999998900, 20.15000000000000200, 3.199999999999998000 ) ) ;
#86 = ORIENTED_EDGE ( 'NONE', *, *, #8233, .F. ) ;
#87 = LINE ( 'NONE', #6253, #2947 ) ;
#88 = PLANE ( 'NONE',  #8513 ) ;
#89 = EDGE_LOOP ( 'NONE', ( #4242, #2699, #7405, #2380, #3408, #3467, #6483, #182, #1368, #8684, #1, #5935 ) ) ;
#90 = DIRECTION ( 'NONE',  ( -0.0000000000000000000, -1.000000000000000000, -0.0000000000000000000 ) ) ;
#91 = DIRECTION ( 'NONE',  ( 0.0000000000000000000, -1.000000000000000000, 0.0000000000000000000 ) ) ;
#92 = DIRECTION ( 'NONE',  ( -0.0000000000000000000, -1.000000000000000000, -0.0000000000000000000 ) ) ;
#93 = EDGE_CURVE ( 'NONE', #4880, #7548, #2483, .T. ) ;
#94 = ORIENTED_EDGE ( 'NONE', *, *, #4704, .F. ) ;
#95 = CYLINDRICAL_SURFACE ( 'NONE', #6911, 0.9999999999999983300 ) ;
#96 = ADVANCED_FACE ( 'NONE', ( #3339 ), #8659, .T. ) ;
#97 = AXIS2_PLACEMENT_3D ( 'NONE', #101, #6942, #2890 ) ;
#98 = CARTESIAN_POINT ( 'NONE',  ( -33.12499999999999300, 21.30000000000000100, 5.000000000000000000 ) ) ;
#99 = ORIENTED_EDGE ( 'NONE', *, *, #1774, .T. ) ;
#100 = AXIS2_PLACEMENT_3D ( 'NONE', #5880, #7311, #6560 ) ;
#101 = CARTESIAN_POINT ( 'NONE',  ( 23.76500000000000400, -1.000000000000000000, 0.0000000000000000000 ) ) ;
#102 = ORIENTED_EDGE ( 'NONE', *, *, #2206, .T. ) ;
#103 = DIRECTION ( 'NONE',  ( 0.0000000000000000000, 0.0000000000000000000, 1.000000000000000000 ) ) ;
#104 = VERTEX_POINT ( 'NONE', #5243 ) ;
#105 = VECTOR ( 'NONE', #4485, 1000.000000000000000 ) ;
#106 = DIRECTION ( 'NONE',  ( 1.000000000000000000, 0.0000000000000000000, -0.0000000000000000000 ) ) ;
#107 = EDGE_CURVE ( 'NONE', #8042, #6470, #8427, .T. ) ;
#108 = VERTEX_POINT ( 'NONE', #6660 ) ;
#109 = ADVANCED_FACE ( 'NONE', ( #273 ), #512, .T. ) ;
#110 = ORIENTED_EDGE ( 'NONE', *, *, #3927, .T. ) ;
#111 = ORIENTED_EDGE ( 'NONE', *, *, #3019, .F. ) ;
#112 = ORIENTED_EDGE ( 'NONE', *, *, #2080, .T. ) ;
#113 = DIRECTION ( 'NONE',  ( -1.000000000000000000, 0.0000000000000000000, -0.0000000000000000000 ) ) ;
#114 = VERTEX_POINT ( 'NONE', #5890 ) ;
#115 = PLANE ( 'NONE',  #4118 ) ;
#116 = AXIS2_PLACEMENT_3D ( 'NONE', #1644, #5151, #5889 ) ;
#117 = DIRECTION ( 'NONE',  ( 0.0000000000000000000, 1.000000000000000000, -0.0000000000000000000 ) ) ;
#118 = ORIENTED_EDGE ( 'NONE', *, *, #1696, .F. ) ;
#119 = VECTOR ( 'NONE', #2324, 1000.000000000000000 ) ;
#120 = FACE_OUTER_BOUND ( 'NONE', #3025, .T. ) ;
#121 = VERTEX_POINT ( 'NONE', #4005 ) ;
#122 = EDGE_CURVE ( 'NONE', #8342, #4419, #7046, .T. ) ;
#123 = CARTESIAN_POINT ( 'NONE',  ( 0.0000000000000000000, 0.1999999999999999800, 0.0000000000000000000 ) ) ;
#124 = CARTESIAN_POINT ( 'NONE',  ( -31.54999999999996200, 21.30000000000000100, 3.325000000000330600 ) ) ;
#125 = DIRECTION ( 'NONE',  ( 1.000000000000000000, 0.0000000000000000000, 0.0000000000000000000 ) ) ;
#126 = VECTOR ( 'NONE', #6930, 1000.000000000000000 ) ;
#127 = CARTESIAN_POINT ( 'NONE',  ( -25.12499999999998900, 20.15000000000000200, 3.499999999999997300 ) ) ;
#128 = ORIENTED_EDGE ( 'NONE', *, *, #5128, .F. ) ;
#129 = ORIENTED_EDGE ( 'NONE', *, *, #355, .T. ) ;
#130 = DIRECTION ( 'NONE',  ( -1.000000000000000000, 0.0000000000000000000, 0.0000000000000000000 ) ) ;
#131 = EDGE_CURVE ( 'NONE', #448, #8704, #4290, .T. ) ;
#132 = CIRCLE ( 'NONE', #4972, 0.6000000000000015300 ) ;
#133 = CARTESIAN_POINT ( 'NONE',  ( 0.5750000000000100600, 18.34999999999999800, 8.700000000000004600 ) ) ;
#134 = ORIENTED_EDGE ( 'NONE', *, *, #6312, .T. ) ;
#135 = LINE ( 'NONE', #5228, #1498 ) ;
#136 = DIRECTION ( 'NONE',  ( -1.000000000000000000, 0.0000000000000000000, -0.0000000000000000000 ) ) ;
#137 = AXIS2_PLACEMENT_3D ( 'NONE', #7239, #2460, #7948 ) ;
#138 = CARTESIAN_POINT ( 'NONE',  ( -6.424999999999996300, 1.500000000000000400, -2.300000000000000300 ) ) ;
#139 = LINE ( 'NONE', #6488, #5325 ) ;
#140 = CARTESIAN_POINT ( 'NONE',  ( -20.42499999999999000, 20.15000000000000200, -3.499999999999997300 ) ) ;
#141 = ADVANCED_FACE ( 'NONE', ( #695 ), #4335, .T. ) ;
#142 = EDGE_CURVE ( 'NONE', #189, #308, #8535, .T. ) ;
#143 = LINE ( 'NONE', #1173, #3210 ) ;
#144 = CARTESIAN_POINT ( 'NONE',  ( 35.67500000000001100, 10.77500000000000000, 2.508392021690040600 ) ) ;
#145 = ORIENTED_EDGE ( 'NONE', *, *, #2331, .F. ) ;
#146 = DIRECTION ( 'NONE',  ( 0.0000000000000000000, -1.000000000000000000, 0.0000000000000000000 ) ) ;
#147 = DIRECTION ( 'NONE',  ( -0.0000000000000000000, -1.000000000000000000, -0.0000000000000000000 ) ) ;
#148 = EDGE_CURVE ( 'NONE', #308, #3083, #5023, .T. ) ;
#149 = VECTOR ( 'NONE', #858, 1000.000000000000000 ) ;
#150 = LINE ( 'NONE', #57, #4278 ) ;
#151 = DIRECTION ( 'NONE',  ( -1.000000000000000000, 0.0000000000000000000, 0.0000000000000000000 ) ) ;
#153 = ADVANCED_FACE ( 'NONE', ( #8327 ), #6615, .T. ) ;
#152 = CARTESIAN_POINT ( 'NONE',  ( 32.67500000000000400, 0.0000000000000000000, -7.500000000000002700 ) ) ;
#154 = DIRECTION ( 'NONE',  ( 1.000000000000000000, 0.0000000000000000000, 8.068481283613052800E-016 ) ) ;
#155 = ORIENTED_EDGE ( 'NONE', *, *, #5420, .F. ) ;
#156 = DIRECTION ( 'NONE',  ( 0.0000000000000000000, 0.0000000000000000000, -1.000000000000000000 ) ) ;
#157 = VECTOR ( 'NONE', #8565, 1000.000000000000000 ) ;
#158 = CARTESIAN_POINT ( 'NONE',  ( 0.2000000000000070300, 0.2000000000000000100, -5.899999999999997700 ) ) ;
#159 = FACE_OUTER_BOUND ( 'NONE', #6022, .T. ) ;
#160 = EDGE_CURVE ( 'NONE', #8473, #4622, #5873, .T. ) ;
#161 = DIRECTION ( 'NONE',  ( 0.0000000000000000000, -2.125886612716674300E-017, -1.000000000000000000 ) ) ;
#162 = DIRECTION ( 'NONE',  ( 0.0000000000000000000, 0.0000000000000000000, -1.000000000000000000 ) ) ;
#163 = CARTESIAN_POINT ( 'NONE',  ( -6.624999999999996400, -1.570000000000000100, -2.500000000000000000 ) ) ;
#164 = ORIENTED_EDGE ( 'NONE', *, *, #4830, .F. ) ;
#165 = DIRECTION ( 'NONE',  ( 0.0000000000000000000, 1.000000000000000000, 0.0000000000000000000 ) ) ;
#166 = VECTOR ( 'NONE', #2279, 1000.000000000000000 ) ;
#167 = VECTOR ( 'NONE', #3180, 1000.000000000000000 ) ;
#168 = AXIS2_PLACEMENT_3D ( 'NONE', #637, #2761, #5480 ) ;
#169 = LINE ( 'NONE', #1808, #906 ) ;
#170 = EDGE_LOOP ( 'NONE', ( #5307, #3041, #8616, #5394 ) ) ;
#171 = CARTESIAN_POINT ( 'NONE',  ( -31.90000000000001300, 25.30000000000000100, -0.8749999999996659300 ) ) ;
#172 = EDGE_CURVE ( 'NONE', #1763, #2419, #6945, .T. ) ;
#173 = CARTESIAN_POINT ( 'NONE',  ( 0.0000000000000000000, 21.30000000000000100, 0.0000000000000000000 ) ) ;
#174 = CIRCLE ( 'NONE', #2550, 1.539999999999999600 ) ;
#175 = CARTESIAN_POINT ( 'NONE',  ( 16.61500000000000600, 0.6999999999999999600, 10.75000000000000200 ) ) ;
#176 = VECTOR ( 'NONE', #6591, 1000.000000000000000 ) ;
#177 = ORIENTED_EDGE ( 'NONE', *, *, #6497, .T. ) ;
#178 = EDGE_CURVE ( 'NONE', #4561, #7647, #6514, .T. ) ;
#179 = ORIENTED_EDGE ( 'NONE', *, *, #6793, .T. ) ;
#180 = DIRECTION ( 'NONE',  ( 0.0000000000000000000, 1.000000000000000000, -9.451687981113238900E-017 ) ) ;
#181 = DIRECTION ( 'NONE',  ( 0.0000000000000000000, 0.0000000000000000000, 1.000000000000000000 ) ) ;
#182 = ORIENTED_EDGE ( 'NONE', *, *, #8492, .F. ) ;
#183 = EDGE_CURVE ( 'NONE', #4379, #4561, #3447, .T. ) ;
#184 = FACE_BOUND ( 'NONE', #3615, .T. ) ;
#185 = DIRECTION ( 'NONE',  ( -0.0000000000000000000, -0.0000000000000000000, 1.000000000000000000 ) ) ;
#186 = EDGE_CURVE ( 'NONE', #1866, #2880, #1108, .T. ) ;
#187 = ORIENTED_EDGE ( 'NONE', *, *, #4881, .T. ) ;
#188 = ADVANCED_FACE ( 'NONE', ( #1419, #3020 ), #6500, .T. ) ;
#189 = VERTEX_POINT ( 'NONE', #5039 ) ;
#190 = DIRECTION ( 'NONE',  ( 0.0000000000000000000, 2.710505431213759900E-017, 1.000000000000000000 ) ) ;
#191 = ORIENTED_EDGE ( 'NONE', *, *, #3490, .F. ) ;
#192 = CARTESIAN_POINT ( 'NONE',  ( -21.52499999999998800, 1.099999999999999900, 2.499999999999999600 ) ) ;
#193 = FACE_OUTER_BOUND ( 'NONE', #4468, .T. ) ;
#194 = ORIENTED_EDGE ( 'NONE', *, *, #4587, .F. ) ;
#195 = DIRECTION ( 'NONE',  ( -0.0000000000000000000, 1.000000000000000000, -0.0000000000000000000 ) ) ;
#196 = ADVANCED_FACE ( 'NONE', ( #5242 ), #6726, .T. ) ;
#197 = ORIENTED_EDGE ( 'NONE', *, *, #2775, .T. ) ;
#198 = VECTOR ( 'NONE', #6551, 1000.000000000000000 ) ;
#199 = CARTESIAN_POINT ( 'NONE',  ( -8.778589838486221100, 0.1464101615137758900, 2.500000000000000000 ) ) ;
#200 = DIRECTION ( 'NONE',  ( 1.000000000000000000, 0.0000000000000000000, 4.336808689942010800E-016 ) ) ;
#201 = DIRECTION ( 'NONE',  ( -1.000000000000000000, 0.0000000000000000000, 0.0000000000000000000 ) ) ;
#202 = VERTEX_POINT ( 'NONE', #3861 ) ;
#203 =( GEOMETRIC_REPRESENTATION_CONTEXT ( 3 ) GLOBAL_UNCERTAINTY_ASSIGNED_CONTEXT ( ( #672 ) ) GLOBAL_UNIT_ASSIGNED_CONTEXT ( ( #6617, #6086, #3476 ) ) REPRESENTATION_CONTEXT ( 'NONE', 'WORKASPACE' ) );
#204 = CARTESIAN_POINT ( 'NONE',  ( 30.67500000000000800, 0.3000000000000016500, 11.19999999999999900 ) ) ;
#205 = ORIENTED_EDGE ( 'NONE', *, *, #5038, .T. ) ;
#206 = AXIS2_PLACEMENT_3D ( 'NONE', #7247, #7830, #7121 ) ;
#207 = ORIENTED_EDGE ( 'NONE', *, *, #1926, .T. ) ;
#208 = CIRCLE ( 'NONE', #7489, 0.5999999999999985300 ) ;
#209 = EDGE_CURVE ( 'NONE', #1192, #5499, #7478, .T. ) ;
#210 = DIRECTION ( 'NONE',  ( 1.982541115402067600E-014, -0.0000000000000000000, 1.000000000000000000 ) ) ;
#211 = CARTESIAN_POINT ( 'NONE',  ( -17.32499999999998500, 28.80000000000000100, -4.500000000000000000 ) ) ;
#212 = ORIENTED_EDGE ( 'NONE', *, *, #6533, .F. ) ;
#213 = CARTESIAN_POINT ( 'NONE',  ( -32.72499999999999400, 25.89999999999999900, 4.599999999999999600 ) ) ;
#214 = EDGE_CURVE ( 'NONE', #6262, #2001, #2700, .T. ) ;
#215 = ORIENTED_EDGE ( 'NONE', *, *, #4614, .F. ) ;
#216 = VERTEX_POINT ( 'NONE', #3747 ) ;
#217 = DIRECTION ( 'NONE',  ( -0.0000000000000000000, 1.000000000000000000, -0.0000000000000000000 ) ) ;
#218 = ORIENTED_EDGE ( 'NONE', *, *, #6682, .T. ) ;
#219 = EDGE_LOOP ( 'NONE', ( #4440, #2867, #8291, #507 ) ) ;
#220 = AXIS2_PLACEMENT_3D ( 'NONE', #3766, #7192, #3218 ) ;
#221 = FACE_OUTER_BOUND ( 'NONE', #2435, .T. ) ;
#222 = DIRECTION ( 'NONE',  ( 0.0000000000000000000, -1.000000000000000000, 0.0000000000000000000 ) ) ;
#223 = ORIENTED_EDGE ( 'NONE', *, *, #3701, .F. ) ;
#224 =( GEOMETRIC_REPRESENTATION_CONTEXT ( 3 ) GLOBAL_UNCERTAINTY_ASSIGNED_CONTEXT ( ( #6148 ) ) GLOBAL_UNIT_ASSIGNED_CONTEXT ( ( #1420, #5451, #2726 ) ) REPRESENTATION_CONTEXT ( 'NONE', 'WORKASPACE' ) );
#225 = ORIENTED_EDGE ( 'NONE', *, *, #6237, .F. ) ;
#226 = COLOUR_RGB ( '',0.7921568627450980000, 0.8196078431372548800, 0.9333333333333333500 ) ;
#227 = VECTOR ( 'NONE', #8220, 1000.000000000000000 ) ;
#228 = VERTEX_POINT ( 'NONE', #5855 ) ;
#229 = CARTESIAN_POINT ( 'NONE',  ( -8.724999999999996100, 21.82000000000000700, 2.500000000000000000 ) ) ;
#230 = VERTEX_POINT ( 'NONE', #5497 ) ;
#231 = ORIENTED_EDGE ( 'NONE', *, *, #6083, .T. ) ;
#232 = CARTESIAN_POINT ( 'NONE',  ( -6.424999999999996300, -1.770000000000000000, 2.500000000000000000 ) ) ;
#233 = EDGE_CURVE ( 'NONE', #4401, #2745, #3876, .T. ) ;
#234 = VERTEX_POINT ( 'NONE', #7189 ) ;
#235 = FACE_OUTER_BOUND ( 'NONE', #3168, .T. ) ;
#236 = CARTESIAN_POINT ( 'NONE',  ( 21.79840395607028800, 27.40000000000000200, 1.849999999999999400 ) ) ;
#237 = DIRECTION ( 'NONE',  ( 0.0000000000000000000, 1.000000000000000000, 0.0000000000000000000 ) ) ;
#238 = STYLED_ITEM ( 'NONE', ( #3456 ), #4410 ) ;
#239 = CARTESIAN_POINT ( 'NONE',  ( 1.575000000000007300, 0.1999999999999999800, -4.599999999999998800 ) ) ;
#240 = ORIENTED_EDGE ( 'NONE', *, *, #3735, .T. ) ;
#241 = LINE ( 'NONE', #6139, #1701 ) ;
#242 = MANIFOLD_SOLID_BREP ( 'Shaft 1', #8796 ) ;
#243 = CARTESIAN_POINT ( 'NONE',  ( 3.765000000000005500, 18.75000000000000000, 10.34000000000000000 ) ) ;
#244 = ORIENTED_EDGE ( 'NONE', *, *, #7735, .F. ) ;
#245 = VERTEX_POINT ( 'NONE', #1054 ) ;
#246 = LINE ( 'NONE', #2070, #3528 ) ;
#247 = EDGE_CURVE ( 'NONE', #8345, #8734, #2802, .T. ) ;
#248 = ORIENTED_EDGE ( 'NONE', *, *, #4408, .T. ) ;
#249 = EDGE_CURVE ( 'NONE', #7054, #6550, #1845, .T. ) ;
#250 = CARTESIAN_POINT ( 'NONE',  ( -32.72499999999999400, 21.30000000000000100, -4.599999999999999600 ) ) ;
#252 = ADVANCED_FACE ( 'NONE', ( #3666 ), #6280, .F. ) ;
#251 = CARTESIAN_POINT ( 'NONE',  ( -11.82499999999999200, 0.6358983848622387100, -5.200000000000001100 ) ) ;
#253 = DIRECTION ( 'NONE',  ( 0.0000000000000000000, 0.0000000000000000000, 1.000000000000000000 ) ) ;
#254 = DIRECTION ( 'NONE',  ( 0.0000000000000000000, -1.000000000000000000, 0.0000000000000000000 ) ) ;
#255 = LINE ( 'NONE', #7922, #6495 ) ;
#256 = CIRCLE ( 'NONE', #6101, 1.990000000000001300 ) ;
#257 = DIRECTION ( 'NONE',  ( 0.0000000000000000000, -1.000000000000000000, 0.0000000000000000000 ) ) ;
#258 = CARTESIAN_POINT ( 'NONE',  ( -29.52499999999998800, 21.30000000000000100, -4.600000000000000500 ) ) ;
#259 = LINE ( 'NONE', #6776, #3535 ) ;
#260 = CARTESIAN_POINT ( 'NONE',  ( -0.8249999999999924100, 1.499999999999999600, -5.200000000000000200 ) ) ;
#261 = VECTOR ( 'NONE', #1204, 1000.000000000000000 ) ;
#262 = AXIS2_PLACEMENT_3D ( 'NONE', #2472, #3182, #3151 ) ;
#263 = CARTESIAN_POINT ( 'NONE',  ( 35.17500000000001800, 7.974999999999999600, -3.100000000000000100 ) ) ;
#264 = CARTESIAN_POINT ( 'NONE',  ( -16.02499999999999100, 20.15000000000000200, 4.500000000000000900 ) ) ;
#265 = AXIS2_PLACEMENT_3D ( 'NONE', #5309, #6700, #5359 ) ;
#266 = LINE ( 'NONE', #6935, #7253 ) ;
#267 = DIRECTION ( 'NONE',  ( 0.0000000000000000000, 0.0000000000000000000, -1.000000000000000000 ) ) ;
#268 = CYLINDRICAL_SURFACE ( 'NONE', #8480, 3.500000000000000000 ) ;
#269 = PLANE ( 'NONE',  #7801 ) ;
#270 = EDGE_CURVE ( 'NONE', #3940, #3696, #8761, .T. ) ;
#271 = ORIENTED_EDGE ( 'NONE', *, *, #5444, .T. ) ;
#272 = CARTESIAN_POINT ( 'NONE',  ( 21.79840395607028800, -8.650000000000000400, -1.850000000000000800 ) ) ;
#273 = FACE_OUTER_BOUND ( 'NONE', #5489, .T. ) ;
#274 = CARTESIAN_POINT ( 'NONE',  ( 1.875000000000007500, 0.2000000000000000100, 5.899999999999997700 ) ) ;
#275 = AXIS2_PLACEMENT_3D ( 'NONE', #5077, #4478, #5782 ) ;
#276 = CARTESIAN_POINT ( 'NONE',  ( 1.875000000000007500, 0.2000000000000000100, -4.824999999999999300 ) ) ;
#277 = DIRECTION ( 'NONE',  ( 1.000000000000000000, 0.0000000000000000000, -8.068481283613052800E-016 ) ) ;
#278 = LINE ( 'NONE', #3374, #4090 ) ;
#279 = AXIS2_PLACEMENT_3D ( 'NONE', #630, #3986, #5119 ) ;
#280 = DIRECTION ( 'NONE',  ( -1.000000000000000000, 0.0000000000000000000, 0.0000000000000000000 ) ) ;
#281 = ORIENTED_EDGE ( 'NONE', *, *, #2593, .T. ) ;
#282 = EDGE_CURVE ( 'NONE', #4550, #7401, #1731, .T. ) ;
#283 = CYLINDRICAL_SURFACE ( 'NONE', #5519, 0.2000000000000005100 ) ;
#284 = CARTESIAN_POINT ( 'NONE',  ( -20.72499999999999100, 6.442151305867749800, 3.199999999999997500 ) ) ;
#285 = ORIENTED_EDGE ( 'NONE', *, *, #2218, .F. ) ;
#286 = CARTESIAN_POINT ( 'NONE',  ( -6.424999999999996300, 1.500000000000000400, 2.500000000000000000 ) ) ;
#287 = DIRECTION ( 'NONE',  ( 1.000000000000000000, 0.0000000000000000000, 0.0000000000000000000 ) ) ;
#288 = PRODUCT_DEFINITION_FORMATION_WITH_SPECIFIED_SOURCE ( 'ANY', '', #4121, .NOT_KNOWN. ) ;
#289 = CARTESIAN_POINT ( 'NONE',  ( 32.67500000000000400, 0.0000000000000000000, -8.500000000000000000 ) ) ;
#290 = AXIS2_PLACEMENT_3D ( 'NONE', #4117, #7469, #5501 ) ;
#291 = ADVANCED_FACE ( 'NONE', ( #5348 ), #884, .T. ) ;
#292 = UNCERTAINTY_MEASURE_WITH_UNIT (LENGTH_MEASURE( 1.000000000000000100E-005 ), #1234, 'distance_accuracy_value', 'NONE');
#293 = VECTOR ( 'NONE', #6314, 1000.000000000000000 ) ;
#294 = VERTEX_POINT ( 'NONE', #7620 ) ;
#295 = PLANE ( 'NONE',  #1566 ) ;
#296 = PLANE ( 'NONE',  #1056 ) ;
#297 = EDGE_CURVE ( 'NONE', #4383, #8706, #2049, .T. ) ;
#298 = ORIENTED_EDGE ( 'NONE', *, *, #639, .F. ) ;
#299 = DIRECTION ( 'NONE',  ( 0.0000000000000000000, -1.000000000000000000, 2.125886612716674000E-017 ) ) ;
#300 = ORIENTED_EDGE ( 'NONE', *, *, #1932, .T. ) ;
#301 = DIRECTION ( 'NONE',  ( 0.0000000000000000000, 0.0000000000000000000, 1.000000000000000000 ) ) ;
#302 = VERTEX_POINT ( 'NONE', #4890 ) ;
#303 = CIRCLE ( 'NONE', #8179, 0.6000000000000015300 ) ;
#304 = CARTESIAN_POINT ( 'NONE',  ( 0.5750000000000099500, 18.34999999999999800, 9.800000000000004300 ) ) ;
#305 = CARTESIAN_POINT ( 'NONE',  ( -31.90000000000003400, 25.30000000000000100, -3.324999999999666200 ) ) ;
#306 = ORIENTED_EDGE ( 'NONE', *, *, #6793, .F. ) ;
#307 = CIRCLE ( 'NONE', #4694, 0.2000000000000000900 ) ;
#308 = VERTEX_POINT ( 'NONE', #914 ) ;
#309 = CARTESIAN_POINT ( 'NONE',  ( 35.33317554716878600, 7.845308044850334300, -2.688352078543569100 ) ) ;
#310 = DIRECTION ( 'NONE',  ( 0.0000000000000000000, 0.0000000000000000000, -1.000000000000000000 ) ) ;
#311 = CARTESIAN_POINT ( 'NONE',  ( 3.765000000000007700, 18.75000000000000000, -8.800000000000000700 ) ) ;
#312 = DIRECTION ( 'NONE',  ( -0.0000000000000000000, -1.000000000000000000, -0.0000000000000000000 ) ) ;
#313 = AXIS2_PLACEMENT_3D ( 'NONE', #3344, #1301, #474 ) ;
#314 = ORIENTED_EDGE ( 'NONE', *, *, #6002, .F. ) ;
#315 = VECTOR ( 'NONE', #5255, 1000.000000000000000 ) ;
#316 = DIRECTION ( 'NONE',  ( 0.0000000000000000000, 0.0000000000000000000, 1.000000000000000000 ) ) ;
#317 = EDGE_CURVE ( 'NONE', #4534, #8407, #6937, .T. ) ;
#318 = ORIENTED_EDGE ( 'NONE', *, *, #7415, .F. ) ;
#319 = EDGE_CURVE ( 'NONE', #4878, #958, #2475, .T. ) ;
#320 = ORIENTED_EDGE ( 'NONE', *, *, #7898, .T. ) ;
#321 = DIRECTION ( 'NONE',  ( 1.000000000000000000, 0.0000000000000000000, -9.912705577010238600E-015 ) ) ;
#322 = FILL_AREA_STYLE_COLOUR ( '', #3317 ) ;
#323 = ORIENTED_EDGE ( 'NONE', *, *, #2558, .T. ) ;
#324 = CYLINDRICAL_SURFACE ( 'NONE', #4922, 0.9999999999999974500 ) ;
#325 = CARTESIAN_POINT ( 'NONE',  ( -31.89999999999999100, 25.30000000000000100, 0.8750000000003334000 ) ) ;
#326 = DIRECTION ( 'NONE',  ( 0.0000000000000000000, -0.0000000000000000000, -1.000000000000000000 ) ) ;
#327 = EDGE_LOOP ( 'NONE', ( #8466, #5473 ) ) ;
#328 = ORIENTED_EDGE ( 'NONE', *, *, #5115, .F. ) ;
#329 = STYLED_ITEM ( 'NONE', ( #7453 ), #1413 ) ;
#330 = EDGE_LOOP ( 'NONE', ( #4846, #2746, #1475, #1507 ) ) ;
#331 = ORIENTED_EDGE ( 'NONE', *, *, #8405, .T. ) ;
#332 = DIRECTION ( 'NONE',  ( 0.0000000000000000000, -1.000000000000000000, 0.0000000000000000000 ) ) ;
#333 = CARTESIAN_POINT ( 'NONE',  ( -33.12499999999999300, 20.89999999999999900, 5.000000000000000000 ) ) ;
#335 = ADVANCED_FACE ( 'NONE', ( #8003 ), #2214, .F. ) ;
#334 = CARTESIAN_POINT ( 'NONE',  ( 1.275000000000007500, 0.2000000000000000100, 6.499999999999999100 ) ) ;
#336 = EDGE_CURVE ( 'NONE', #8543, #6339, #6085, .T. ) ;
#337 = ORIENTED_EDGE ( 'NONE', *, *, #8519, .T. ) ;
#338 = VECTOR ( 'NONE', #6084, 1000.000000000000000 ) ;
#339 = CARTESIAN_POINT ( 'NONE',  ( -34.12499999999998600, 12.75000000000000200, -6.000000000000000000 ) ) ;
#340 = AXIS2_PLACEMENT_3D ( 'NONE', #7078, #4386, #3714 ) ;
#341 = VECTOR ( 'NONE', #2789, 1000.000000000000000 ) ;
#342 = DIRECTION ( 'NONE',  ( 0.0000000000000000000, -1.000000000000000000, 0.0000000000000000000 ) ) ;
#343 = CARTESIAN_POINT ( 'NONE',  ( -13.82499999999999400, 20.15000000000000200, 5.200000000000001100 ) ) ;
#344 = ORIENTED_EDGE ( 'NONE', *, *, #1018, .F. ) ;
#345 = DIRECTION ( 'NONE',  ( 0.0000000000000000000, 0.0000000000000000000, -1.000000000000000000 ) ) ;
#346 = DIRECTION ( 'NONE',  ( -0.0000000000000000000, 1.000000000000000000, -0.0000000000000000000 ) ) ;
#347 = EDGE_CURVE ( 'NONE', #1590, #1331, #4186, .T. ) ;
#348 = CYLINDRICAL_SURFACE ( 'NONE', #279, 2.149999999999999900 ) ;
#349 = PLANE ( 'NONE',  #2301 ) ;
#350 = ORIENTED_EDGE ( 'NONE', *, *, #1394, .T. ) ;
#351 = CYLINDRICAL_SURFACE ( 'NONE', #7124, 0.3000000000000016500 ) ;
#352 = DIRECTION ( 'NONE',  ( 0.0000000000000000000, -1.000000000000000000, 2.125886612716674000E-017 ) ) ;
#353 = CARTESIAN_POINT ( 'NONE',  ( 30.67500000000000800, 0.0000000000000000000, -6.700000000000000200 ) ) ;
#354 = VECTOR ( 'NONE', #6599, 1000.000000000000000 ) ;
#355 = EDGE_CURVE ( 'NONE', #7438, #7661, #3765, .T. ) ;
#356 = VECTOR ( 'NONE', #3852, 1000.000000000000000 ) ;
#357 = DIRECTION ( 'NONE',  ( 0.0000000000000000000, 0.0000000000000000000, -1.000000000000000000 ) ) ;
#358 = DIRECTION ( 'NONE',  ( 0.0000000000000000000, 0.0000000000000000000, 1.000000000000000000 ) ) ;
#359 = CARTESIAN_POINT ( 'NONE',  ( -8.924999999999997200, 20.25000000000000400, 2.500000000000000000 ) ) ;
#360 = DIRECTION ( 'NONE',  ( -0.0000000000000000000, -1.000000000000000000, -0.0000000000000000000 ) ) ;
#361 = DIRECTION ( 'NONE',  ( 0.0000000000000000000, 0.0000000000000000000, -1.000000000000000000 ) ) ;
#362 = FACE_OUTER_BOUND ( 'NONE', #6980, .T. ) ;
#363 = AXIS2_PLACEMENT_3D ( 'NONE', #1988, #3331, #6732 ) ;
#364 = CARTESIAN_POINT ( 'NONE',  ( -8.924999999999997200, 0.0000000000000000000, 2.299999999999999800 ) ) ;
#365 = LINE ( 'NONE', #85, #994 ) ;
#366 = DIRECTION ( 'NONE',  ( 0.0000000000000000000, -1.000000000000000000, 9.451687981113238900E-017 ) ) ;
#367 = ORIENTED_EDGE ( 'NONE', *, *, #2581, .F. ) ;
#368 = CARTESIAN_POINT ( 'NONE',  ( 1.575000000000007300, 0.6999999999999999600, 6.200000000000000200 ) ) ;
#369 = DIRECTION ( 'NONE',  ( 0.0000000000000000000, 0.0000000000000000000, -1.000000000000000000 ) ) ;
#370 = DIRECTION ( 'NONE',  ( 0.0000000000000000000, 8.340016711426954100E-017, 1.000000000000000000 ) ) ;
#371 = VECTOR ( 'NONE', #8540, 1000.000000000000000 ) ;
#372 = ADVANCED_FACE ( 'NONE', ( #7371 ), #4269, .F. ) ;
#373 = VECTOR ( 'NONE', #3739, 1000.000000000000000 ) ;
#374 = MECHANICAL_DESIGN_GEOMETRIC_PRESENTATION_REPRESENTATION (  '', ( #1158 ), #8430 ) ;
#375 = PLANE ( 'NONE',  #728 ) ;
#376 = CARTESIAN_POINT ( 'NONE',  ( -11.82499999999999200, 7.500000000000000900, 5.200000000000002800 ) ) ;
#377 = CARTESIAN_POINT ( 'NONE',  ( -21.52499999999998800, 1.099999999999999900, -3.500000000000000000 ) ) ;
#378 = FACE_OUTER_BOUND ( 'NONE', #6167, .T. ) ;
#379 = LINE ( 'NONE', #2376, #1007 ) ;
#380 = DIRECTION ( 'NONE',  ( -0.0000000000000000000, -1.000000000000000000, -0.0000000000000000000 ) ) ;
#381 = VECTOR ( 'NONE', #4274, 1000.000000000000000 ) ;
#382 = EDGE_CURVE ( 'NONE', #8191, #2454, #3868, .T. ) ;
#383 = DIRECTION ( 'NONE',  ( -0.0000000000000000000, -1.000000000000000000, -0.0000000000000000000 ) ) ;
#384 = AXIS2_PLACEMENT_3D ( 'NONE', #1026, #6330, #8355 ) ;
#385 = CARTESIAN_POINT ( 'NONE',  ( 30.67500000000000800, 18.44999999999999900, 6.700000000000000200 ) ) ;
#386 = LINE ( 'NONE', #3678, #4201 ) ;
#387 = AXIS2_PLACEMENT_3D ( 'NONE', #2571, #473, #3944 ) ;
#388 = CYLINDRICAL_SURFACE ( 'NONE', #3836, 4.500000000000001800 ) ;
#389 = ORIENTED_EDGE ( 'NONE', *, *, #1044, .T. ) ;
#390 = PLANE ( 'NONE',  #4956 ) ;
#391 = EDGE_CURVE ( 'NONE', #4412, #2836, #266, .T. ) ;
#392 = CARTESIAN_POINT ( 'NONE',  ( 23.76500000000000400, 19.75000000000000000, 0.0000000000000000000 ) ) ;
#393 = ORIENTED_EDGE ( 'NONE', *, *, #5390, .F. ) ;
#394 = FACE_OUTER_BOUND ( 'NONE', #4109, .T. ) ;
#395 = DIRECTION ( 'NONE',  ( -1.000000000000000000, 0.0000000000000000000, -0.0000000000000000000 ) ) ;
#396 = VERTEX_POINT ( 'NONE', #1003 ) ;
#397 = ORIENTED_EDGE ( 'NONE', *, *, #3936, .T. ) ;
#398 = LINE ( 'NONE', #4492, #8460 ) ;
#399 = CARTESIAN_POINT ( 'NONE',  ( -31.89999999999997700, 25.30000000000000100, 2.275000000000333400 ) ) ;
#400 = EDGE_CURVE ( 'NONE', #7088, #8576, #5443, .T. ) ;
#401 = DIRECTION ( 'NONE',  ( 0.0000000000000000000, 0.0000000000000000000, 1.000000000000000000 ) ) ;
#402 = CARTESIAN_POINT ( 'NONE',  ( -21.52499999999998800, 0.09999999999999975600, -3.500000000000000000 ) ) ;
#403 = CARTESIAN_POINT ( 'NONE',  ( -6.624999999999996400, 0.0000000000000000000, 2.500000000000000000 ) ) ;
#404 = VERTEX_POINT ( 'NONE', #2359 ) ;
#405 = VECTOR ( 'NONE', #4585, 1000.000000000000000 ) ;
#406 = CARTESIAN_POINT ( 'NONE',  ( -9.695366879089197800, 1.500000000000000400, 2.500000000000000900 ) ) ;
#407 = CARTESIAN_POINT ( 'NONE',  ( 25.73159604392972000, 19.75000000000000000, 1.849999999999999400 ) ) ;
#408 = CLOSED_SHELL ( 'NONE', ( #4321, #6683, #7490, #6277, #5742, #4185, #8018, #4406, #1771, #1115, #8109, #1218, #6499, #4198, #1875, #3338, #1557, #2678, #633, #4903, #6233, #6669, #3260, #6190, #4665, #6411, #2772, #1249, #4144, #153, #4748, #6451, #5963, #3668, #7522, #3213, #5565, #814, #7446, #3470, #2594, #587, #4486, #2130, #7034, #7982, #2084, #8050, #1298, #8416, #6771, #8273, #6103, #6061, #252, #62, #1426, #3204, #2801, #7565, #188, #5377, #4581, #6947, #1341, #7971, #5613, #1604, #3575, #2997, #7755, #2142, #5520, #3892, #8643, #6049, #7347, #8194, #6179, #6624, #690, #5659, #3563, #8137, #8331, #109, #3797, #805, #96, #7791, #3383, #8373, #5424, #2309, #1727, #5260, #7267, #4014, #8783, #2945, #4944, #14, #5879, #7915, #5215, #1920, #4533, #6713, #1209, #6367, #6762, #5864, #2451, #8009, #1418, #291, #4231, #6848, #469, #1161, #8241, #2357, #7929, #5913, #3755, #8230, #2552, #6537, #2625, #4856, #6936, #8650, #8597, #7828, #3300, #8148, #2169, #1458, #4803, #4988, #2543, #552, #2094, #8095, #646, #856, #1865, #3115, #7359, #3442, #4023, #7400, #7618, #8542, #3033, #1949, #6136, #1330, #3974, #4842, #4624, #4815, #2633, #2268, #3429, #5164, #4674, #7674, #5226, #737, #1385, #1638, #1683, #6269, #4219, #3929, #4448, #1374, #5821, #3520, #51, #3478, #5459, #4762, #4108, #4895, #6221, #6985, #3350, #5472, #8199, #3844, #196, #7880, #1826 ) ) ;
#410 = ADVANCED_FACE ( 'NONE', ( #1941 ), #2590, .T. ) ;
#409 = DIRECTION ( 'NONE',  ( -0.0000000000000000000, 1.000000000000000000, -0.0000000000000000000 ) ) ;
#411 = CARTESIAN_POINT ( 'NONE',  ( -29.52499999999998800, 25.89999999999999900, -4.600000000000000500 ) ) ;
#412 = EDGE_CURVE ( 'NONE', #5835, #7210, #5664, .T. ) ;
#413 = ORIENTED_EDGE ( 'NONE', *, *, #1406, .F. ) ;
#414 = CARTESIAN_POINT ( 'NONE',  ( 1.275000000000007500, 0.2000000000000000100, 4.824999999999999300 ) ) ;
#415 = EDGE_LOOP ( 'NONE', ( #2873, #7399, #3393 ) ) ;
#416 = CIRCLE ( 'NONE', #4464, 1.000000000000000400 ) ;
#417 = DIRECTION ( 'NONE',  ( -0.0000000000000000000, 1.000000000000000000, -0.0000000000000000000 ) ) ;
#418 = EDGE_LOOP ( 'NONE', ( #7432, #6337, #7149, #7135 ) ) ;
#419 = AXIS2_PLACEMENT_3D ( 'NONE', #7981, #3321, #2579 ) ;
#420 = ORIENTED_EDGE ( 'NONE', *, *, #6767, .F. ) ;
#421 = DIRECTION ( 'NONE',  ( -1.000000000000000000, 0.0000000000000000000, 0.0000000000000000000 ) ) ;
#422 = VERTEX_POINT ( 'NONE', #5743 ) ;
#423 = AXIS2_PLACEMENT_3D ( 'NONE', #5117, #5747, #7106 ) ;
#424 = EDGE_LOOP ( 'NONE', ( #2079, #1938, #3054, #4739 ) ) ;
#425 = LINE ( 'NONE', #664, #2317 ) ;
#426 = ORIENTED_EDGE ( 'NONE', *, *, #4316, .T. ) ;
#427 = VERTEX_POINT ( 'NONE', #8472 ) ;
#428 = PRESENTATION_STYLE_ASSIGNMENT (( #3244 ) ) ;
#429 = LINE ( 'NONE', #258, #7435 ) ;
#430 = EDGE_CURVE ( 'NONE', #6865, #1643, #3658, .T. ) ;
#431 = ORIENTED_EDGE ( 'NONE', *, *, #4196, .T. ) ;
#432 = DIRECTION ( 'NONE',  ( -0.0000000000000000000, -1.000000000000000000, 0.0000000000000000000 ) ) ;
#433 = CARTESIAN_POINT ( 'NONE',  ( -29.12499999999998900, 25.89999999999999900, -5.000000000000000900 ) ) ;
#434 = ORIENTED_EDGE ( 'NONE', *, *, #6185, .T. ) ;
#435 = CARTESIAN_POINT ( 'NONE',  ( 25.73159604392972000, 27.40000000000000200, 1.849999999999999400 ) ) ;
#436 = CARTESIAN_POINT ( 'NONE',  ( -8.924999999999997200, 20.30358983848622900, -2.300000000000000300 ) ) ;
#437 = AXIS2_PLACEMENT_3D ( 'NONE', #7544, #6803, #2075 ) ;
#438 = ORIENTED_EDGE ( 'NONE', *, *, #2218, .T. ) ;
#439 = CIRCLE ( 'NONE', #7813, 0.3000000000000016500 ) ;
#440 = VECTOR ( 'NONE', #8178, 1000.000000000000000 ) ;
#441 = ORIENTED_EDGE ( 'NONE', *, *, #804, .T. ) ;
#442 = CARTESIAN_POINT ( 'NONE',  ( -9.560085296108585600, 1.500000000000000400, -2.500000000000000000 ) ) ;
#443 = CARTESIAN_POINT ( 'NONE',  ( -11.82499999999999200, 12.75000000000000200, -5.200000000000001100 ) ) ;
#444 = DIRECTION ( 'NONE',  ( 0.0000000000000000000, 0.0000000000000000000, -1.000000000000000000 ) ) ;
#445 = EDGE_CURVE ( 'NONE', #5583, #2973, #6192, .T. ) ;
#446 = CARTESIAN_POINT ( 'NONE',  ( -33.12499999999999300, 20.89999999999999900, 5.000000000000000000 ) ) ;
#447 = VECTOR ( 'NONE', #2302, 1000.000000000000000 ) ;
#448 = VERTEX_POINT ( 'NONE', #1760 ) ;
#449 = LINE ( 'NONE', #5311, #7450 ) ;
#450 = CARTESIAN_POINT ( 'NONE',  ( 23.76500000000000400, 19.75000000000000000, 0.0000000000000000000 ) ) ;
#451 = CARTESIAN_POINT ( 'NONE',  ( 0.0000000000000000000, 20.89999999999999900, 0.0000000000000000000 ) ) ;
#452 = EDGE_CURVE ( 'NONE', #3614, #6757, #2370, .T. ) ;
#453 = AXIS2_PLACEMENT_3D ( 'NONE', #4865, #3539, #8277 ) ;
#454 = DIRECTION ( 'NONE',  ( 0.5000000000000007800, 0.8660254037844381500, 0.0000000000000000000 ) ) ;
#455 = CARTESIAN_POINT ( 'NONE',  ( 35.17500000000001800, 11.27500000000000000, 3.100000000000000100 ) ) ;
#456 = CARTESIAN_POINT ( 'NONE',  ( 1.875000000000007500, 0.6000000000000000900, 6.499999999999999100 ) ) ;
#457 = LINE ( 'NONE', #5585, #8627 ) ;
#458 = CARTESIAN_POINT ( 'NONE',  ( -11.82499999999999200, 7.500000000000000900, 5.200000000000002800 ) ) ;
#459 = VECTOR ( 'NONE', #2852, 1000.000000000000000 ) ;
#460 = EDGE_CURVE ( 'NONE', #6001, #3043, #5341, .T. ) ;
#461 = ADVANCED_FACE ( 'NONE', ( #8320 ), #7845, .F. ) ;
#462 = CARTESIAN_POINT ( 'NONE',  ( -6.624999999999996400, 1.500000000000000400, -2.500000000000000000 ) ) ;
#463 = FACE_OUTER_BOUND ( 'NONE', #2337, .T. ) ;
#464 = DIRECTION ( 'NONE',  ( 0.0000000000000000000, 0.0000000000000000000, -1.000000000000000000 ) ) ;
#465 = CARTESIAN_POINT ( 'NONE',  ( 1.575000000000007300, 0.6999999999999999600, 4.049999999999999800 ) ) ;
#466 = FACE_OUTER_BOUND ( 'NONE', #8666, .T. ) ;
#467 = PLANE ( 'NONE',  #3723 ) ;
#468 = ORIENTED_EDGE ( 'NONE', *, *, #7779, .F. ) ;
#469 = ADVANCED_FACE ( 'NONE', ( #1722 ), #5555, .T. ) ;
#470 = DIRECTION ( 'NONE',  ( 0.0000000000000000000, 0.0000000000000000000, 1.000000000000000000 ) ) ;
#471 = LINE ( 'NONE', #7949, #371 ) ;
#472 = CARTESIAN_POINT ( 'NONE',  ( 1.575000000000007300, 0.1999999999999999800, 6.200000000000000200 ) ) ;
#473 = DIRECTION ( 'NONE',  ( 0.0000000000000000000, 1.000000000000000000, 0.0000000000000000000 ) ) ;
#474 = DIRECTION ( 'NONE',  ( 0.0000000000000000000, 0.0000000000000000000, -1.000000000000000000 ) ) ;
#475 = DIRECTION ( 'NONE',  ( 0.0000000000000000000, -0.0000000000000000000, 1.000000000000000000 ) ) ;
#476 = LINE ( 'NONE', #2478, #1522 ) ;
#477 = EDGE_CURVE ( 'NONE', #396, #4119, #7145, .T. ) ;
#478 = VERTEX_POINT ( 'NONE', #3392 ) ;
#479 = CARTESIAN_POINT ( 'NONE',  ( -31.54999999999997900, 25.30000000000000100, 1.925000000000330400 ) ) ;
#480 = AXIS2_PLACEMENT_3D ( 'NONE', #6768, #4685, #8795 ) ;
#481 = VECTOR ( 'NONE', #3644, 1000.000000000000000 ) ;
#482 = CARTESIAN_POINT ( 'NONE',  ( 1.875000000000007500, 0.6000000000000000900, 4.824999999999999300 ) ) ;
#483 = VECTOR ( 'NONE', #6115, 1000.000000000000000 ) ;
#484 = CIRCLE ( 'NONE', #5915, 1.900000000000000600 ) ;
#485 = CARTESIAN_POINT ( 'NONE',  ( 23.76500000000000400, -7.649999999999999500, -1.250000000000001100 ) ) ;
#486 = PLANE ( 'NONE',  #574 ) ;
#487 = CARTESIAN_POINT ( 'NONE',  ( -13.82499999999999400, 0.1000000000000002600, 5.200000000000001100 ) ) ;
#488 = EDGE_LOOP ( 'NONE', ( #4986, #5165, #3075, #5094 ) ) ;
#489 = LINE ( 'NONE', #7783, #8224 ) ;
#490 = AXIS2_PLACEMENT_3D ( 'NONE', #5620, #1547, #3548 ) ;
#491 = CIRCLE ( 'NONE', #2573, 7.399999999999997700 ) ;
#492 = ORIENTED_EDGE ( 'NONE', *, *, #6749, .F. ) ;
#493 = AXIS2_PLACEMENT_3D ( 'NONE', #2910, #253, #2935 ) ;
#494 = CARTESIAN_POINT ( 'NONE',  ( -39.97500000000000100, 9.229210492142396300, 9.600000000000001400 ) ) ;
#495 = CARTESIAN_POINT ( 'NONE',  ( 16.61500000000000600, 0.0000000000000000000, 9.750000000000000000 ) ) ;
#496 = CARTESIAN_POINT ( 'NONE',  ( -6.424999999999996300, -1.570000000000000100, 2.500000000000000000 ) ) ;
#497 = EDGE_CURVE ( 'NONE', #4033, #4555, #7581, .T. ) ;
#498 = CARTESIAN_POINT ( 'NONE',  ( 35.67500000000001100, 7.974999999999999600, -3.100000000000000500 ) ) ;
#499 = EDGE_CURVE ( 'NONE', #2546, #1363, #2914, .T. ) ;
#500 = LINE ( 'NONE', #1403, #2182 ) ;
#501 = ORIENTED_EDGE ( 'NONE', *, *, #2862, .T. ) ;
#502 = CARTESIAN_POINT ( 'NONE',  ( -6.424999999999996300, 21.82000000000000700, -2.300000000000000300 ) ) ;
#503 = CARTESIAN_POINT ( 'NONE',  ( -26.62499999999998900, 6.442151305867749800, -3.199999999999997100 ) ) ;
#504 = CARTESIAN_POINT ( 'NONE',  ( 21.79840395607028800, 27.40000000000000200, -1.850000000000000800 ) ) ;
#505 = ADVANCED_FACE ( 'NONE', ( #5762 ), #7427, .T. ) ;
#506 = DIRECTION ( 'NONE',  ( -0.0000000000000000000, -1.000000000000000000, -0.0000000000000000000 ) ) ;
#507 = ORIENTED_EDGE ( 'NONE', *, *, #2954, .T. ) ;
#508 = AXIS2_PLACEMENT_3D ( 'NONE', #708, #8049, #4691 ) ;
#509 = ORIENTED_EDGE ( 'NONE', *, *, #5939, .T. ) ;
#510 = VECTOR ( 'NONE', #1206, 1000.000000000000000 ) ;
#511 = ORIENTED_EDGE ( 'NONE', *, *, #2089, .T. ) ;
#512 = PLANE ( 'NONE',  #3896 ) ;
#513 = EDGE_CURVE ( 'NONE', #6384, #6001, #3977, .T. ) ;
#514 = DIRECTION ( 'NONE',  ( 0.0000000000000000000, 0.0000000000000000000, -1.000000000000000000 ) ) ;
#515 = DIRECTION ( 'NONE',  ( 1.000000000000000000, 0.0000000000000000000, 0.0000000000000000000 ) ) ;
#516 = ADVANCED_FACE ( 'NONE', ( #1835 ), #8164, .T. ) ;
#517 = ORIENTED_EDGE ( 'NONE', *, *, #2719, .F. ) ;
#518 = VECTOR ( 'NONE', #2188, 1000.000000000000000 ) ;
#519 = CARTESIAN_POINT ( 'NONE',  ( -34.12499999999998600, 12.75000000000000400, 6.000000000000000900 ) ) ;
#520 = EDGE_LOOP ( 'NONE', ( #7100, #4848, #5578, #7441 ) ) ;
#521 = ORIENTED_EDGE ( 'NONE', *, *, #5584, .T. ) ;
#522 = CARTESIAN_POINT ( 'NONE',  ( -26.62499999999998600, 6.442151305867749800, 5.200000000000002000 ) ) ;
#523 = EDGE_LOOP ( 'NONE', ( #5, #3166, #5602, #4839 ) ) ;
#524 = EDGE_CURVE ( 'NONE', #3202, #6856, #4282, .T. ) ;
#525 =( NAMED_UNIT ( * ) PLANE_ANGLE_UNIT ( ) SI_UNIT ( $, .RADIAN. ) );
#526 = LINE ( 'NONE', #3846, #5599 ) ;
#527 = ORIENTED_EDGE ( 'NONE', *, *, #6767, .T. ) ;
#528 = VERTEX_POINT ( 'NONE', #3474 ) ;
#529 = ORIENTED_EDGE ( 'NONE', *, *, #214, .F. ) ;
#530 = VERTEX_POINT ( 'NONE', #4055 ) ;
#531 = FACE_OUTER_BOUND ( 'NONE', #7219, .T. ) ;
#532 = AXIS2_PLACEMENT_3D ( 'NONE', #3423, #677, #4738 ) ;
#533 = CARTESIAN_POINT ( 'NONE',  ( -34.12499999999999300, 20.15000000000000200, -4.499999999999988500 ) ) ;
#534 = VERTEX_POINT ( 'NONE', #3453 ) ;
#535 = ORIENTED_EDGE ( 'NONE', *, *, #2447, .T. ) ;
#536 = VERTEX_POINT ( 'NONE', #7458 ) ;
#537 = ORIENTED_EDGE ( 'NONE', *, *, #6957, .T. ) ;
#538 = EDGE_LOOP ( 'NONE', ( #7552, #529, #6611, #4864 ) ) ;
#539 = ORIENTED_EDGE ( 'NONE', *, *, #7760, .F. ) ;
#540 =( NAMED_UNIT ( * ) SI_UNIT ( $, .STERADIAN. ) SOLID_ANGLE_UNIT ( ) );
#541 = DIRECTION ( 'NONE',  ( 0.0000000000000000000, 0.0000000000000000000, 1.000000000000000000 ) ) ;
#542 = AXIS2_PLACEMENT_3D ( 'NONE', #6918, #2796, #4780 ) ;
#543 = CARTESIAN_POINT ( 'NONE',  ( 39.97500000000000100, 7.974999999999999600, 1.900000000000000100 ) ) ;
#544 = EDGE_LOOP ( 'NONE', ( #5524, #1165, #7655, #3405 ) ) ;
#545 = VECTOR ( 'NONE', #4627, 1000.000000000000100 ) ;
#546 = FACE_OUTER_BOUND ( 'NONE', #4331, .T. ) ;
#547 = CARTESIAN_POINT ( 'NONE',  ( 35.33318296233500200, 7.845314616164762000, 2.688344417323499600 ) ) ;
#548 = CARTESIAN_POINT ( 'NONE',  ( -31.90000000000003400, 21.30000000000000100, -3.324999999999666200 ) ) ;
#549 = AXIS2_PLACEMENT_3D ( 'NONE', #1038, #287, #1708 ) ;
#550 = VERTEX_POINT ( 'NONE', #4134 ) ;
#551 = EDGE_LOOP ( 'NONE', ( #5286, #5828, #3403, #7857 ) ) ;
#552 = ADVANCED_FACE ( 'NONE', ( #4919 ), #686, .T. ) ;
#553 = LINE ( 'NONE', #8265, #5313 ) ;
#554 = EDGE_CURVE ( 'NONE', #2226, #1687, #3547, .T. ) ;
#555 = CARTESIAN_POINT ( 'NONE',  ( 1.275000000000007500, 0.2000000000000000100, -7.574999999999999300 ) ) ;
#556 = ORIENTED_EDGE ( 'NONE', *, *, #7415, .T. ) ;
#557 = ORIENTED_EDGE ( 'NONE', *, *, #1006, .F. ) ;
#558 = DIRECTION ( 'NONE',  ( -0.0000000000000000000, 0.0000000000000000000, 1.000000000000000000 ) ) ;
#559 = FACE_OUTER_BOUND ( 'NONE', #1455, .T. ) ;
#560 = FILL_AREA_STYLE_COLOUR ( '', #3511 ) ;
#561 = ORIENTED_EDGE ( 'NONE', *, *, #4501, .T. ) ;
#562 = AXIS2_PLACEMENT_3D ( 'NONE', #8479, #1124, #2366 ) ;
#563 = DIRECTION ( 'NONE',  ( 0.0000000000000000000, 0.0000000000000000000, -1.000000000000000000 ) ) ;
#564 = AXIS2_PLACEMENT_3D ( 'NONE', #8216, #698, #3449 ) ;
#565 = ADVANCED_FACE ( 'NONE', ( #7688 ), #4710, .F. ) ;
#566 = CYLINDRICAL_SURFACE ( 'NONE', #8791, 0.2999999999999999300 ) ;
#567 = CARTESIAN_POINT ( 'NONE',  ( -8.778589838486221100, 20.10358983848622900, -2.299999999999999800 ) ) ;
#568 = ORIENTED_EDGE ( 'NONE', *, *, #4769, .F. ) ;
#569 = CIRCLE ( 'NONE', #1550, 0.3999999999999993000 ) ;
#570 = CARTESIAN_POINT ( 'NONE',  ( -34.12499999999998600, 7.500000000000000000, -5.200000000000000200 ) ) ;
#571 = EDGE_CURVE ( 'NONE', #5314, #8376, #7468, .T. ) ;
#572 = LINE ( 'NONE', #8563, #5231 ) ;
#573 = VECTOR ( 'NONE', #3777, 1000.000000000000000 ) ;
#574 = AXIS2_PLACEMENT_3D ( 'NONE', #5796, #3806, #5833 ) ;
#575 = CARTESIAN_POINT ( 'NONE',  ( 32.67500000000000400, 0.6999999999999999600, -8.500000000000000000 ) ) ;
#576 = PLANE ( 'NONE',  #6494 ) ;
#577 = DIRECTION ( 'NONE',  ( 0.0000000000000000000, 0.0000000000000000000, 1.000000000000000000 ) ) ;
#578 = CYLINDRICAL_SURFACE ( 'NONE', #5531, 0.2000000000000000900 ) ;
#579 = EDGE_CURVE ( 'NONE', #3538, #8445, #582, .T. ) ;
#580 = FACE_OUTER_BOUND ( 'NONE', #2711, .T. ) ;
#581 = CARTESIAN_POINT ( 'NONE',  ( 23.76500000000000400, 27.40000000000000200, 0.0000000000000000000 ) ) ;
#582 = LINE ( 'NONE', #3663, #46 ) ;
#583 = DIRECTION ( 'NONE',  ( 1.000000000000000000, 0.0000000000000000000, -0.0000000000000000000 ) ) ;
#584 = FACE_OUTER_BOUND ( 'NONE', #8274, .T. ) ;
#585 = PLANE ( 'NONE',  #8117 ) ;
#586 = CARTESIAN_POINT ( 'NONE',  ( 1.275000000000007500, 0.6000000000000000900, 5.899999999999997700 ) ) ;
#587 = ADVANCED_FACE ( 'NONE', ( #4390, #794, #6719 ), #7722, .F. ) ;
#588 = CYLINDRICAL_SURFACE ( 'NONE', #423, 2.700000000000001100 ) ;
#589 = LINE ( 'NONE', #2284, #8433 ) ;
#590 = VECTOR ( 'NONE', #7600, 1000.000000000000000 ) ;
#591 = ORIENTED_EDGE ( 'NONE', *, *, #1351, .T. ) ;
#592 = EDGE_CURVE ( 'NONE', #1042, #7942, #7787, .T. ) ;
#593 = DIRECTION ( 'NONE',  ( 0.0000000000000000000, 0.0000000000000000000, -1.000000000000000000 ) ) ;
#594 = DIRECTION ( 'NONE',  ( 1.982541115402067600E-014, -0.0000000000000000000, 1.000000000000000000 ) ) ;
#595 = CARTESIAN_POINT ( 'NONE',  ( 30.67500000000000800, 0.3000000000000016500, -10.90000000000000200 ) ) ;
#596 = VECTOR ( 'NONE', #5189, 1000.000000000000000 ) ;
#598 = ADVANCED_FACE ( 'NONE', ( #3112 ), #6508, .T. ) ;
#597 = CARTESIAN_POINT ( 'NONE',  ( 32.67500000000000400, 18.55000000000000100, 9.499999999999998200 ) ) ;
#599 = DIRECTION ( 'NONE',  ( -1.000000000000000000, 0.0000000000000000000, 0.0000000000000000000 ) ) ;
#600 = EDGE_CURVE ( 'NONE', #1075, #550, #5978, .T. ) ;
#601 = ORIENTED_EDGE ( 'NONE', *, *, #6929, .T. ) ;
#602 = CARTESIAN_POINT ( 'NONE',  ( 35.21138127703676400, 7.700709743810999300, 2.853049824449518400 ) ) ;
#603 = CARTESIAN_POINT ( 'NONE',  ( -8.924999999999997200, 0.0000000000000000000, 2.500000000000000000 ) ) ;
#604 = ORIENTED_EDGE ( 'NONE', *, *, #878, .F. ) ;
#605 = PRESENTATION_LAYER_ASSIGNMENT (  '', '', ( #5470 ) ) ;
#606 = ORIENTED_EDGE ( 'NONE', *, *, #2120, .F. ) ;
#607 = FACE_OUTER_BOUND ( 'NONE', #5177, .T. ) ;
#608 = AXIS2_PLACEMENT_3D ( 'NONE', #4844, #7582, #795 ) ;
#609 = CARTESIAN_POINT ( 'NONE',  ( -39.97500000000000100, 16.72320809022047400, 6.000000000000000000 ) ) ;
#610 = VERTEX_POINT ( 'NONE', #3167 ) ;
#611 = DIRECTION ( 'NONE',  ( 0.0000000000000000000, 0.0000000000000000000, 1.000000000000000000 ) ) ;
#612 = ORIENTED_EDGE ( 'NONE', *, *, #7716, .T. ) ;
#613 = EDGE_CURVE ( 'NONE', #4876, #4880, #4484, .T. ) ;
#614 = ORIENTED_EDGE ( 'NONE', *, *, #4102, .T. ) ;
#615 = FACE_OUTER_BOUND ( 'NONE', #415, .T. ) ;
#616 = DIRECTION ( 'NONE',  ( -0.0000000000000000000, 0.0000000000000000000, -1.000000000000000000 ) ) ;
#617 = ORIENTED_EDGE ( 'NONE', *, *, #3560, .F. ) ;
#618 = CARTESIAN_POINT ( 'NONE',  ( -0.8249999999999924100, 18.44999999999999900, -10.90000000000000000 ) ) ;
#619 = AXIS2_PLACEMENT_3D ( 'NONE', #3508, #7666, #190 ) ;
#620 = PLANE ( 'NONE',  #4952 ) ;
#621 = ORIENTED_EDGE ( 'NONE', *, *, #3464, .T. ) ;
#622 = SPHERICAL_SURFACE ( 'NONE', #1806, 0.2000000000000000100 ) ;
#623 = CARTESIAN_POINT ( 'NONE',  ( 16.61500000000000600, 0.6999999999999999600, 9.750000000000000000 ) ) ;
#624 = EDGE_CURVE ( 'NONE', #1784, #8073, #471, .T. ) ;
#625 = CARTESIAN_POINT ( 'NONE',  ( -8.724999999999996100, 20.30358983848622900, 2.299999999999999800 ) ) ;
#626 = VERTEX_POINT ( 'NONE', #7888 ) ;
#627 = DIRECTION ( 'NONE',  ( 0.0000000000000000000, -1.000000000000000000, 0.0000000000000000000 ) ) ;
#628 = DIRECTION ( 'NONE',  ( 0.0000000000000000000, 0.0000000000000000000, 1.000000000000000000 ) ) ;
#629 = DIRECTION ( 'NONE',  ( -0.0000000000000000000, 1.000000000000000000, -0.0000000000000000000 ) ) ;
#630 = CARTESIAN_POINT ( 'NONE',  ( 1.575000000000008800, 0.6999999999999999600, -6.200000000000000200 ) ) ;
#631 = ORIENTED_EDGE ( 'NONE', *, *, #5061, .T. ) ;
#632 = LINE ( 'NONE', #7643, #5183 ) ;
#633 = ADVANCED_FACE ( 'NONE', ( #2904 ), #8746, .F. ) ;
#634 = EDGE_LOOP ( 'NONE', ( #4454, #8038, #80, #891, #1316, #2415, #248, #4435 ) ) ;
#635 = EDGE_CURVE ( 'NONE', #121, #8589, #1308, .T. ) ;
#636 = VERTEX_POINT ( 'NONE', #487 ) ;
#637 = CARTESIAN_POINT ( 'NONE',  ( -17.32499999999998500, 20.15000000000000200, 3.500000000000000000 ) ) ;
#638 = EDGE_LOOP ( 'NONE', ( #8432, #1576, #6761, #7639 ) ) ;
#639 = EDGE_CURVE ( 'NONE', #6681, #5100, #1621, .T. ) ;
#640 = EDGE_LOOP ( 'NONE', ( #6364, #7332, #2312, #863, #755, #931 ) ) ;
#641 = DIRECTION ( 'NONE',  ( -1.000000000000000000, 0.0000000000000000000, 0.0000000000000000000 ) ) ;
#642 = ORIENTED_EDGE ( 'NONE', *, *, #8184, .T. ) ;
#643 = CIRCLE ( 'NONE', #829, 7.400000000000001200 ) ;
#644 = DIRECTION ( 'NONE',  ( -0.0000000000000000000, -0.0000000000000000000, 1.000000000000000000 ) ) ;
#645 = ORIENTED_EDGE ( 'NONE', *, *, #6477, .F. ) ;
#646 = ADVANCED_FACE ( 'NONE', ( #7037 ), #578, .T. ) ;
#647 = ORIENTED_EDGE ( 'NONE', *, *, #8678, .F. ) ;
#648 = LINE ( 'NONE', #274, #7434 ) ;
#649 = LINE ( 'NONE', #2916, #3617 ) ;
#650 = DIRECTION ( 'NONE',  ( 0.0000000000000000000, 0.0000000000000000000, -1.000000000000000000 ) ) ;
#651 = ORIENTED_EDGE ( 'NONE', *, *, #3358, .T. ) ;
#652 = ORIENTED_EDGE ( 'NONE', *, *, #787, .F. ) ;
#653 = ORIENTED_EDGE ( 'NONE', *, *, #996, .F. ) ;
#654 = AXIS2_PLACEMENT_3D ( 'NONE', #3391, #6141, #2683 ) ;
#655 = DIRECTION ( 'NONE',  ( 1.000000000000000000, 0.0000000000000000000, 0.0000000000000000000 ) ) ;
#656 = CYLINDRICAL_SURFACE ( 'NONE', #562, 0.2000000000000000900 ) ;
#657 = DIRECTION ( 'NONE',  ( -1.000000000000000000, 0.0000000000000000000, 1.982541115402067900E-014 ) ) ;
#658 = ORIENTED_EDGE ( 'NONE', *, *, #497, .T. ) ;
#659 = LINE ( 'NONE', #2907, #3409 ) ;
#660 = FACE_OUTER_BOUND ( 'NONE', #4963, .T. ) ;
#661 = ORIENTED_EDGE ( 'NONE', *, *, #2181, .T. ) ;
#662 =( NAMED_UNIT ( * ) PLANE_ANGLE_UNIT ( ) SI_UNIT ( $, .RADIAN. ) );
#663 = AXIS2_PLACEMENT_3D ( 'NONE', #8731, #1947, #1922 ) ;
#664 = CARTESIAN_POINT ( 'NONE',  ( -31.90000000000002000, 25.30000000000000100, -1.924999999999666300 ) ) ;
#665 = DIRECTION ( 'NONE',  ( -1.000000000000000000, 0.0000000000000000000, 8.068481283613053800E-016 ) ) ;
#666 = LINE ( 'NONE', #2420, #2239 ) ;
#667 = CARTESIAN_POINT ( 'NONE',  ( -34.12499999999998600, 12.75000000000000400, 5.200000000000002000 ) ) ;
#668 = ORIENTED_EDGE ( 'NONE', *, *, #4863, .F. ) ;
#669 = VECTOR ( 'NONE', #8614, 1000.000000000000000 ) ;
#670 = VERTEX_POINT ( 'NONE', #4701 ) ;
#671 = EDGE_CURVE ( 'NONE', #4979, #3599, #6928, .T. ) ;
#672 = UNCERTAINTY_MEASURE_WITH_UNIT (LENGTH_MEASURE( 1.000000000000000100E-005 ), #6617, 'distance_accuracy_value', 'NONE');
#673 = EDGE_CURVE ( 'NONE', #1331, #1590, #1095, .T. ) ;
#674 = CIRCLE ( 'NONE', #1904, 7.400000000000000400 ) ;
#675 = PLANE ( 'NONE',  #1956 ) ;
#676 = CARTESIAN_POINT ( 'NONE',  ( -29.12499999999998900, 20.89999999999999900, 5.000000000000001800 ) ) ;
#677 = DIRECTION ( 'NONE',  ( 6.672013369141588900E-016, 0.0000000000000000000, -1.000000000000000000 ) ) ;
#678 = VECTOR ( 'NONE', #3867, 1000.000000000000000 ) ;
#679 = AXIS2_PLACEMENT_3D ( 'NONE', #1393, #41, #4772 ) ;
#680 = VECTOR ( 'NONE', #1210, 1000.000000000000000 ) ;
#681 = CARTESIAN_POINT ( 'NONE',  ( -25.12499999999998900, 18.55000000000000100, 3.499999999999996900 ) ) ;
#682 = ADVANCED_FACE ( 'NONE', ( #7573 ), #6636, .T. ) ;
#683 = VECTOR ( 'NONE', #7648, 1000.000000000000000 ) ;
#684 = EDGE_CURVE ( 'NONE', #1186, #6326, #3972, .T. ) ;
#685 = ORIENTED_EDGE ( 'NONE', *, *, #8307, .F. ) ;
#686 = SPHERICAL_SURFACE ( 'NONE', #7243, 0.2000000000000000100 ) ;
#687 = PRESENTATION_LAYER_ASSIGNMENT (  '', '', ( #238 ) ) ;
#688 = FACE_OUTER_BOUND ( 'NONE', #7930, .T. ) ;
#690 = ADVANCED_FACE ( 'NONE', ( #362 ), #4911, .F. ) ;
#689 = DIRECTION ( 'NONE',  ( 0.0000000000000000000, -1.000000000000000000, 0.0000000000000000000 ) ) ;
#691 = DIRECTION ( 'NONE',  ( 0.0000000000000000000, 0.0000000000000000000, -1.000000000000000000 ) ) ;
#692 = CARTESIAN_POINT ( 'NONE',  ( 1.275000000000007500, 0.6000000000000000900, -6.499999999999999100 ) ) ;
#693 = ORIENTED_EDGE ( 'NONE', *, *, #5261, .T. ) ;
#694 = EDGE_CURVE ( 'NONE', #3803, #7718, #3217, .T. ) ;
#695 = FACE_OUTER_BOUND ( 'NONE', #7097, .T. ) ;
#696 = EDGE_CURVE ( 'NONE', #8290, #3516, #8641, .T. ) ;
#697 = LINE ( 'NONE', #6020, #8771 ) ;
#698 = DIRECTION ( 'NONE',  ( 0.0000000000000000000, -1.000000000000000000, 0.0000000000000000000 ) ) ;
#699 = LINE ( 'NONE', #6698, #898 ) ;
#700 = CARTESIAN_POINT ( 'NONE',  ( -6.624999999999996400, 21.82000000000000700, 2.299999999999999800 ) ) ;
#701 = CARTESIAN_POINT ( 'NONE',  ( 1.275000000000007500, 0.2000000000000000100, -4.824999999999999300 ) ) ;
#702 = CARTESIAN_POINT ( 'NONE',  ( -8.724999999999996100, -1.570000000000000100, 2.299999999999999800 ) ) ;
#703 = CARTESIAN_POINT ( 'NONE',  ( 23.76500000000000400, -8.650000000000000400, 0.0000000000000000000 ) ) ;
#704 = ORIENTED_EDGE ( 'NONE', *, *, #6300, .T. ) ;
#705 = FACE_OUTER_BOUND ( 'NONE', #2231, .T. ) ;
#706 = VECTOR ( 'NONE', #7029, 1000.000000000000000 ) ;
#707 = ORIENTED_EDGE ( 'NONE', *, *, #1139, .T. ) ;
#708 = CARTESIAN_POINT ( 'NONE',  ( 12.76500000000000600, -1.770000000000000000, 0.0000000000000000000 ) ) ;
#709 = DIRECTION ( 'NONE',  ( -1.000000000000000000, 0.0000000000000000000, 0.0000000000000000000 ) ) ;
#710 = EDGE_LOOP ( 'NONE', ( #5262, #956, #6490, #4851 ) ) ;
#711 = LINE ( 'NONE', #6651, #6004 ) ;
#712 = DIRECTION ( 'NONE',  ( 0.0000000000000000000, 0.0000000000000000000, -1.000000000000000000 ) ) ;
#713 = ORIENTED_EDGE ( 'NONE', *, *, #4363, .F. ) ;
#714 = AXIS2_PLACEMENT_3D ( 'NONE', #3322, #5333, #691 ) ;
#715 = ORIENTED_EDGE ( 'NONE', *, *, #3873, .F. ) ;
#716 = CARTESIAN_POINT ( 'NONE',  ( -16.02499999999999100, 28.80000000000000100, 4.500000000000000900 ) ) ;
#717 = DIRECTION ( 'NONE',  ( 0.0000000000000000000, -1.000000000000000000, 0.0000000000000000000 ) ) ;
#718 = DIRECTION ( 'NONE',  ( -1.000000000000000000, 0.0000000000000000000, 0.0000000000000000000 ) ) ;
#719 = ORIENTED_EDGE ( 'NONE', *, *, #3649, .F. ) ;
#720 = EDGE_CURVE ( 'NONE', #3900, #4250, #5017, .T. ) ;
#721 = FACE_OUTER_BOUND ( 'NONE', #7742, .T. ) ;
#722 = DIRECTION ( 'NONE',  ( 0.0000000000000000000, 0.0000000000000000000, -1.000000000000000000 ) ) ;
#723 = EDGE_LOOP ( 'NONE', ( #1469, #4126 ) ) ;
#724 = ADVANCED_FACE ( 'NONE', ( #5756 ), #2010, .F. ) ;
#725 = AXIS2_PLACEMENT_3D ( 'NONE', #4588, #1201, #2499 ) ;
#726 = CARTESIAN_POINT ( 'NONE',  ( -6.624999999999996400, 21.82000000000000700, 2.299999999999999800 ) ) ;
#727 = CARTESIAN_POINT ( 'NONE',  ( -17.32499999999998500, 18.55000000000000100, 2.499999999999999600 ) ) ;
#728 = AXIS2_PLACEMENT_3D ( 'NONE', #7869, #3785, #3814 ) ;
#729 = DIRECTION ( 'NONE',  ( -0.0000000000000000000, -1.000000000000000000, -0.0000000000000000000 ) ) ;
#730 = VERTEX_POINT ( 'NONE', #5419 ) ;
#731 = VECTOR ( 'NONE', #6195, 1000.000000000000000 ) ;
#732 = CARTESIAN_POINT ( 'NONE',  ( 0.5750000000000076200, 18.34999999999999800, -9.799999999999997200 ) ) ;
#733 = ORIENTED_EDGE ( 'NONE', *, *, #8338, .T. ) ;
#734 = CARTESIAN_POINT ( 'NONE',  ( 35.77500000000001300, 7.974999999999999600, 2.499999999999999600 ) ) ;
#735 = EDGE_CURVE ( 'NONE', #3446, #8360, #1207, .T. ) ;
#736 = EDGE_LOOP ( 'NONE', ( #4960, #8667, #1238, #4039 ) ) ;
#737 = ADVANCED_FACE ( 'NONE', ( #5116 ), #8756, .F. ) ;
#738 = EDGE_LOOP ( 'NONE', ( #836, #145, #7856, #1258, #5372, #2721, #6325, #1703, #2149, #5610, #1156, #6246 ) ) ;
#739 =( NAMED_UNIT ( * ) SI_UNIT ( $, .STERADIAN. ) SOLID_ANGLE_UNIT ( ) );
#740 = CIRCLE ( 'NONE', #5488, 0.2999999999999999300 ) ;
#741 = DIRECTION ( 'NONE',  ( 1.000000000000000000, 0.0000000000000000000, -6.672013369141588900E-016 ) ) ;
#742 = PLANE ( 'NONE',  #2749 ) ;
#743 = DIRECTION ( 'NONE',  ( 1.982541115402067900E-014, 0.0000000000000000000, 1.000000000000000000 ) ) ;
#744 = ORIENTED_EDGE ( 'NONE', *, *, #6517, .F. ) ;
#745 = ORIENTED_EDGE ( 'NONE', *, *, #1220, .T. ) ;
#746 = ORIENTED_EDGE ( 'NONE', *, *, #5789, .F. ) ;
#747 = EDGE_CURVE ( 'NONE', #7065, #7942, #8313, .T. ) ;
#748 = LINE ( 'NONE', #7159, #1160 ) ;
#749 = DIRECTION ( 'NONE',  ( -1.000000000000000000, -0.0000000000000000000, -0.0000000000000000000 ) ) ;
#750 = CARTESIAN_POINT ( 'NONE',  ( -39.97500000000000100, 9.229210492142396300, 1.301042606982605300E-015 ) ) ;
#751 = ORIENTED_EDGE ( 'NONE', *, *, #7584, .F. ) ;
#752 = DIRECTION ( 'NONE',  ( 0.0000000000000000000, 1.000000000000000000, -0.0000000000000000000 ) ) ;
#753 = ORIENTED_EDGE ( 'NONE', *, *, #6665, .F. ) ;
#754 = DIRECTION ( 'NONE',  ( 0.0000000000000000000, 0.0000000000000000000, 1.000000000000000000 ) ) ;
#755 = ORIENTED_EDGE ( 'NONE', *, *, #4697, .T. ) ;
#756 = ORIENTED_EDGE ( 'NONE', *, *, #131, .F. ) ;
#757 = SURFACE_SIDE_STYLE ('',( #6901 ) ) ;
#758 = ORIENTED_EDGE ( 'NONE', *, *, #2913, .F. ) ;
#759 = CARTESIAN_POINT ( 'NONE',  ( -31.89999999999999900, 25.30000000000000100, 0.5250000000003337600 ) ) ;
#760 = SURFACE_STYLE_FILL_AREA ( #5264 ) ;
#761 = LINE ( 'NONE', #1820, #6472 ) ;
#762 = DIRECTION ( 'NONE',  ( -0.0000000000000000000, -1.000000000000000000, -0.0000000000000000000 ) ) ;
#763 = DIRECTION ( 'NONE',  ( 0.0000000000000000000, -1.000000000000000000, 0.0000000000000000000 ) ) ;
#764 = CARTESIAN_POINT ( 'NONE',  ( 1.875000000000007500, 0.6000000000000000900, -6.499999999999999100 ) ) ;
#765 = DIRECTION ( 'NONE',  ( 1.000000000000000000, 0.0000000000000000000, 2.205236150722681400E-016 ) ) ;
#766 = CIRCLE ( 'NONE', #7423, 0.2999999999999999300 ) ;
#767 = AXIS2_PLACEMENT_3D ( 'NONE', #456, #5225, #3866 ) ;
#768 = ORIENTED_EDGE ( 'NONE', *, *, #7891, .T. ) ;
#769 = VERTEX_POINT ( 'NONE', #6043 ) ;
#770 = VECTOR ( 'NONE', #2148, 1000.000000000000000 ) ;
#771 = ADVANCED_FACE ( 'NONE', ( #2686 ), #6104, .T. ) ;
#772 = EDGE_CURVE ( 'NONE', #8698, #6153, #879, .T. ) ;
#773 = CARTESIAN_POINT ( 'NONE',  ( 35.77500000000001300, 7.974999999999999600, 2.499999999999999600 ) ) ;
#774 = DIRECTION ( 'NONE',  ( -1.000000000000000000, -0.0000000000000000000, 7.350523203291557500E-017 ) ) ;
#775 = CIRCLE ( 'NONE', #8626, 0.9999999999999983300 ) ;
#776 = EDGE_CURVE ( 'NONE', #8132, #4299, #4179, .T. ) ;
#777 = ORIENTED_EDGE ( 'NONE', *, *, #2047, .F. ) ;
#778 = ORIENTED_EDGE ( 'NONE', *, *, #4279, .T. ) ;
#779 = VECTOR ( 'NONE', #3843, 1000.000000000000000 ) ;
#780 = DIRECTION ( 'NONE',  ( 0.0000000000000000000, 1.000000000000000000, -0.0000000000000000000 ) ) ;
#781 = AXIS2_PLACEMENT_3D ( 'NONE', #4420, #5069, #1709 ) ;
#783 = ADVANCED_FACE ( 'NONE', ( #4583 ), #63, .T. ) ;
#782 = CARTESIAN_POINT ( 'NONE',  ( 1.575000000000007300, 0.6999999999999999600, 6.200000000000000200 ) ) ;
#784 = CARTESIAN_POINT ( 'NONE',  ( -11.82499999999999200, 12.75000000000000200, -5.200000000000001100 ) ) ;
#785 = VECTOR ( 'NONE', #4572, 1000.000000000000000 ) ;
#786 = LINE ( 'NONE', #5436, #5969 ) ;
#787 = EDGE_CURVE ( 'NONE', #5067, #803, #3325, .T. ) ;
#788 = DIRECTION ( 'NONE',  ( -1.000000000000000000, 0.0000000000000000000, -0.0000000000000000000 ) ) ;
#789 = CARTESIAN_POINT ( 'NONE',  ( -8.924999999999997200, -1.770000000000000000, -2.300000000000000300 ) ) ;
#790 = VECTOR ( 'NONE', #5631, 1000.000000000000000 ) ;
#791 = CARTESIAN_POINT ( 'NONE',  ( -6.624999999999996400, 0.0000000000000000000, 2.299999999999999800 ) ) ;
#792 = LINE ( 'NONE', #2150, #3106 ) ;
#793 =( GEOMETRIC_REPRESENTATION_CONTEXT ( 3 ) GLOBAL_UNCERTAINTY_ASSIGNED_CONTEXT ( ( #6029 ) ) GLOBAL_UNIT_ASSIGNED_CONTEXT ( ( #7354, #662, #540 ) ) REPRESENTATION_CONTEXT ( 'NONE', 'WORKASPACE' ) );
#794 = FACE_BOUND ( 'NONE', #8162, .T. ) ;
#795 = DIRECTION ( 'NONE',  ( -2.040851148208002900E-015, 0.0000000000000000000, -1.000000000000000000 ) ) ;
#796 = EDGE_CURVE ( 'NONE', #849, #6875, #6288, .T. ) ;
#797 = CARTESIAN_POINT ( 'NONE',  ( -33.12499999999999300, 25.89999999999999900, 5.000000000000000000 ) ) ;
#798 = FACE_OUTER_BOUND ( 'NONE', #2399, .T. ) ;
#799 = DIRECTION ( 'NONE',  ( -0.0000000000000000000, -0.0000000000000000000, 1.000000000000000000 ) ) ;
#800 = ORIENTED_EDGE ( 'NONE', *, *, #2680, .T. ) ;
#801 = CARTESIAN_POINT ( 'NONE',  ( -31.90000000000003400, 21.30000000000000100, -3.324999999999666200 ) ) ;
#802 = CIRCLE ( 'NONE', #137, 0.3000000000000016500 ) ;
#803 = VERTEX_POINT ( 'NONE', #7537 ) ;
#804 = EDGE_CURVE ( 'NONE', #5825, #1574, #1409, .T. ) ;
#805 = ADVANCED_FACE ( 'NONE', ( #4689 ), #3104, .F. ) ;
#806 = VECTOR ( 'NONE', #2994, 1000.000000000000000 ) ;
#807 = DIRECTION ( 'NONE',  ( -1.000000000000000000, -0.0000000000000000000, -0.0000000000000000000 ) ) ;
#808 = EDGE_LOOP ( 'NONE', ( #8337, #1585 ) ) ;
#809 = DIRECTION ( 'NONE',  ( -1.982541115402067600E-014, 0.0000000000000000000, -1.000000000000000000 ) ) ;
#810 = ORIENTED_EDGE ( 'NONE', *, *, #4653, .F. ) ;
#811 = DIRECTION ( 'NONE',  ( 0.0000000000000000000, 0.0000000000000000000, -1.000000000000000000 ) ) ;
#812 = AXIS2_PLACEMENT_3D ( 'NONE', #7823, #8539, #3779 ) ;
#813 = ORIENTED_EDGE ( 'NONE', *, *, #3915, .T. ) ;
#814 = ADVANCED_FACE ( 'NONE', ( #6608, #7997 ), #2157, .F. ) ;
#815 = ORIENTED_EDGE ( 'NONE', *, *, #8061, .T. ) ;
#816 = FACE_OUTER_BOUND ( 'NONE', #6017, .T. ) ;
#817 = ORIENTED_EDGE ( 'NONE', *, *, #8618, .F. ) ;
#818 = DIRECTION ( 'NONE',  ( 0.0000000000000000000, -0.0000000000000000000, -1.000000000000000000 ) ) ;
#819 = ORIENTED_EDGE ( 'NONE', *, *, #5842, .T. ) ;
#820 = ORIENTED_EDGE ( 'NONE', *, *, #6424, .F. ) ;
#821 = VECTOR ( 'NONE', #2818, 1000.000000000000000 ) ;
#822 = ORIENTED_EDGE ( 'NONE', *, *, #8225, .F. ) ;
#823 = DIRECTION ( 'NONE',  ( -0.0000000000000000000, -1.000000000000000000, -0.0000000000000000000 ) ) ;
#824 = EDGE_CURVE ( 'NONE', #1766, #5686, #2152, .T. ) ;
#825 = ORIENTED_EDGE ( 'NONE', *, *, #8269, .T. ) ;
#826 = LINE ( 'NONE', #555, #315 ) ;
#827 = AXIS2_PLACEMENT_3D ( 'NONE', #3592, #6245, #4852 ) ;
#828 = ORIENTED_EDGE ( 'NONE', *, *, #890, .T. ) ;
#829 = AXIS2_PLACEMENT_3D ( 'NONE', #570, #1236, #5975 ) ;
#830 = CARTESIAN_POINT ( 'NONE',  ( 12.76500000000000600, -1.770000000000000000, 1.490000000000001300 ) ) ;
#831 = ORIENTED_EDGE ( 'NONE', *, *, #7042, .T. ) ;
#832 = VECTOR ( 'NONE', #82, 1000.000000000000000 ) ;
#833 = DIRECTION ( 'NONE',  ( 0.0000000000000000000, 0.0000000000000000000, -1.000000000000000000 ) ) ;
#834 = EDGE_CURVE ( 'NONE', #943, #3509, #7882, .T. ) ;
#835 = VERTEX_POINT ( 'NONE', #4765 ) ;
#836 = ORIENTED_EDGE ( 'NONE', *, *, #7367, .T. ) ;
#837 = DIRECTION ( 'NONE',  ( -0.0000000000000000000, 1.000000000000000000, -0.0000000000000000000 ) ) ;
#838 = EDGE_LOOP ( 'NONE', ( #5041, #5254, #1801, #4044 ) ) ;
#839 = ORIENTED_EDGE ( 'NONE', *, *, #1139, .F. ) ;
#840 = CARTESIAN_POINT ( 'NONE',  ( -31.89999999999995600, 21.30000000000000100, 3.675000000000333800 ) ) ;
#841 = ADVANCED_FACE ( 'NONE', ( #5549 ), #5448, .F. ) ;
#842 = DIRECTION ( 'NONE',  ( -0.0000000000000000000, -1.000000000000000000, -0.0000000000000000000 ) ) ;
#843 = ORIENTED_EDGE ( 'NONE', *, *, #2511, .T. ) ;
#844 = DIRECTION ( 'NONE',  ( 0.0000000000000000000, 0.0000000000000000000, 1.000000000000000000 ) ) ;
#845 = AXIS2_PLACEMENT_3D ( 'NONE', #595, #8697, #1978 ) ;
#846 = ORIENTED_EDGE ( 'NONE', *, *, #4881, .F. ) ;
#847 = DIRECTION ( 'NONE',  ( 0.0000000000000000000, 8.340016711426954100E-017, 1.000000000000000000 ) ) ;
#848 = VERTEX_POINT ( 'NONE', #8242 ) ;
#849 = VERTEX_POINT ( 'NONE', #5537 ) ;
#850 = TOROIDAL_SURFACE ( 'NONE', #2652, 0.4000000000000000200, 0.2000000000000000100 ) ;
#851 = CIRCLE ( 'NONE', #6616, 0.2000000000000000900 ) ;
#852 = ORIENTED_EDGE ( 'NONE', *, *, #2716, .F. ) ;
#853 = EDGE_CURVE ( 'NONE', #8190, #4033, #6184, .T. ) ;
#854 = ORIENTED_EDGE ( 'NONE', *, *, #4928, .F. ) ;
#855 = CARTESIAN_POINT ( 'NONE',  ( -13.82499999999999400, 12.75000000000000200, -5.200000000000001100 ) ) ;
#856 = ADVANCED_FACE ( 'NONE', ( #6831 ), #3014, .T. ) ;
#857 = COLOUR_RGB ( '',0.7921568627450980000, 0.8196078431372548800, 0.9333333333333333500 ) ;
#858 = DIRECTION ( 'NONE',  ( -0.0000000000000000000, -0.0000000000000000000, 1.000000000000000000 ) ) ;
#859 = DIRECTION ( 'NONE',  ( -1.000000000000000000, 0.0000000000000000000, 0.0000000000000000000 ) ) ;
#860 = ORIENTED_EDGE ( 'NONE', *, *, #8061, .F. ) ;
#861 = CYLINDRICAL_SURFACE ( 'NONE', #4356, 2.149999999999999900 ) ;
#862 = FACE_OUTER_BOUND ( 'NONE', #5303, .T. ) ;
#863 = ORIENTED_EDGE ( 'NONE', *, *, #6707, .T. ) ;
#864 = CARTESIAN_POINT ( 'NONE',  ( -33.12499999999999300, 25.89999999999999900, 5.000000000000000000 ) ) ;
#865 = EDGE_CURVE ( 'NONE', #8390, #4370, #4811, .T. ) ;
#866 = DIRECTION ( 'NONE',  ( 0.0000000000000000000, -0.0000000000000000000, -1.000000000000000000 ) ) ;
#867 = FACE_OUTER_BOUND ( 'NONE', #3119, .T. ) ;
#868 = DIRECTION ( 'NONE',  ( 0.0000000000000000000, 0.0000000000000000000, -1.000000000000000000 ) ) ;
#869 = ORIENTED_EDGE ( 'NONE', *, *, #1417, .F. ) ;
#870 = VERTEX_POINT ( 'NONE', #213 ) ;
#871 = VECTOR ( 'NONE', #4582, 1000.000000000000000 ) ;
#872 = DIRECTION ( 'NONE',  ( -0.0000000000000000000, -1.000000000000000000, -0.0000000000000000000 ) ) ;
#873 = EDGE_CURVE ( 'NONE', #2180, #5686, #6400, .T. ) ;
#874 = LINE ( 'NONE', #3056, #779 ) ;
#875 = CARTESIAN_POINT ( 'NONE',  ( -26.62499999999998900, 12.75000000000000400, 5.200000000000002000 ) ) ;
#876 = DIRECTION ( 'NONE',  ( 0.0000000000000000000, 0.0000000000000000000, -1.000000000000000000 ) ) ;
#877 = CARTESIAN_POINT ( 'NONE',  ( 23.76500000000000400, 0.0000000000000000000, 2.700000000000001100 ) ) ;
#878 = EDGE_CURVE ( 'NONE', #3170, #4176, #4475, .T. ) ;
#879 = LINE ( 'NONE', #7473, #8418 ) ;
#880 = LINE ( 'NONE', #7731, #7884 ) ;
#881 = CARTESIAN_POINT ( 'NONE',  ( -9.791025403784438200, 18.75000000000000400, 2.299999999999999800 ) ) ;
#882 = AXIS2_PLACEMENT_3D ( 'NONE', #4273, #2941, #7028 ) ;
#883 = B_SPLINE_CURVE_WITH_KNOTS ( 'NONE', 3,
 ( #2300, #4301, #2272, #8476, #309, #1623, #7025, #945 ),
 .UNSPECIFIED., .F., .F.,
 ( 4, 2, 2, 4 ),
 ( 0.0000000000000000000, 0.0002492675402575120800, 0.0004985350805150241600, 0.0009970701610300606700 ),
 .UNSPECIFIED. ) ;
#884 = PLANE ( 'NONE',  #2806 ) ;
#885 = AXIS2_PLACEMENT_3D ( 'NONE', #3933, #4648, #3268 ) ;
#886 = VECTOR ( 'NONE', #1451, 1000.000000000000000 ) ;
#887 = ORIENTED_EDGE ( 'NONE', *, *, #7455, .T. ) ;
#888 = DIRECTION ( 'NONE',  ( -0.0000000000000000000, 1.000000000000000000, -0.0000000000000000000 ) ) ;
#889 = VECTOR ( 'NONE', #4667, 1000.000000000000000 ) ;
#890 = EDGE_CURVE ( 'NONE', #6513, #3834, #2583, .T. ) ;
#891 = ORIENTED_EDGE ( 'NONE', *, *, #8512, .F. ) ;
#892 = PLANE ( 'NONE',  #7179 ) ;
#893 = PRESENTATION_STYLE_ASSIGNMENT (( #8255 ) ) ;
#894 = LINE ( 'NONE', #3541, #1962 ) ;
#895 = EDGE_CURVE ( 'NONE', #427, #1787, #4384, .T. ) ;
#896 = AXIS2_PLACEMENT_3D ( 'NONE', #981, #7717, #5665 ) ;
#897 = ADVANCED_FACE ( 'NONE', ( #3758 ), #6934, .F. ) ;
#898 = VECTOR ( 'NONE', #4580, 1000.000000000000000 ) ;
#899 = DIRECTION ( 'NONE',  ( -0.0000000000000000000, 1.000000000000000000, -0.0000000000000000000 ) ) ;
#900 = DIRECTION ( 'NONE',  ( 0.0000000000000000000, 0.0000000000000000000, 1.000000000000000000 ) ) ;
#901 =( LENGTH_UNIT ( ) NAMED_UNIT ( * ) SI_UNIT ( .MILLI., .METRE. ) );
#902 = EDGE_CURVE ( 'NONE', #2034, #4323, #7782, .T. ) ;
#903 = VECTOR ( 'NONE', #3105, 1000.000000000000100 ) ;
#904 = CYLINDRICAL_SURFACE ( 'NONE', #5184, 7.400000000000000400 ) ;
#905 = CARTESIAN_POINT ( 'NONE',  ( -31.54999999999995500, 21.30000000000000100, 3.675000000000330200 ) ) ;
#906 = VECTOR ( 'NONE', #5895, 1000.000000000000000 ) ;
#907 = ORIENTED_EDGE ( 'NONE', *, *, #4697, .F. ) ;
#908 = CARTESIAN_POINT ( 'NONE',  ( 35.17500000000001100, 7.474999999999998800, -3.100000000000000100 ) ) ;
#909 = ORIENTED_EDGE ( 'NONE', *, *, #3444, .F. ) ;
#910 = CARTESIAN_POINT ( 'NONE',  ( 32.67500000000000400, 0.6999999999999999600, 7.500000000000002700 ) ) ;
#911 = CARTESIAN_POINT ( 'NONE',  ( -34.12499999999998600, 20.15000000000000200, 5.200000000000001100 ) ) ;
#912 = CARTESIAN_POINT ( 'NONE',  ( -0.8249999999999924100, 7.500000000000000000, -11.19999999999999900 ) ) ;
#913 = VECTOR ( 'NONE', #2523, 1000.000000000000000 ) ;
#914 = CARTESIAN_POINT ( 'NONE',  ( 21.79840395607028800, -8.650000000000000400, 1.849999999999999400 ) ) ;
#915 = ORIENTED_EDGE ( 'NONE', *, *, #4309, .T. ) ;
#916 = ORIENTED_EDGE ( 'NONE', *, *, #600, .F. ) ;
#917 = DIRECTION ( 'NONE',  ( -0.0000000000000000000, 0.0000000000000000000, 1.000000000000000000 ) ) ;
#918 = ORIENTED_EDGE ( 'NONE', *, *, #4015, .F. ) ;
#919 = LINE ( 'NONE', #5176, #7720 ) ;
#920 = CARTESIAN_POINT ( 'NONE',  ( -31.54999999999995500, 25.30000000000000100, 3.675000000000330200 ) ) ;
#921 = CARTESIAN_POINT ( 'NONE',  ( 1.575000000000007300, 0.1999999999999999800, -6.200000000000000200 ) ) ;
#922 = ORIENTED_EDGE ( 'NONE', *, *, #6707, .F. ) ;
#923 = VERTEX_POINT ( 'NONE', #4916 ) ;
#924 = CYLINDRICAL_SURFACE ( 'NONE', #340, 1.000000000000002700 ) ;
#925 = ORIENTED_EDGE ( 'NONE', *, *, #7146, .T. ) ;
#926 = DIRECTION ( 'NONE',  ( 0.0000000000000000000, 0.0000000000000000000, 1.000000000000000000 ) ) ;
#927 = AXIS2_PLACEMENT_3D ( 'NONE', #7360, #3895, #722 ) ;
#928 = DIRECTION ( 'NONE',  ( -0.0000000000000000000, 1.000000000000000000, -0.0000000000000000000 ) ) ;
#929 = EDGE_LOOP ( 'NONE', ( #8475, #2850 ) ) ;
#930 = AXIS2_PLACEMENT_3D ( 'NONE', #8531, #5145, #444 ) ;
#931 = ORIENTED_EDGE ( 'NONE', *, *, #3015, .T. ) ;
#932 = LINE ( 'NONE', #5617, #7940 ) ;
#933 = DIRECTION ( 'NONE',  ( 0.0000000000000000000, 0.0000000000000000000, -1.000000000000000000 ) ) ;
#934 = CARTESIAN_POINT ( 'NONE',  ( 2.343321059990330900, 0.6999999999999999600, 8.208029568700457200 ) ) ;
#935 = EDGE_LOOP ( 'NONE', ( #6464, #2641, #1511 ) ) ;
#937 = ADVANCED_FACE ( 'NONE', ( #5335 ), #2998, .T. ) ;
#936 = CARTESIAN_POINT ( 'NONE',  ( -29.12499999999998900, 20.89999999999999900, -5.000000000000000900 ) ) ;
#938 = DIRECTION ( 'NONE',  ( 0.0000000000000000000, 1.000000000000000000, 0.0000000000000000000 ) ) ;
#939 = EDGE_CURVE ( 'NONE', #4400, #2216, #1933, .T. ) ;
#940 = ORIENTED_EDGE ( 'NONE', *, *, #2525, .T. ) ;
#941 = ORIENTED_EDGE ( 'NONE', *, *, #1849, .T. ) ;
#942 = ORIENTED_EDGE ( 'NONE', *, *, #4750, .F. ) ;
#943 = VERTEX_POINT ( 'NONE', #4969 ) ;
#944 = LINE ( 'NONE', #910, #5621 ) ;
#945 = CARTESIAN_POINT ( 'NONE',  ( 35.17500000000001100, 7.474999999999998800, -3.100000000000000100 ) ) ;
#946 = VERTEX_POINT ( 'NONE', #6307 ) ;
#947 = ORIENTED_EDGE ( 'NONE', *, *, #3120, .T. ) ;
#948 = CARTESIAN_POINT ( 'NONE',  ( -8.724999999999996100, 22.02000000000000300, 2.299999999999999800 ) ) ;
#949 = CARTESIAN_POINT ( 'NONE',  ( -8.724999999999996100, -1.570000000000000100, -2.299999999999999800 ) ) ;
#950 = DIRECTION ( 'NONE',  ( -0.0000000000000000000, 1.000000000000000000, -0.0000000000000000000 ) ) ;
#951 = ORIENTED_EDGE ( 'NONE', *, *, #1144, .T. ) ;
#952 = CARTESIAN_POINT ( 'NONE',  ( -34.12499999999998600, 0.09999999999999939500, -5.200000000000001100 ) ) ;
#953 = VERTEX_POINT ( 'NONE', #912 ) ;
#954 = EDGE_LOOP ( 'NONE', ( #2322, #3079, #3336, #6629 ) ) ;
#955 = DIRECTION ( 'NONE',  ( 0.0000000000000000000, 0.0000000000000000000, 1.000000000000000000 ) ) ;
#956 = ORIENTED_EDGE ( 'NONE', *, *, #6729, .T. ) ;
#957 = EDGE_CURVE ( 'NONE', #5081, #1155, #8208, .T. ) ;
#958 = VERTEX_POINT ( 'NONE', #6333 ) ;
#959 = CLOSED_SHELL ( 'NONE', ( #2228, #7534, #2492, #8736, #2842, #7293, #4713, #4371, #1911, #6583, #505 ) ) ;
#960 = PLANE ( 'NONE',  #3011 ) ;
#961 = ORIENTED_EDGE ( 'NONE', *, *, #7380, .T. ) ;
#962 = ORIENTED_EDGE ( 'NONE', *, *, #1300, .T. ) ;
#963 = CIRCLE ( 'NONE', #5993, 0.9999999999999974500 ) ;
#964 = LINE ( 'NONE', #4684, #338 ) ;
#965 = DIRECTION ( 'NONE',  ( -0.0000000000000000000, -1.000000000000000000, -0.0000000000000000000 ) ) ;
#966 = CARTESIAN_POINT ( 'NONE',  ( 0.0000000000000000000, 0.0000000000000000000, 2.500000000000000000 ) ) ;
#967 = PLANE ( 'NONE',  #3961 ) ;
#968 = PLANE ( 'NONE',  #2919 ) ;
#969 = PLANE ( 'NONE',  #7357 ) ;
#970 = LINE ( 'NONE', #3044, #8071 ) ;
#971 = ORIENTED_EDGE ( 'NONE', *, *, #8658, .F. ) ;
#972 = VERTEX_POINT ( 'NONE', #7018 ) ;
#973 = EDGE_CURVE ( 'NONE', #4592, #4195, #2361, .T. ) ;
#974 = DIRECTION ( 'NONE',  ( 1.000000000000000000, -0.0000000000000000000, -0.0000000000000000000 ) ) ;
#975 = PLANE ( 'NONE',  #8657 ) ;
#976 = DIRECTION ( 'NONE',  ( -0.0000000000000000000, -1.000000000000000000, -0.0000000000000000000 ) ) ;
#977 = CIRCLE ( 'NONE', #1104, 0.2000000000000000900 ) ;
#978 = EDGE_LOOP ( 'NONE', ( #5296, #3454, #5160, #8490 ) ) ;
#979 = VECTOR ( 'NONE', #4446, 1000.000000000000100 ) ;
#980 = AXIS2_PLACEMENT_3D ( 'NONE', #8312, #5606, #4867 ) ;
#981 = CARTESIAN_POINT ( 'NONE',  ( 0.0000000000000000000, 21.30000000000000100, 0.0000000000000000000 ) ) ;
#982 = CARTESIAN_POINT ( 'NONE',  ( 35.77500000000001300, 10.77500000000000000, 3.100000000000000500 ) ) ;
#983 = DIRECTION ( 'NONE',  ( 0.0000000000000000000, 1.000000000000000000, -0.0000000000000000000 ) ) ;
#984 = PLANE ( 'NONE',  #8753 ) ;
#985 = CIRCLE ( 'NONE', #2127, 0.2999999999999999300 ) ;
#986 = LINE ( 'NONE', #4456, #6394 ) ;
#987 = ADVANCED_FACE ( 'NONE', ( #1714 ), #7137, .T. ) ;
#988 = ORIENTED_EDGE ( 'NONE', *, *, #3243, .T. ) ;
#989 = AXIS2_PLACEMENT_3D ( 'NONE', #1524, #8296, #7041 ) ;
#990 = AXIS2_PLACEMENT_3D ( 'NONE', #8335, #4857, #5568 ) ;
#991 = VECTOR ( 'NONE', #8784, 1000.000000000000000 ) ;
#992 = CARTESIAN_POINT ( 'NONE',  ( -9.560085296108592700, 18.75000000000000400, 2.500000000000000000 ) ) ;
#993 = CARTESIAN_POINT ( 'NONE',  ( 39.37500000000000000, 7.974999999999999600, -1.900000000000000100 ) ) ;
#994 = VECTOR ( 'NONE', #774, 1000.000000000000000 ) ;
#995 = CARTESIAN_POINT ( 'NONE',  ( -20.72499999999999100, 6.442151305867749800, 3.199999999999997500 ) ) ;
#996 = EDGE_CURVE ( 'NONE', #3135, #1372, #5439, .T. ) ;
#997 = VECTOR ( 'NONE', #7036, 1000.000000000000000 ) ;
#998 = CARTESIAN_POINT ( 'NONE',  ( -29.12499999999998900, 25.89999999999999900, 5.000000000000001800 ) ) ;
#999 = AXIS2_PLACEMENT_3D ( 'NONE', #6632, #7944, #3921 ) ;
#1000 = CARTESIAN_POINT ( 'NONE',  ( 0.5750000000000100600, 18.75000000000000000, 8.700000000000004600 ) ) ;
#1001 = CARTESIAN_POINT ( 'NONE',  ( -17.32499999999998500, 18.55000000000000100, 3.500000000000000000 ) ) ;
#1002 = VECTOR ( 'NONE', #7289, 1000.000000000000000 ) ;
#1003 = CARTESIAN_POINT ( 'NONE',  ( -8.924999999999997200, -1.570000000000000100, 2.299999999999999800 ) ) ;
#1004 = AXIS2_PLACEMENT_3D ( 'NONE', #4476, #8765, #2847 ) ;
#1005 = VERTEX_POINT ( 'NONE', #5595 ) ;
#1006 = EDGE_CURVE ( 'NONE', #6906, #8454, #572, .T. ) ;
#1007 = VECTOR ( 'NONE', #2405, 1000.000000000000000 ) ;
#1008 = VECTOR ( 'NONE', #4213, 1000.000000000000000 ) ;
#1009 = DIRECTION ( 'NONE',  ( 0.8660254037844382600, -0.5000000000000008900, 0.0000000000000000000 ) ) ;
#1010 = ORIENTED_EDGE ( 'NONE', *, *, #3047, .F. ) ;
#1011 = CARTESIAN_POINT ( 'NONE',  ( -31.89999999999995600, 25.30000000000000100, 3.675000000000333800 ) ) ;
#1012 = DIRECTION ( 'NONE',  ( 0.0000000000000000000, -1.000000000000000000, 0.0000000000000000000 ) ) ;
#1013 = DIRECTION ( 'NONE',  ( 0.0000000000000000000, -1.000000000000000000, 2.125886612716674000E-017 ) ) ;
#1014 = AXIS2_PLACEMENT_3D ( 'NONE', #2151, #6927, #8298 ) ;
#1015 = CYLINDRICAL_SURFACE ( 'NONE', #5383, 1.899999999999999700 ) ;
#1016 = DIRECTION ( 'NONE',  ( 0.0000000000000000000, 0.0000000000000000000, -1.000000000000000000 ) ) ;
#1017 = CARTESIAN_POINT ( 'NONE',  ( 23.76500000000000400, -7.649999999999999500, 0.0000000000000000000 ) ) ;
#1018 = EDGE_CURVE ( 'NONE', #6525, #8042, #6178, .T. ) ;
#1019 = DIRECTION ( 'NONE',  ( 0.0000000000000000000, 0.0000000000000000000, -1.000000000000000000 ) ) ;
#1020 = ORIENTED_EDGE ( 'NONE', *, *, #4497, .T. ) ;
#1021 = EDGE_CURVE ( 'NONE', #6463, #404, #2252, .T. ) ;
#1022 = DIRECTION ( 'NONE',  ( -1.000000000000000000, -0.0000000000000000000, -0.0000000000000000000 ) ) ;
#1023 = ORIENTED_EDGE ( 'NONE', *, *, #5538, .F. ) ;
#1024 = LINE ( 'NONE', #284, #3137 ) ;
#1025 = ORIENTED_EDGE ( 'NONE', *, *, #8709, .F. ) ;
#1026 = CARTESIAN_POINT ( 'NONE',  ( -31.55000000000002900, 25.30000000000000100, -3.324999999999669800 ) ) ;
#1027 = CARTESIAN_POINT ( 'NONE',  ( -0.8249999999999924100, 18.75000000000000000, 10.90000000000000000 ) ) ;
#1028 = ADVANCED_FACE ( 'NONE', ( #4802 ), #5749, .F. ) ;
#1029 = CARTESIAN_POINT ( 'NONE',  ( 2.950000000000007700, 0.6000000000000000900, 6.499999999999998200 ) ) ;
#1030 = EDGE_LOOP ( 'NONE', ( #1864, #756, #3913, #300 ) ) ;
#1031 = DIRECTION ( 'NONE',  ( 0.0000000000000000000, -0.0000000000000000000, 1.000000000000000000 ) ) ;
#1032 = ORIENTED_EDGE ( 'NONE', *, *, #1733, .T. ) ;
#1033 = CIRCLE ( 'NONE', #3514, 7.400000000000000400 ) ;
#1034 = ORIENTED_EDGE ( 'NONE', *, *, #2787, .F. ) ;
#1035 = CARTESIAN_POINT ( 'NONE',  ( 16.61500000000000600, 0.6999999999999999600, 8.749999999999998200 ) ) ;
#1036 = DIRECTION ( 'NONE',  ( -1.000000000000000000, 0.0000000000000000000, 0.0000000000000000000 ) ) ;
#1037 = AXIS2_PLACEMENT_3D ( 'NONE', #5159, #5834, #7912 ) ;
#1038 = CARTESIAN_POINT ( 'NONE',  ( 2.950000000000007700, 0.6000000000000000900, 5.899999999999997700 ) ) ;
#1039 = ORIENTED_EDGE ( 'NONE', *, *, #7538, .F. ) ;
#1040 = CARTESIAN_POINT ( 'NONE',  ( -32.72499999999999400, 21.30000000000000100, -4.599999999999999600 ) ) ;
#1041 = EDGE_CURVE ( 'NONE', #5132, #6384, #3008, .T. ) ;
#1042 = VERTEX_POINT ( 'NONE', #1029 ) ;
#1043 = ORIENTED_EDGE ( 'NONE', *, *, #5939, .F. ) ;
#1044 = EDGE_CURVE ( 'NONE', #1363, #1339, #8201, .T. ) ;
#1045 = DIRECTION ( 'NONE',  ( 0.0000000000000000000, 0.0000000000000000000, -1.000000000000000000 ) ) ;
#1046 = EDGE_LOOP ( 'NONE', ( #2225, #6992, #3935, #1067, #1428, #5887, #2404, #4711 ) ) ;
#1047 = FACE_OUTER_BOUND ( 'NONE', #1257, .T. ) ;
#1048 = CARTESIAN_POINT ( 'NONE',  ( 1.275000000000007500, 0.2000000000000000100, 5.899999999999997700 ) ) ;
#1049 = AXIS2_PLACEMENT_3D ( 'NONE', #3523, #2085, #6125 ) ;
#1050 = ORIENTED_EDGE ( 'NONE', *, *, #7114, .F. ) ;
#1051 = DIRECTION ( 'NONE',  ( 0.0000000000000000000, -1.000000000000000000, 0.0000000000000000000 ) ) ;
#1052 = VERTEX_POINT ( 'NONE', #5055 ) ;
#1053 = ORIENTED_EDGE ( 'NONE', *, *, #7066, .T. ) ;
#1054 = CARTESIAN_POINT ( 'NONE',  ( -31.90000000000002700, 25.30000000000000100, -2.274999999999666400 ) ) ;
#1055 = ORIENTED_EDGE ( 'NONE', *, *, #6665, .T. ) ;
#1056 = AXIS2_PLACEMENT_3D ( 'NONE', #966, #8431, #5805 ) ;
#1057 = VERTEX_POINT ( 'NONE', #2358 ) ;
#1058 = ORIENTED_EDGE ( 'NONE', *, *, #7259, .T. ) ;
#1059 = DIRECTION ( 'NONE',  ( 0.0000000000000000000, 0.0000000000000000000, 1.000000000000000000 ) ) ;
#1060 = CARTESIAN_POINT ( 'NONE',  ( -26.62499999999998900, 20.15000000000000200, -3.199999999999997100 ) ) ;
#1061 = EDGE_CURVE ( 'NONE', #8592, #8688, #4574, .T. ) ;
#1062 = DIRECTION ( 'NONE',  ( 0.0000000000000000000, 1.000000000000000000, 0.0000000000000000000 ) ) ;
#1063 = ORIENTED_EDGE ( 'NONE', *, *, #1940, .T. ) ;
#1064 = ORIENTED_EDGE ( 'NONE', *, *, #1515, .T. ) ;
#1065 = VECTOR ( 'NONE', #974, 1000.000000000000000 ) ;
#1066 = FACE_OUTER_BOUND ( 'NONE', #3174, .T. ) ;
#1067 = ORIENTED_EDGE ( 'NONE', *, *, #4389, .T. ) ;
#1068 = ORIENTED_EDGE ( 'NONE', *, *, #2544, .F. ) ;
#1069 = EDGE_CURVE ( 'NONE', #7588, #6649, #139, .T. ) ;
#1070 = AXIS2_PLACEMENT_3D ( 'NONE', #3774, #6576, #7262 ) ;
#1071 = LINE ( 'NONE', #8528, #7854 ) ;
#1072 = CARTESIAN_POINT ( 'NONE',  ( 35.77500000000001300, 7.974999999999999600, -2.499999999999999600 ) ) ;
#1073 = PLANE ( 'NONE',  #1626 ) ;
#1074 = EDGE_CURVE ( 'NONE', #5421, #4211, #5656, .T. ) ;
#1075 = VERTEX_POINT ( 'NONE', #1700 ) ;
#1076 = DIRECTION ( 'NONE',  ( 0.0000000000000000000, 0.0000000000000000000, 1.000000000000000000 ) ) ;
#1077 = CLOSED_SHELL ( 'NONE', ( #4610, #7256, #2584, #8700, #7609, #2397, #682, #7710, #6317, #5249, #565, #1995, #3626, #2045, #2503, #6635, #4099, #3883, #598 ) ) ;
#1078 = VECTOR ( 'NONE', #4518, 1000.000000000000000 ) ;
#1079 = CARTESIAN_POINT ( 'NONE',  ( -17.32499999999998500, 18.55000000000000100, -2.499999999999997800 ) ) ;
#1080 = EDGE_CURVE ( 'NONE', #2504, #6875, #3652, .T. ) ;
#1081 = ADVANCED_FACE ( 'NONE', ( #7351 ), #7162, .T. ) ;
#1082 = FACE_OUTER_BOUND ( 'NONE', #1552, .T. ) ;
#1083 = DIRECTION ( 'NONE',  ( 0.0000000000000000000, 1.000000000000000000, 0.0000000000000000000 ) ) ;
#1084 = VERTEX_POINT ( 'NONE', #3102 ) ;
#1085 = CARTESIAN_POINT ( 'NONE',  ( -16.02499999999999100, 28.80000000000000100, 2.499999999999999600 ) ) ;
#1086 = DIRECTION ( 'NONE',  ( 1.000000000000000000, -0.0000000000000000000, -0.0000000000000000000 ) ) ;
#1087 = DIRECTION ( 'NONE',  ( 1.000000000000000000, 0.0000000000000000000, -1.982541115402067900E-014 ) ) ;
#1088 = VECTOR ( 'NONE', #1105, 1000.000000000000000 ) ;
#1089 = EDGE_CURVE ( 'NONE', #1889, #636, #8412, .T. ) ;
#1090 = LINE ( 'NONE', #3169, #979 ) ;
#1091 = CARTESIAN_POINT ( 'NONE',  ( 1.875000000000007500, 0.6000000000000000900, 4.824999999999999300 ) ) ;
#1092 = CARTESIAN_POINT ( 'NONE',  ( 23.76500000000000400, 18.75000000000000000, 2.700000000000001100 ) ) ;
#1093 = CARTESIAN_POINT ( 'NONE',  ( -20.42499999999998600, 18.55000000000000100, 3.499999999999997300 ) ) ;
#1094 = DIRECTION ( 'NONE',  ( 0.0000000000000000000, -2.710505431213759900E-017, -1.000000000000000000 ) ) ;
#1095 = CIRCLE ( 'NONE', #5983, 1.250000000000001100 ) ;
#1096 = AXIS2_PLACEMENT_3D ( 'NONE', #4898, #7546, #2891 ) ;
#1097 = LINE ( 'NONE', #5622, #8096 ) ;
#1098 = CARTESIAN_POINT ( 'NONE',  ( 1.575000000000009100, 0.6999999999999999600, -4.049999999999999800 ) ) ;
#1099 = CARTESIAN_POINT ( 'NONE',  ( 23.76500000000000400, -1.000000000000000000, -2.700000000000001100 ) ) ;
#1100 = DIRECTION ( 'NONE',  ( 0.0000000000000000000, 0.0000000000000000000, -1.000000000000000000 ) ) ;
#1101 = VECTOR ( 'NONE', #5692, 1000.000000000000000 ) ;
#1102 = AXIS2_PLACEMENT_3D ( 'NONE', #6270, #2925, #2864 ) ;
#1103 = CARTESIAN_POINT ( 'NONE',  ( -13.82499999999999400, 7.500000000000000900, -12.60000000000000000 ) ) ;
#1104 = AXIS2_PLACEMENT_3D ( 'NONE', #8523, #5781, #1688 ) ;
#1105 = DIRECTION ( 'NONE',  ( -0.0000000000000000000, -1.000000000000000000, -0.0000000000000000000 ) ) ;
#1106 = ORIENTED_EDGE ( 'NONE', *, *, #4421, .F. ) ;
#1107 = DIRECTION ( 'NONE',  ( 1.000000000000000000, 0.0000000000000000000, 2.205236150722681400E-016 ) ) ;
#1108 = CIRCLE ( 'NONE', #5416, 1.100000000000000300 ) ;
#1109 = VECTOR ( 'NONE', #5936, 1000.000000000000000 ) ;
#1110 = FACE_OUTER_BOUND ( 'NONE', #808, .T. ) ;
#1111 = EDGE_CURVE ( 'NONE', #5044, #3071, #3426, .T. ) ;
#1112 = CARTESIAN_POINT ( 'NONE',  ( 2.343321059990327800, 0.6999999999999995100, 8.208029568700459000 ) ) ;
#1113 = CARTESIAN_POINT ( 'NONE',  ( -25.12499999999998900, 20.15000000000000200, -3.499999999999997300 ) ) ;
#1114 = MECHANICAL_DESIGN_GEOMETRIC_PRESENTATION_REPRESENTATION (  '', ( #6448 ), #8275 ) ;
#1115 = ADVANCED_FACE ( 'NONE', ( #6391 ), #7680, .F. ) ;
#1116 = ORIENTED_EDGE ( 'NONE', *, *, #5538, .T. ) ;
#1117 = FACE_OUTER_BOUND ( 'NONE', #5988, .T. ) ;
#1118 = AXIS2_PLACEMENT_3D ( 'NONE', #3670, #4955, #900 ) ;
#1119 = VECTOR ( 'NONE', #3994, 1000.000000000000000 ) ;
#1120 = ORIENTED_EDGE ( 'NONE', *, *, #4641, .F. ) ;
#1121 = DIRECTION ( 'NONE',  ( 0.0000000000000000000, -1.000000000000000000, 0.0000000000000000000 ) ) ;
#1122 = EDGE_CURVE ( 'NONE', #6339, #3184, #6920, .T. ) ;
#1123 = DIRECTION ( 'NONE',  ( -1.000000000000000000, 0.0000000000000000000, 0.0000000000000000000 ) ) ;
#1124 = DIRECTION ( 'NONE',  ( 0.0000000000000000000, 1.000000000000000000, 0.0000000000000000000 ) ) ;
#1125 = CIRCLE ( 'NONE', #8295, 0.9999999999999974500 ) ;
#1126 = DIRECTION ( 'NONE',  ( -0.0000000000000000000, -1.000000000000000000, -0.0000000000000000000 ) ) ;
#1127 = ORIENTED_EDGE ( 'NONE', *, *, #4068, .F. ) ;
#1128 = CARTESIAN_POINT ( 'NONE',  ( 23.76500000000000400, 0.0000000000000000000, 0.0000000000000000000 ) ) ;
#1129 = ORIENTED_EDGE ( 'NONE', *, *, #895, .F. ) ;
#1130 = VECTOR ( 'NONE', #8511, 1000.000000000000000 ) ;
#1131 = CARTESIAN_POINT ( 'NONE',  ( 3.765000000000005500, 18.75000000000000000, 8.800000000000000700 ) ) ;
#1132 = EDGE_CURVE ( 'NONE', #5686, #7512, #7564, .T. ) ;
#1133 = CARTESIAN_POINT ( 'NONE',  ( -31.89999999999996300, 25.30000000000000100, 3.325000000000334100 ) ) ;
#1134 = VERTEX_POINT ( 'NONE', #1237 ) ;
#1135 = PLANE ( 'NONE',  #7003 ) ;
#1136 = ORIENTED_EDGE ( 'NONE', *, *, #4962, .F. ) ;
#1137 = FACE_OUTER_BOUND ( 'NONE', #2953, .T. ) ;
#1138 = SURFACE_STYLE_USAGE ( .BOTH. , #6507 ) ;
#1139 = EDGE_CURVE ( 'NONE', #6242, #5282, #8633, .T. ) ;
#1140 = CARTESIAN_POINT ( 'NONE',  ( -29.12499999999998900, 25.89999999999999900, -5.000000000000000000 ) ) ;
#1141 = PLANE ( 'NONE',  #8347 ) ;
#1142 = ORIENTED_EDGE ( 'NONE', *, *, #7076, .T. ) ;
#1143 = CARTESIAN_POINT ( 'NONE',  ( -33.12499999999999300, 20.89999999999999900, -5.000000000000000900 ) ) ;
#1144 = EDGE_CURVE ( 'NONE', #7952, #4719, #2467, .T. ) ;
#1145 = EDGE_LOOP ( 'NONE', ( #733, #2524, #6423, #8175 ) ) ;
#1146 = ORIENTED_EDGE ( 'NONE', *, *, #3057, .T. ) ;
#1147 = SPHERICAL_SURFACE ( 'NONE', #2702, 0.2000000000000000100 ) ;
#1148 = DIRECTION ( 'NONE',  ( 0.0000000000000000000, 1.000000000000000000, -9.451687981113238900E-017 ) ) ;
#1149 = ORIENTED_EDGE ( 'NONE', *, *, #317, .F. ) ;
#1150 = CARTESIAN_POINT ( 'NONE',  ( -9.124999999999998200, 20.30358983848622900, -2.300000000000000300 ) ) ;
#1151 = ORIENTED_EDGE ( 'NONE', *, *, #6862, .T. ) ;
#1152 = AXIS2_PLACEMENT_3D ( 'NONE', #7874, #2349, #6481 ) ;
#1153 = VERTEX_POINT ( 'NONE', #7257 ) ;
#1154 = DIRECTION ( 'NONE',  ( 0.0000000000000000000, 0.0000000000000000000, -1.000000000000000000 ) ) ;
#1155 = VERTEX_POINT ( 'NONE', #1827 ) ;
#1156 = ORIENTED_EDGE ( 'NONE', *, *, #7863, .F. ) ;
#1157 = DIRECTION ( 'NONE',  ( -0.0000000000000000000, 2.125886612716674300E-017, 1.000000000000000000 ) ) ;
#1158 = STYLED_ITEM ( 'NONE', ( #893 ), #242 ) ;
#1159 = ORIENTED_EDGE ( 'NONE', *, *, #1220, .F. ) ;
#1160 = VECTOR ( 'NONE', #3768, 1000.000000000000000 ) ;
#1161 = ADVANCED_FACE ( 'NONE', ( #1615 ), #1928, .T. ) ;
#1162 = EDGE_LOOP ( 'NONE', ( #5607, #7524, #8173, #777 ) ) ;
#1163 = ORIENTED_EDGE ( 'NONE', *, *, #3618, .F. ) ;
#1164 = EDGE_CURVE ( 'NONE', #7087, #7278, #4074, .T. ) ;
#1165 = ORIENTED_EDGE ( 'NONE', *, *, #4279, .F. ) ;
#1166 = DIRECTION ( 'NONE',  ( -0.0000000000000000000, -1.000000000000000000, 0.0000000000000000000 ) ) ;
#1167 = ORIENTED_EDGE ( 'NONE', *, *, #1406, .T. ) ;
#1168 = CARTESIAN_POINT ( 'NONE',  ( -8.724999999999996100, 21.82000000000000700, 2.299999999999999800 ) ) ;
#1169 = ORIENTED_EDGE ( 'NONE', *, *, #4781, .T. ) ;
#1170 = SURFACE_SIDE_STYLE ('',( #6515 ) ) ;
#1171 = ORIENTED_EDGE ( 'NONE', *, *, #2069, .F. ) ;
#1172 = STYLED_ITEM ( 'NONE', ( #2982 ), #7569 ) ;
#1173 = CARTESIAN_POINT ( 'NONE',  ( -16.02499999999999100, 1.099999999999999900, -2.499999999999999600 ) ) ;
#1174 = ORIENTED_EDGE ( 'NONE', *, *, #4917, .T. ) ;
#1175 = ORIENTED_EDGE ( 'NONE', *, *, #7819, .T. ) ;
#1176 = AXIS2_PLACEMENT_3D ( 'NONE', #6107, #8305, #1031 ) ;
#1177 = ORIENTED_EDGE ( 'NONE', *, *, #5560, .T. ) ;
#1178 = CIRCLE ( 'NONE', #3907, 6.000000000000000000 ) ;
#1179 = CARTESIAN_POINT ( 'NONE',  ( -0.8249999999999924100, 18.75000000000000000, -10.90000000000000200 ) ) ;
#1180 = ORIENTED_EDGE ( 'NONE', *, *, #3097, .T. ) ;
#1181 = DIRECTION ( 'NONE',  ( 0.0000000000000000000, 0.0000000000000000000, 1.000000000000000000 ) ) ;
#1182 = CARTESIAN_POINT ( 'NONE',  ( 1.275000000000007500, 0.6000000000000000900, 4.824999999999999300 ) ) ;
#1183 = CARTESIAN_POINT ( 'NONE',  ( 1.275000000000007500, 0.6000000000000000900, -5.899999999999997700 ) ) ;
#1184 = EDGE_CURVE ( 'NONE', #2965, #2952, #985, .T. ) ;
#1185 = CIRCLE ( 'NONE', #564, 1.000000000000002700 ) ;
#1186 = VERTEX_POINT ( 'NONE', #6655 ) ;
#1187 = VECTOR ( 'NONE', #4343, 1000.000000000000000 ) ;
#1188 = DIRECTION ( 'NONE',  ( 1.982541115402067600E-014, -0.0000000000000000000, 1.000000000000000000 ) ) ;
#1189 = AXIS2_PLACEMENT_3D ( 'NONE', #2642, #6704, #7392 ) ;
#1190 = DIRECTION ( 'NONE',  ( 1.000000000000000000, 0.0000000000000000000, 0.0000000000000000000 ) ) ;
#1191 = CARTESIAN_POINT ( 'NONE',  ( 1.575000000000007300, 0.1999999999999999800, -6.200000000000000200 ) ) ;
#1192 = VERTEX_POINT ( 'NONE', #2509 ) ;
#1193 = DIRECTION ( 'NONE',  ( 0.0000000000000000000, 0.0000000000000000000, 1.000000000000000000 ) ) ;
#1194 = CARTESIAN_POINT ( 'NONE',  ( -9.124999999999998200, -0.05358983848622472800, 2.500000000000000000 ) ) ;
#1195 = ORIENTED_EDGE ( 'NONE', *, *, #7230, .T. ) ;
#1196 = LINE ( 'NONE', #2164, #7244 ) ;
#1197 = EDGE_CURVE ( 'NONE', #2001, #6569, #1707, .T. ) ;
#1198 = DIRECTION ( 'NONE',  ( 0.0000000000000000000, 1.000000000000000000, -0.0000000000000000000 ) ) ;
#1199 = LINE ( 'NONE', #5349, #39 ) ;
#1200 = DIRECTION ( 'NONE',  ( 0.0000000000000000000, 0.0000000000000000000, 1.000000000000000000 ) ) ;
#1201 = DIRECTION ( 'NONE',  ( 1.000000000000000000, 0.0000000000000000000, -0.0000000000000000000 ) ) ;
#1202 = FILL_AREA_STYLE_COLOUR ( '', #6956 ) ;
#1203 = VECTOR ( 'NONE', #7926, 1000.000000000000000 ) ;
#1204 = DIRECTION ( 'NONE',  ( -0.0000000000000000000, -1.000000000000000000, -0.0000000000000000000 ) ) ;
#1205 = ORIENTED_EDGE ( 'NONE', *, *, #4421, .T. ) ;
#1206 = DIRECTION ( 'NONE',  ( -0.0000000000000000000, -1.000000000000000000, -0.0000000000000000000 ) ) ;
#1207 = CIRCLE ( 'NONE', #1890, 2.149999999999999900 ) ;
#1208 = PLANE ( 'NONE',  #2477 ) ;
#1209 = ADVANCED_FACE ( 'NONE', ( #2574 ), #2597, .T. ) ;
#1210 = DIRECTION ( 'NONE',  ( 1.000000000000000000, 0.0000000000000000000, 0.0000000000000000000 ) ) ;
#1211 = CIRCLE ( 'NONE', #1433, 2.700000000000001100 ) ;
#1212 = AXIS2_PLACEMENT_3D ( 'NONE', #5192, #8516, #395 ) ;
#1213 = EDGE_CURVE ( 'NONE', #5404, #5703, #2786, .T. ) ;
#1214 = VECTOR ( 'NONE', #5299, 1000.000000000000000 ) ;
#1215 = CYLINDRICAL_SURFACE ( 'NONE', #5122, 0.2999999999999999300 ) ;
#1216 = DIRECTION ( 'NONE',  ( -0.8660254037844405900, 0.4999999999999966700, 0.0000000000000000000 ) ) ;
#1217 = CARTESIAN_POINT ( 'NONE',  ( -8.724999999999996100, -1.770000000000000000, 2.500000000000000000 ) ) ;
#1218 = ADVANCED_FACE ( 'NONE', ( #463 ), #5965, .F. ) ;
#1219 = DIRECTION ( 'NONE',  ( -1.000000000000000000, 0.0000000000000000000, 0.0000000000000000000 ) ) ;
#1220 = EDGE_CURVE ( 'NONE', #4516, #3682, #3207, .T. ) ;
#1221 = CARTESIAN_POINT ( 'NONE',  ( -0.8249999999999924100, 0.3000000000000016500, 11.19999999999999900 ) ) ;
#1222 = ORIENTED_EDGE ( 'NONE', *, *, #5130, .F. ) ;
#1223 = LINE ( 'NONE', #7093, #8655 ) ;
#1224 = AXIS2_PLACEMENT_3D ( 'NONE', #6324, #1493, #267 ) ;
#1225 = DIRECTION ( 'NONE',  ( 0.0000000000000000000, -0.0000000000000000000, -1.000000000000000000 ) ) ;
#1226 = FACE_OUTER_BOUND ( 'NONE', #4525, .T. ) ;
#1227 = EDGE_LOOP ( 'NONE', ( #2969, #2653, #8805, #5719 ) ) ;
#1228 = CARTESIAN_POINT ( 'NONE',  ( -34.12499999999998600, 0.09999999999999939500, -5.200000000000001100 ) ) ;
#1229 = PLANE ( 'NONE',  #5644 ) ;
#1230 = DIRECTION ( 'NONE',  ( -0.0000000000000000000, -1.000000000000000000, 2.125886612716674300E-017 ) ) ;
#1231 = EDGE_CURVE ( 'NONE', #2973, #4400, #1828, .T. ) ;
#1232 = VECTOR ( 'NONE', #6447, 1000.000000000000000 ) ;
#1233 = ORIENTED_EDGE ( 'NONE', *, *, #2363, .T. ) ;
#1234 =( LENGTH_UNIT ( ) NAMED_UNIT ( * ) SI_UNIT ( .MILLI., .METRE. ) );
#1235 = DIRECTION ( 'NONE',  ( 0.0000000000000000000, 1.000000000000000000, -1.251002506714043300E-016 ) ) ;
#1236 = DIRECTION ( 'NONE',  ( -1.000000000000000000, 0.0000000000000000000, 0.0000000000000000000 ) ) ;
#1237 = CARTESIAN_POINT ( 'NONE',  ( 21.79840395607028800, 27.40000000000000200, -1.850000000000000800 ) ) ;
#1238 = ORIENTED_EDGE ( 'NONE', *, *, #996, .T. ) ;
#1239 = STYLED_ITEM ( 'NONE', ( #1648 ), #3488 ) ;
#1240 = ORIENTED_EDGE ( 'NONE', *, *, #7596, .T. ) ;
#1241 = LINE ( 'NONE', #5263, #510 ) ;
#1242 = ORIENTED_EDGE ( 'NONE', *, *, #6291, .F. ) ;
#1243 = EDGE_CURVE ( 'NONE', #5499, #8035, #7461, .T. ) ;
#1244 = SURFACE_STYLE_USAGE ( .BOTH. , #5329 ) ;
#1245 = DIRECTION ( 'NONE',  ( -0.0000000000000000000, 1.000000000000000000, -0.0000000000000000000 ) ) ;
#1246 = CARTESIAN_POINT ( 'NONE',  ( 1.875000000000007500, 0.2000000000000000100, 6.499999999999999100 ) ) ;
#1247 = VERTEX_POINT ( 'NONE', #1265 ) ;
#1248 = CYLINDRICAL_SURFACE ( 'NONE', #1516, 1.539999999999999600 ) ;
#1249 = ADVANCED_FACE ( 'NONE', ( #1404 ), #5441, .F. ) ;
#1250 = DIRECTION ( 'NONE',  ( 0.0000000000000000000, -1.000000000000000000, 0.0000000000000000000 ) ) ;
#1251 = CLOSED_SHELL ( 'NONE', ( #2179, #897, #372, #724, #841, #8288, #7477, #2758, #1081, #771, #4571 ) ) ;
#1252 = EDGE_CURVE ( 'NONE', #7527, #4551, #1199, .T. ) ;
#1253 = CARTESIAN_POINT ( 'NONE',  ( 23.76500000000000400, 0.2000000000000000100, 0.0000000000000000000 ) ) ;
#1254 = CIRCLE ( 'NONE', #2071, 2.149999999999999900 ) ;
#1255 =( NAMED_UNIT ( * ) PLANE_ANGLE_UNIT ( ) SI_UNIT ( $, .RADIAN. ) );
#1256 = ORIENTED_EDGE ( 'NONE', *, *, #5222, .F. ) ;
#1257 = EDGE_LOOP ( 'NONE', ( #4502, #2439 ) ) ;
#1258 = ORIENTED_EDGE ( 'NONE', *, *, #2661, .T. ) ;
#1259 = ADVANCED_FACE ( 'NONE', ( #7777 ), #4718, .T. ) ;
#1260 = VERTEX_POINT ( 'NONE', #3430 ) ;
#1261 = CARTESIAN_POINT ( 'NONE',  ( -8.724999999999996100, 22.02000000000000300, -2.500000000000000000 ) ) ;
#1262 = DIRECTION ( 'NONE',  ( -1.000000000000000000, 0.0000000000000000000, 0.0000000000000000000 ) ) ;
#1263 = FACE_OUTER_BOUND ( 'NONE', #5907, .T. ) ;
#1264 = DIRECTION ( 'NONE',  ( 0.0000000000000000000, 1.000000000000000000, 0.0000000000000000000 ) ) ;
#1265 = CARTESIAN_POINT ( 'NONE',  ( -29.12499999999998900, 25.89999999999999900, 5.000000000000001800 ) ) ;
#1266 = ORIENTED_EDGE ( 'NONE', *, *, #7770, .F. ) ;
#1267 = ORIENTED_EDGE ( 'NONE', *, *, #3179, .T. ) ;
#1268 = ORIENTED_EDGE ( 'NONE', *, *, #460, .F. ) ;
#1269 = LINE ( 'NONE', #1909, #7096 ) ;
#1270 = EDGE_LOOP ( 'NONE', ( #2940, #822, #75, #3709 ) ) ;
#1271 = VERTEX_POINT ( 'NONE', #4692 ) ;
#1272 = ORIENTED_EDGE ( 'NONE', *, *, #8435, .F. ) ;
#1273 = ORIENTED_EDGE ( 'NONE', *, *, #1912, .T. ) ;
#1274 = ORIENTED_EDGE ( 'NONE', *, *, #4873, .F. ) ;
#1275 = CIRCLE ( 'NONE', #4020, 6.864101615137761000 ) ;
#1276 = FACE_OUTER_BOUND ( 'NONE', #6916, .T. ) ;
#1277 = CARTESIAN_POINT ( 'NONE',  ( 34.87500000000000700, 0.3000000000000016500, 6.700000000000000200 ) ) ;
#1278 = ORIENTED_EDGE ( 'NONE', *, *, #2400, .F. ) ;
#1279 = ORIENTED_EDGE ( 'NONE', *, *, #4455, .F. ) ;
#1280 = ORIENTED_EDGE ( 'NONE', *, *, #865, .F. ) ;
#1281 = EDGE_CURVE ( 'NONE', #7196, #4206, #2144, .T. ) ;
#1282 = PLANE ( 'NONE',  #4933 ) ;
#1283 = EDGE_CURVE ( 'NONE', #8206, #3070, #4172, .T. ) ;
#1284 = ORIENTED_EDGE ( 'NONE', *, *, #2872, .T. ) ;
#1285 = ORIENTED_EDGE ( 'NONE', *, *, #5918, .F. ) ;
#1286 = DIRECTION ( 'NONE',  ( 0.0000000000000000000, 0.0000000000000000000, -1.000000000000000000 ) ) ;
#1287 = VECTOR ( 'NONE', #3981, 1000.000000000000000 ) ;
#1288 = FACE_OUTER_BOUND ( 'NONE', #8702, .T. ) ;
#1289 = CARTESIAN_POINT ( 'NONE',  ( 35.17500000000001100, 11.27500000000000000, -3.100000000000000100 ) ) ;
#1290 = CARTESIAN_POINT ( 'NONE',  ( -39.97500000000000100, 25.89999999999999900, -6.000000000000000900 ) ) ;
#1291 = AXIS2_PLACEMENT_3D ( 'NONE', #4862, #888, #5543 ) ;
#1292 = FACE_OUTER_BOUND ( 'NONE', #4086, .T. ) ;
#1293 = VERTEX_POINT ( 'NONE', #7379 ) ;
#1294 = ORIENTED_EDGE ( 'NONE', *, *, #3901, .F. ) ;
#1295 = SURFACE_STYLE_FILL_AREA ( #3128 ) ;
#1296 = DIRECTION ( 'NONE',  ( 0.0000000000000000000, 0.0000000000000000000, 1.000000000000000000 ) ) ;
#1297 = CARTESIAN_POINT ( 'NONE',  ( -34.12499999999998600, 7.500000000000000000, -5.200000000000000200 ) ) ;
#1298 = ADVANCED_FACE ( 'NONE', ( #7128 ), #1346, .F. ) ;
#1299 = CARTESIAN_POINT ( 'NONE',  ( -31.89999999999998400, 21.30000000000000100, 1.925000000000334000 ) ) ;
#1300 = EDGE_CURVE ( 'NONE', #5320, #8699, #6079, .T. ) ;
#1301 = DIRECTION ( 'NONE',  ( -0.0000000000000000000, 1.000000000000000000, -0.0000000000000000000 ) ) ;
#1302 = VECTOR ( 'NONE', #4276, 1000.000000000000000 ) ;
#1303 = CARTESIAN_POINT ( 'NONE',  ( -31.90000000000003400, 25.30000000000000100, -3.324999999999666200 ) ) ;
#1304 = AXIS2_PLACEMENT_3D ( 'NONE', #5373, #2029, #650 ) ;
#1305 = CARTESIAN_POINT ( 'NONE',  ( 0.0000000000000000000, 25.89999999999999900, 0.0000000000000000000 ) ) ;
#1306 = DIRECTION ( 'NONE',  ( 0.0000000000000000000, 0.0000000000000000000, -1.000000000000000000 ) ) ;
#1307 = DIRECTION ( 'NONE',  ( 0.0000000000000000000, 0.0000000000000000000, 1.000000000000000000 ) ) ;
#1308 = CIRCLE ( 'NONE', #8615, 1.250000000000001100 ) ;
#1309 = EDGE_CURVE ( 'NONE', #2180, #2853, #4275, .T. ) ;
#1310 = CIRCLE ( 'NONE', #4336, 1.539999999999999600 ) ;
#1311 = ORIENTED_EDGE ( 'NONE', *, *, #5365, .F. ) ;
#1312 = CARTESIAN_POINT ( 'NONE',  ( -31.55000000000000100, 21.30000000000000100, -0.5249999999996698400 ) ) ;
#1313 = VECTOR ( 'NONE', #3074, 1000.000000000000000 ) ;
#1314 = DIRECTION ( 'NONE',  ( 1.000000000000000000, 0.0000000000000000000, -8.068481283613054800E-016 ) ) ;
#1315 = FACE_OUTER_BOUND ( 'NONE', #5498, .T. ) ;
#1316 = ORIENTED_EDGE ( 'NONE', *, *, #5365, .T. ) ;
#1317 = VECTOR ( 'NONE', #1501, 1000.000000000000000 ) ;
#1318 = ORIENTED_EDGE ( 'NONE', *, *, #5601, .F. ) ;
#1319 = AXIS2_PLACEMENT_3D ( 'NONE', #4968, #1531, #8330 ) ;
#1320 = CARTESIAN_POINT ( 'NONE',  ( -33.12499999999999300, 20.89999999999999900, 5.000000000000000000 ) ) ;
#1321 = EDGE_CURVE ( 'NONE', #1894, #3135, #259, .T. ) ;
#1322 = DIRECTION ( 'NONE',  ( 0.0000000000000000000, 0.0000000000000000000, -1.000000000000000000 ) ) ;
#1323 = ORIENTED_EDGE ( 'NONE', *, *, #1669, .T. ) ;
#1324 = CARTESIAN_POINT ( 'NONE',  ( -26.62499999999998900, 18.55000000000000100, -3.199999999999997100 ) ) ;
#1325 = FACE_OUTER_BOUND ( 'NONE', #2963, .T. ) ;
#1326 = LINE ( 'NONE', #6807, #2485 ) ;
#1327 = EDGE_CURVE ( 'NONE', #2745, #6797, #7677, .T. ) ;
#1328 = VERTEX_POINT ( 'NONE', #7406 ) ;
#1329 = PLANE ( 'NONE',  #8383 ) ;
#1330 = ADVANCED_FACE ( 'NONE', ( #4904 ), #2056, .T. ) ;
#1331 = VERTEX_POINT ( 'NONE', #8085 ) ;
#1332 = ORIENTED_EDGE ( 'NONE', *, *, #6626, .T. ) ;
#1333 = FACE_OUTER_BOUND ( 'NONE', #3736, .T. ) ;
#1334 = AXIS2_PLACEMENT_3D ( 'NONE', #1017, #2497, #3118 ) ;
#1335 = CARTESIAN_POINT ( 'NONE',  ( -16.02499999999999100, 20.15000000000000200, 3.500000000000000000 ) ) ;
#1336 = PLANE ( 'NONE',  #3624 ) ;
#1337 = ORIENTED_EDGE ( 'NONE', *, *, #6444, .T. ) ;
#1338 = CARTESIAN_POINT ( 'NONE',  ( -39.97500000000000100, 9.229210492142396300, 1.301042606982605300E-015 ) ) ;
#1339 = VERTEX_POINT ( 'NONE', #8775 ) ;
#1340 = EDGE_CURVE ( 'NONE', #5703, #2609, #4065, .T. ) ;
#1341 = ADVANCED_FACE ( 'NONE', ( #1503 ), #4790, .F. ) ;
#1342 = VERTEX_POINT ( 'NONE', #1492 ) ;
#1343 = LINE ( 'NONE', #8726, #3589 ) ;
#1344 = EDGE_LOOP ( 'NONE', ( #3143, #7051 ) ) ;
#1345 = CARTESIAN_POINT ( 'NONE',  ( -29.12499999999998900, 20.89999999999999900, 5.000000000000001800 ) ) ;
#1346 = PLANE ( 'NONE',  #8388 ) ;
#1347 = AXIS2_PLACEMENT_3D ( 'NONE', #1673, #2364, #7107 ) ;
#1348 = DIRECTION ( 'NONE',  ( 0.0000000000000000000, 0.0000000000000000000, -1.000000000000000000 ) ) ;
#1349 = ORIENTED_EDGE ( 'NONE', *, *, #3161, .F. ) ;
#1350 = LINE ( 'NONE', #3013, #1664 ) ;
#1351 = EDGE_CURVE ( 'NONE', #245, #4876, #5958, .T. ) ;
#1352 = ORIENTED_EDGE ( 'NONE', *, *, #3507, .F. ) ;
#1353 = VERTEX_POINT ( 'NONE', #2774 ) ;
#1354 = CARTESIAN_POINT ( 'NONE',  ( -31.89999999999995600, 21.30000000000000100, 3.675000000000333800 ) ) ;
#1355 = DIRECTION ( 'NONE',  ( 0.0000000000000000000, 0.0000000000000000000, -1.000000000000000000 ) ) ;
#1356 = DIRECTION ( 'NONE',  ( 0.0000000000000000000, 0.0000000000000000000, 1.000000000000000000 ) ) ;
#1357 = ORIENTED_EDGE ( 'NONE', *, *, #4849, .T. ) ;
#1358 = LINE ( 'NONE', #5554, #4436 ) ;
#1359 = EDGE_LOOP ( 'NONE', ( #6562, #5532, #7724, #3148, #6987, #7271, #4649, #4306 ) ) ;
#1360 = DIRECTION ( 'NONE',  ( 0.0000000000000000000, -2.125886612716674000E-017, -1.000000000000000000 ) ) ;
#1361 = ORIENTED_EDGE ( 'NONE', *, *, #5058, .F. ) ;
#1362 = DIRECTION ( 'NONE',  ( 0.0000000000000000000, -1.000000000000000000, 0.0000000000000000000 ) ) ;
#1363 = VERTEX_POINT ( 'NONE', #773 ) ;
#1364 = ORIENTED_EDGE ( 'NONE', *, *, #939, .T. ) ;
#1365 = CARTESIAN_POINT ( 'NONE',  ( -16.02499999999999100, 1.099999999999999900, 2.499999999999999600 ) ) ;
#1366 = ORIENTED_EDGE ( 'NONE', *, *, #7861, .F. ) ;
#1367 = VECTOR ( 'NONE', #2740, 1000.000000000000000 ) ;
#1368 = ORIENTED_EDGE ( 'NONE', *, *, #54, .F. ) ;
#1369 = ORIENTED_EDGE ( 'NONE', *, *, #5662, .F. ) ;
#1370 = CIRCLE ( 'NONE', #5257, 0.1999999999999996500 ) ;
#1371 = ORIENTED_EDGE ( 'NONE', *, *, #4894, .T. ) ;
#1372 = VERTEX_POINT ( 'NONE', #2830 ) ;
#1373 = CARTESIAN_POINT ( 'NONE',  ( -17.32499999999998500, 20.15000000000000200, -2.500000000000000400 ) ) ;
#1374 = ADVANCED_FACE ( 'NONE', ( #1823 ), #2145, .F. ) ;
#1375 = AXIS2_PLACEMENT_3D ( 'NONE', #6287, #7572, #5576 ) ;
#1376 = CARTESIAN_POINT ( 'NONE',  ( 2.950000000000007700, 0.6000000000000000900, -6.499999999999998200 ) ) ;
#1377 = ORIENTED_EDGE ( 'NONE', *, *, #3701, .T. ) ;
#1378 = DIRECTION ( 'NONE',  ( -0.0000000000000000000, -0.0000000000000000000, -1.000000000000000000 ) ) ;
#1379 = ORIENTED_EDGE ( 'NONE', *, *, #513, .T. ) ;
#1380 = LINE ( 'NONE', #8119, #3840 ) ;
#1381 = CIRCLE ( 'NONE', #7419, 3.500000000000000000 ) ;
#1382 = PLANE ( 'NONE',  #1970 ) ;
#1383 = AXIS2_PLACEMENT_3D ( 'NONE', #5775, #5799, #6523 ) ;
#1384 = CARTESIAN_POINT ( 'NONE',  ( -39.97500000000000100, 25.89999999999999900, -6.000000000000000900 ) ) ;
#1385 = ADVANCED_FACE ( 'NONE', ( #3646 ), #4173, .F. ) ;
#1386 = LINE ( 'NONE', #414, #6584 ) ;
#1387 = DIRECTION ( 'NONE',  ( 0.0000000000000000000, -0.0000000000000000000, 1.000000000000000000 ) ) ;
#1388 = DIRECTION ( 'NONE',  ( 0.0000000000000000000, 0.0000000000000000000, -1.000000000000000000 ) ) ;
#1389 = ORIENTED_EDGE ( 'NONE', *, *, #6312, .F. ) ;
#1390 = AXIS2_PLACEMENT_3D ( 'NONE', #784, #8214, #5504 ) ;
#1391 = VERTEX_POINT ( 'NONE', #3581 ) ;
#1392 = VECTOR ( 'NONE', #6132, 1000.000000000000000 ) ;
#1393 = CARTESIAN_POINT ( 'NONE',  ( -17.32499999999998500, 18.55000000000000100, -3.499999999999997300 ) ) ;
#1394 = EDGE_CURVE ( 'NONE', #1057, #3402, #6527, .T. ) ;
#1395 = LINE ( 'NONE', #1841, #7771 ) ;
#1396 = CARTESIAN_POINT ( 'NONE',  ( -26.62499999999998900, 25.89999999999999900, 5.999999999999999100 ) ) ;
#1397 = DIRECTION ( 'NONE',  ( 0.0000000000000000000, 0.0000000000000000000, -1.000000000000000000 ) ) ;
#1398 = EDGE_LOOP ( 'NONE', ( #6679, #922, #6030, #8801 ) ) ;
#1399 = VECTOR ( 'NONE', #4369, 1000.000000000000000 ) ;
#1400 = AXIS2_PLACEMENT_3D ( 'NONE', #855, #1528, #6961 ) ;
#1401 = DIRECTION ( 'NONE',  ( -1.000000000000000000, 0.0000000000000000000, -1.204669080539454300E-016 ) ) ;
#1402 = SURFACE_SIDE_STYLE ('',( #7903 ) ) ;
#1403 = CARTESIAN_POINT ( 'NONE',  ( -25.12499999999998900, 6.442151305867749800, -5.200000000000001100 ) ) ;
#1404 = FACE_OUTER_BOUND ( 'NONE', #2553, .T. ) ;
#1405 = LINE ( 'NONE', #3018, #7353 ) ;
#1406 = EDGE_CURVE ( 'NONE', #3570, #12, #457, .T. ) ;
#1407 = ORIENTED_EDGE ( 'NONE', *, *, #6835, .T. ) ;
#1408 = CARTESIAN_POINT ( 'NONE',  ( 0.5750000000000099500, 18.75000000000000000, 9.800000000000004300 ) ) ;
#1409 = CIRCLE ( 'NONE', #7362, 0.9999999999999983300 ) ;
#1410 = CONICAL_SURFACE ( 'NONE', #8260, 7.400000000000001200, 0.2617993877991466900 ) ;
#1411 = CARTESIAN_POINT ( 'NONE',  ( 30.67500000000000800, 0.0000000000000000000, -10.90000000000000000 ) ) ;
#1412 = CARTESIAN_POINT ( 'NONE',  ( -29.52499999999998800, 21.30000000000000100, -4.600000000000000500 ) ) ;
#1413 = MANIFOLD_SOLID_BREP ( 'Header Contact [2]', #6559 ) ;
#1414 = CARTESIAN_POINT ( 'NONE',  ( 16.61500000000000600, 0.6999999999999999600, 9.750000000000000000 ) ) ;
#1415 = DIRECTION ( 'NONE',  ( -0.0000000000000000000, 1.000000000000000000, -0.0000000000000000000 ) ) ;
#1416 = DIRECTION ( 'NONE',  ( -1.982541115402067600E-014, 0.0000000000000000000, -1.000000000000000000 ) ) ;
#1417 = EDGE_CURVE ( 'NONE', #5583, #8604, #8517, .T. ) ;
#1418 = ADVANCED_FACE ( 'NONE', ( #6705 ), #296, .F. ) ;
#1419 = FACE_BOUND ( 'NONE', #3458, .T. ) ;
#1420 =( LENGTH_UNIT ( ) NAMED_UNIT ( * ) SI_UNIT ( .MILLI., .METRE. ) );
#1421 = LINE ( 'NONE', #2123, #6097 ) ;
#1422 = DIRECTION ( 'NONE',  ( 0.0000000000000000000, 0.0000000000000000000, -1.000000000000000000 ) ) ;
#1423 = CARTESIAN_POINT ( 'NONE',  ( 0.5750000000000076200, 18.34999999999999800, -9.799999999999997200 ) ) ;
#1424 = AXIS2_PLACEMENT_3D ( 'NONE', #3571, #2136, #3512 ) ;
#1425 = ORIENTED_EDGE ( 'NONE', *, *, #2484, .T. ) ;
#1426 = ADVANCED_FACE ( 'NONE', ( #3098 ), #8580, .T. ) ;
#1427 = CYLINDRICAL_SURFACE ( 'NONE', #2230, 1.000000000000002700 ) ;
#1428 = ORIENTED_EDGE ( 'NONE', *, *, #5058, .T. ) ;
#1429 = APPLICATION_CONTEXT ( 'automotive_design' ) ;
#1430 = PLANE ( 'NONE',  #6404 ) ;
#1431 = CARTESIAN_POINT ( 'NONE',  ( -31.90000000000002000, 25.30000000000000100, -1.924999999999666300 ) ) ;
#1432 = LINE ( 'NONE', #1553, #6310 ) ;
#1433 = AXIS2_PLACEMENT_3D ( 'NONE', #6183, #4847, #5529 ) ;
#1434 = ORIENTED_EDGE ( 'NONE', *, *, #347, .T. ) ;
#1435 = EDGE_LOOP ( 'NONE', ( #614, #3503, #713 ) ) ;
#1436 = CARTESIAN_POINT ( 'NONE',  ( -21.52499999999998800, 0.09999999999999989500, 3.500000000000000000 ) ) ;
#1437 = DIRECTION ( 'NONE',  ( 0.0000000000000000000, -1.000000000000000000, 0.0000000000000000000 ) ) ;
#1438 = DIRECTION ( 'NONE',  ( -0.0000000000000000000, 1.000000000000000000, -0.0000000000000000000 ) ) ;
#1439 = ORIENTED_EDGE ( 'NONE', *, *, #2374, .F. ) ;
#1440 = EDGE_CURVE ( 'NONE', #3818, #5523, #7240, .T. ) ;
#1441 = LINE ( 'NONE', #3857, #1762 ) ;
#1442 = CARTESIAN_POINT ( 'NONE',  ( -16.02499999999999100, 18.55000000000000100, -4.500000000000000900 ) ) ;
#1443 = ORIENTED_EDGE ( 'NONE', *, *, #2581, .T. ) ;
#1444 = AXIS2_PLACEMENT_3D ( 'NONE', #7091, #7871, #4426 ) ;
#1445 = EDGE_LOOP ( 'NONE', ( #5512, #7974, #6674, #825 ) ) ;
#1446 = ORIENTED_EDGE ( 'NONE', *, *, #6410, .T. ) ;
#1447 = CARTESIAN_POINT ( 'NONE',  ( -0.8249999999999924100, 18.44999999999999900, -11.19999999999999900 ) ) ;
#1448 = PLANE ( 'NONE',  #6468 ) ;
#1449 = CIRCLE ( 'NONE', #7603, 7.399999999999997700 ) ;
#1450 = CARTESIAN_POINT ( 'NONE',  ( -39.97500000000000100, 16.72320809022047400, -5.999999999999998200 ) ) ;
#1451 = DIRECTION ( 'NONE',  ( 1.982541115402067600E-014, -0.0000000000000000000, 1.000000000000000000 ) ) ;
#1452 = ORIENTED_EDGE ( 'NONE', *, *, #2240, .T. ) ;
#1453 = CARTESIAN_POINT ( 'NONE',  ( 0.2000000000000070300, 0.6000000000000000900, 5.899999999999997700 ) ) ;
#1454 = EDGE_CURVE ( 'NONE', #2112, #6871, #2461, .T. ) ;
#1455 = EDGE_LOOP ( 'NONE', ( #1273, #4030, #5375, #8714 ) ) ;
#1456 = VECTOR ( 'NONE', #3267, 1000.000000000000000 ) ;
#1457 = DIRECTION ( 'NONE',  ( 9.912705577010238600E-015, -0.0000000000000000000, 1.000000000000000000 ) ) ;
#1458 = ADVANCED_FACE ( 'NONE', ( #7983 ), #7021, .T. ) ;
#1459 = DIRECTION ( 'NONE',  ( 1.000000000000000000, 0.0000000000000000000, 0.0000000000000000000 ) ) ;
#1460 = ORIENTED_EDGE ( 'NONE', *, *, #5173, .F. ) ;
#1461 = AXIS2_PLACEMENT_3D ( 'NONE', #5045, #8322, #4378 ) ;
#1462 = CARTESIAN_POINT ( 'NONE',  ( 23.76500000000000400, 0.0000000000000000000, 3.500000000000000000 ) ) ;
#1463 = ORIENTED_EDGE ( 'NONE', *, *, #7988, .T. ) ;
#1464 = ORIENTED_EDGE ( 'NONE', *, *, #524, .T. ) ;
#1465 = EDGE_CURVE ( 'NONE', #7024, #8158, #5003, .T. ) ;
#1466 = FACE_OUTER_BOUND ( 'NONE', #2929, .T. ) ;
#1467 = EDGE_LOOP ( 'NONE', ( #3499, #6878, #7175, #3729 ) ) ;
#1468 = ADVANCED_FACE ( 'NONE', ( #8406 ), #2402, .F. ) ;
#1469 = ORIENTED_EDGE ( 'NONE', *, *, #247, .T. ) ;
#1470 = COLOUR_RGB ( '',0.7921568627450980000, 0.8196078431372548800, 0.9333333333333333500 ) ;
#1471 = DIRECTION ( 'NONE',  ( 0.0000000000000000000, -1.000000000000000000, 0.0000000000000000000 ) ) ;
#1472 = ORIENTED_EDGE ( 'NONE', *, *, #7455, .F. ) ;
#1473 = CARTESIAN_POINT ( 'NONE',  ( -29.12499999999998900, 21.30000000000000100, -5.000000000000000900 ) ) ;
#1474 = ORIENTED_EDGE ( 'NONE', *, *, #4678, .F. ) ;
#1475 = ORIENTED_EDGE ( 'NONE', *, *, #186, .T. ) ;
#1476 = PLANE ( 'NONE',  #4252 ) ;
#1477 = ORIENTED_EDGE ( 'NONE', *, *, #7806, .T. ) ;
#1478 = CARTESIAN_POINT ( 'NONE',  ( 16.61500000000000600, 0.6999999999999999600, -9.750000000000000000 ) ) ;
#1479 = CIRCLE ( 'NONE', #2769, 0.2000000000000000900 ) ;
#1480 = VECTOR ( 'NONE', #2438, 1000.000000000000000 ) ;
#1481 = CARTESIAN_POINT ( 'NONE',  ( -15.28905213256055800, 8.827138364388076800, 2.299999999999999800 ) ) ;
#1482 = DIRECTION ( 'NONE',  ( 0.0000000000000000000, 0.0000000000000000000, -1.000000000000000000 ) ) ;
#1483 = ORIENTED_EDGE ( 'NONE', *, *, #4688, .T. ) ;
#1484 = CARTESIAN_POINT ( 'NONE',  ( -31.90000000000002700, 21.30000000000000100, -2.274999999999666400 ) ) ;
#1485 = CARTESIAN_POINT ( 'NONE',  ( -17.32499999999998500, 18.55000000000000100, -4.500000000000000000 ) ) ;
#1486 = ORIENTED_EDGE ( 'NONE', *, *, #8184, .F. ) ;
#1487 = ORIENTED_EDGE ( 'NONE', *, *, #6867, .F. ) ;
#1488 = FACE_OUTER_BOUND ( 'NONE', #8599, .T. ) ;
#1489 = FACE_OUTER_BOUND ( 'NONE', #4203, .T. ) ;
#1490 = DIRECTION ( 'NONE',  ( -0.5000000000000010000, 0.8660254037844380400, -0.0000000000000000000 ) ) ;
#1491 = EDGE_CURVE ( 'NONE', #848, #4140, #255, .T. ) ;
#1492 = CARTESIAN_POINT ( 'NONE',  ( 16.61500000000000600, 0.6999999999999999600, -10.75000000000000200 ) ) ;
#1493 = DIRECTION ( 'NONE',  ( 0.0000000000000000000, -1.000000000000000000, 0.0000000000000000000 ) ) ;
#1494 = DIRECTION ( 'NONE',  ( -0.2588190451025178000, 0.9659258262890692000, -8.055837533249726000E-017 ) ) ;
#1495 = VECTOR ( 'NONE', #3379, 1000.000000000000000 ) ;
#1496 = EDGE_CURVE ( 'NONE', #404, #4871, #6594, .T. ) ;
#1497 = ORIENTED_EDGE ( 'NONE', *, *, #6600, .T. ) ;
#1498 = VECTOR ( 'NONE', #2608, 1000.000000000000000 ) ;
#1499 = AXIS2_PLACEMENT_3D ( 'NONE', #3485, #2057, #2776 ) ;
#1500 = DIRECTION ( 'NONE',  ( 8.068481283613053800E-016, 0.0000000000000000000, -1.000000000000000000 ) ) ;
#1501 = DIRECTION ( 'NONE',  ( 0.0000000000000000000, -1.000000000000000000, 0.0000000000000000000 ) ) ;
#1502 = DIRECTION ( 'NONE',  ( -9.912705577010238600E-015, 0.0000000000000000000, -1.000000000000000000 ) ) ;
#1503 = FACE_OUTER_BOUND ( 'NONE', #8140, .T. ) ;
#1504 = ADVANCED_FACE ( 'NONE', ( #7876 ), #3421, .F. ) ;
#1505 = LINE ( 'NONE', #1072, #573 ) ;
#1506 = DIRECTION ( 'NONE',  ( 0.0000000000000000000, 0.0000000000000000000, -1.000000000000000000 ) ) ;
#1507 = ORIENTED_EDGE ( 'NONE', *, *, #5318, .F. ) ;
#1508 = EDGE_CURVE ( 'NONE', #8407, #1134, #5227, .T. ) ;
#1509 = DIRECTION ( 'NONE',  ( 1.000000000000000000, 0.0000000000000000000, 0.0000000000000000000 ) ) ;
#1510 = CARTESIAN_POINT ( 'NONE',  ( -31.89999999999997700, 25.30000000000000100, 2.275000000000333400 ) ) ;
#1511 = ORIENTED_EDGE ( 'NONE', *, *, #1614, .F. ) ;
#1512 = VECTOR ( 'NONE', #154, 1000.000000000000000 ) ;
#1513 = CARTESIAN_POINT ( 'NONE',  ( -8.724999999999996100, 21.82000000000000700, 2.299999999999999800 ) ) ;
#1514 = LINE ( 'NONE', #6241, #2688 ) ;
#1515 = EDGE_CURVE ( 'NONE', #4941, #7808, #977, .T. ) ;
#1516 = AXIS2_PLACEMENT_3D ( 'NONE', #2457, #5154, #514 ) ;
#1517 = ADVANCED_FACE ( 'NONE', ( #2565 ), #375, .F. ) ;
#1518 = CARTESIAN_POINT ( 'NONE',  ( -31.55000000000002900, 25.30000000000000100, -3.324999999999669800 ) ) ;
#1519 = VECTOR ( 'NONE', #20, 1000.000000000000000 ) ;
#1520 = DIRECTION ( 'NONE',  ( -0.0000000000000000000, -0.0000000000000000000, -1.000000000000000000 ) ) ;
#1521 = EDGE_CURVE ( 'NONE', #730, #8799, #2897, .T. ) ;
#1522 = VECTOR ( 'NONE', #4721, 1000.000000000000000 ) ;
#1523 = EDGE_CURVE ( 'NONE', #4176, #3170, #775, .T. ) ;
#1524 = CARTESIAN_POINT ( 'NONE',  ( -9.124999999999998200, 20.30358983848622900, 2.299999999999999800 ) ) ;
#1525 = DIRECTION ( 'NONE',  ( -0.0000000000000000000, -1.000000000000000000, -0.0000000000000000000 ) ) ;
#1526 = ORIENTED_EDGE ( 'NONE', *, *, #4704, .T. ) ;
#1527 = VECTOR ( 'NONE', #7235, 1000.000000000000000 ) ;
#1528 = DIRECTION ( 'NONE',  ( -1.000000000000000000, -0.0000000000000000000, -0.0000000000000000000 ) ) ;
#1529 = CYLINDRICAL_SURFACE ( 'NONE', #480, 0.9999999999999983300 ) ;
#1530 = CARTESIAN_POINT ( 'NONE',  ( -6.624999999999996400, 18.75000000000000000, -2.300000000000000300 ) ) ;
#1531 = DIRECTION ( 'NONE',  ( -0.0000000000000000000, -1.000000000000000000, -0.0000000000000000000 ) ) ;
#1532 = CARTESIAN_POINT ( 'NONE',  ( 1.575000000000007500, 0.5000000000000000000, 7.800000000000000700 ) ) ;
#1533 = VECTOR ( 'NONE', #8187, 1000.000000000000000 ) ;
#1534 = ORIENTED_EDGE ( 'NONE', *, *, #2813, .T. ) ;
#1535 = CARTESIAN_POINT ( 'NONE',  ( -26.62499999999998900, 9.229210492142396300, 1.301042606982605300E-015 ) ) ;
#1536 = EDGE_CURVE ( 'NONE', #536, #3346, #5110, .T. ) ;
#1537 = ORIENTED_EDGE ( 'NONE', *, *, #1932, .F. ) ;
#1538 = VECTOR ( 'NONE', #799, 1000.000000000000000 ) ;
#1539 = VECTOR ( 'NONE', #74, 1000.000000000000000 ) ;
#1540 = ORIENTED_EDGE ( 'NONE', *, *, #2238, .T. ) ;
#1541 = DIRECTION ( 'NONE',  ( -1.000000000000000000, 0.0000000000000000000, 0.0000000000000000000 ) ) ;
#1542 = CARTESIAN_POINT ( 'NONE',  ( 12.76500000000000600, -1.270000000000000000, 0.0000000000000000000 ) ) ;
#1543 = EDGE_LOOP ( 'NONE', ( #4040, #3916, #2729, #6321 ) ) ;
#1544 = CARTESIAN_POINT ( 'NONE',  ( -11.82499999999999200, 12.75000000000000200, -11.20000000000000300 ) ) ;
#1545 = VECTOR ( 'NONE', #312, 1000.000000000000000 ) ;
#1546 = CARTESIAN_POINT ( 'NONE',  ( 1.875000000000007500, 0.6000000000000000900, 6.499999999999999100 ) ) ;
#1547 = DIRECTION ( 'NONE',  ( 0.0000000000000000000, -1.000000000000000000, 0.0000000000000000000 ) ) ;
#1548 = DIRECTION ( 'NONE',  ( 0.0000000000000000000, -1.000000000000000000, 0.0000000000000000000 ) ) ;
#1549 = ORIENTED_EDGE ( 'NONE', *, *, #8168, .F. ) ;
#1550 = AXIS2_PLACEMENT_3D ( 'NONE', #4985, #7672, #2227 ) ;
#1551 = CARTESIAN_POINT ( 'NONE',  ( -31.55000000000002900, 21.30000000000000100, -3.324999999999669800 ) ) ;
#1552 = EDGE_LOOP ( 'NONE', ( #4544, #5182, #285, #8384 ) ) ;
#1553 = CARTESIAN_POINT ( 'NONE',  ( -0.8249999999999924100, 18.75000000000000000, -11.19999999999999900 ) ) ;
#1554 = LINE ( 'NONE', #503, #8671 ) ;
#1555 = ORIENTED_EDGE ( 'NONE', *, *, #8461, .T. ) ;
#1557 = ADVANCED_FACE ( 'NONE', ( #5845 ), #1608, .T. ) ;
#1556 = DIRECTION ( 'NONE',  ( 0.0000000000000000000, 0.0000000000000000000, -1.000000000000000000 ) ) ;
#1558 = B_SPLINE_CURVE_WITH_KNOTS ( 'NONE', 3,
 ( #144, #7556, #5556, #2036, #8234, #4845, #6777, #6863 ),
 .UNSPECIFIED., .F., .F.,
 ( 4, 2, 2, 4 ),
 ( 0.0000000000000000000, 0.0002492675402575134300, 0.0004985350805150268700, 0.0009970701610300608900 ),
 .UNSPECIFIED. ) ;
#1559 = EDGE_CURVE ( 'NONE', #530, #610, #674, .T. ) ;
#1560 = DIRECTION ( 'NONE',  ( -1.000000000000000000, 0.0000000000000000000, 9.912705577010238600E-015 ) ) ;
#1561 = EDGE_LOOP ( 'NONE', ( #6142, #2221, #7950, #8271 ) ) ;
#1562 = CIRCLE ( 'NONE', #6518, 1.100000000000000300 ) ;
#1563 = AXIS2_PLACEMENT_3D ( 'NONE', #4662, #4568, #8682 ) ;
#1564 = CARTESIAN_POINT ( 'NONE',  ( 12.76500000000000600, -1.270000000000000000, 1.490000000000001300 ) ) ;
#1565 = ORIENTED_EDGE ( 'NONE', *, *, #2865, .F. ) ;
#1566 = AXIS2_PLACEMENT_3D ( 'NONE', #2983, #7008, #2314 ) ;
#1567 = CARTESIAN_POINT ( 'NONE',  ( -31.54999999999996200, 25.30000000000000100, 3.325000000000330600 ) ) ;
#1568 = CARTESIAN_POINT ( 'NONE',  ( 32.67500000000000400, 0.6999999999999999600, -9.499999999999998200 ) ) ;
#1569 = ORIENTED_EDGE ( 'NONE', *, *, #2445, .F. ) ;
#1570 = FACE_OUTER_BOUND ( 'NONE', #3576, .T. ) ;
#1571 = CARTESIAN_POINT ( 'NONE',  ( -8.724999999999996100, -1.770000000000000000, 2.500000000000000000 ) ) ;
#1572 = EDGE_CURVE ( 'NONE', #4211, #1075, #8086, .T. ) ;
#1573 = ORIENTED_EDGE ( 'NONE', *, *, #592, .T. ) ;
#1574 = VERTEX_POINT ( 'NONE', #8074 ) ;
#1575 = ORIENTED_EDGE ( 'NONE', *, *, #8193, .F. ) ;
#1576 = ORIENTED_EDGE ( 'NONE', *, *, #5507, .T. ) ;
#1577 = ORIENTED_EDGE ( 'NONE', *, *, #3590, .F. ) ;
#1578 = CARTESIAN_POINT ( 'NONE',  ( -16.02499999999999100, 1.099999999999999900, 4.500000000000000900 ) ) ;
#1579 = EDGE_LOOP ( 'NONE', ( #4535, #6534, #6173, #8250 ) ) ;
#1580 = DIRECTION ( 'NONE',  ( -0.0000000000000000000, -1.000000000000000000, -0.0000000000000000000 ) ) ;
#1581 = FACE_OUTER_BOUND ( 'NONE', #7616, .T. ) ;
#1582 = AXIS2_PLACEMENT_3D ( 'NONE', #3584, #1548, #7730 ) ;
#1583 = VERTEX_POINT ( 'NONE', #5990 ) ;
#1584 = CARTESIAN_POINT ( 'NONE',  ( 39.37500000000000000, 7.974999999999999600, 1.900000000000000100 ) ) ;
#1585 = ORIENTED_EDGE ( 'NONE', *, *, #5852, .T. ) ;
#1586 = CYLINDRICAL_SURFACE ( 'NONE', #3220, 2.700000000000001100 ) ;
#1587 = CIRCLE ( 'NONE', #1902, 0.2000000000000000900 ) ;
#1588 = ORIENTED_EDGE ( 'NONE', *, *, #2447, .F. ) ;
#1589 = EDGE_CURVE ( 'NONE', #7065, #8799, #1395, .T. ) ;
#1590 = VERTEX_POINT ( 'NONE', #6706 ) ;
#1591 = ORIENTED_EDGE ( 'NONE', *, *, #2445, .T. ) ;
#1592 = DIRECTION ( 'NONE',  ( 0.0000000000000000000, -0.0000000000000000000, -1.000000000000000000 ) ) ;
#1593 = CARTESIAN_POINT ( 'NONE',  ( 21.79840395607028800, 27.40000000000000200, 1.849999999999999400 ) ) ;
#1594 = ORIENTED_EDGE ( 'NONE', *, *, #1870, .T. ) ;
#1595 = CIRCLE ( 'NONE', #5594, 1.539999999999999600 ) ;
#1596 = CARTESIAN_POINT ( 'NONE',  ( -6.624999999999996400, -1.570000000000000100, 2.500000000000000000 ) ) ;
#1597 = VECTOR ( 'NONE', #2698, 1000.000000000000100 ) ;
#1598 = DIRECTION ( 'NONE',  ( 0.0000000000000000000, -1.000000000000000000, 0.0000000000000000000 ) ) ;
#1599 = DIRECTION ( 'NONE',  ( 0.0000000000000000000, -1.000000000000000000, 0.0000000000000000000 ) ) ;
#1600 = EDGE_LOOP ( 'NONE', ( #8063, #4601, #3788, #6140 ) ) ;
#1601 = EDGE_LOOP ( 'NONE', ( #4024, #2860, #7839, #5352, #4939, #8446, #1853, #2015 ) ) ;
#1602 = VECTOR ( 'NONE', #7474, 1000.000000000000000 ) ;
#1603 = CARTESIAN_POINT ( 'NONE',  ( -31.55000000000002900, 25.30000000000000100, -3.324999999999669800 ) ) ;
#1604 = ADVANCED_FACE ( 'NONE', ( #3854 ), #4675, .F. ) ;
#1605 = DIRECTION ( 'NONE',  ( 1.000000000000000000, -0.0000000000000000000, -0.0000000000000000000 ) ) ;
#1606 = AXIS2_PLACEMENT_3D ( 'NONE', #4742, #2685, #1958 ) ;
#1607 = CARTESIAN_POINT ( 'NONE',  ( -6.624999999999996400, 21.82000000000000700, 2.299999999999999800 ) ) ;
#1608 = TOROIDAL_SURFACE ( 'NONE', #3628, 1.490000000000001300, 0.5000000000000000000 ) ;
#1609 = DIRECTION ( 'NONE',  ( 0.0000000000000000000, -1.000000000000000000, 1.219727444046192500E-016 ) ) ;
#1610 = AXIS2_PLACEMENT_3D ( 'NONE', #702, #6200, #3424 ) ;
#1611 = VECTOR ( 'NONE', #2619, 1000.000000000000000 ) ;
#1612 = DIRECTION ( 'NONE',  ( 0.0000000000000000000, -1.000000000000000000, 0.0000000000000000000 ) ) ;
#1613 = DIRECTION ( 'NONE',  ( 1.000000000000000000, 0.0000000000000000000, 0.0000000000000000000 ) ) ;
#1614 = EDGE_CURVE ( 'NONE', #1782, #234, #3201, .T. ) ;
#1615 = FACE_OUTER_BOUND ( 'NONE', #6546, .T. ) ;
#1616 = CIRCLE ( 'NONE', #6154, 2.700000000000001100 ) ;
#1617 = DIRECTION ( 'NONE',  ( 1.000000000000000000, 0.0000000000000000000, 0.0000000000000000000 ) ) ;
#1618 = CARTESIAN_POINT ( 'NONE',  ( 23.76500000000000400, -0.2999999999999999900, 0.0000000000000000000 ) ) ;
#1619 = EDGE_LOOP ( 'NONE', ( #631, #5487, #6684, #1772 ) ) ;
#1620 = AXIS2_PLACEMENT_3D ( 'NONE', #4965, #4318, #2905 ) ;
#1621 = LINE ( 'NONE', #1863, #5972 ) ;
#1622 = EDGE_CURVE ( 'NONE', #2911, #4941, #6272, .T. ) ;
#1623 = CARTESIAN_POINT ( 'NONE',  ( 35.21137405742653200, 7.700696707795699100, -2.853064319519974700 ) ) ;
#1624 = DIRECTION ( 'NONE',  ( 0.0000000000000000000, 1.000000000000000000, -2.125886612716674300E-017 ) ) ;
#1625 = CARTESIAN_POINT ( 'NONE',  ( -31.90000000000002700, 21.30000000000000100, -2.274999999999666400 ) ) ;
#1626 = AXIS2_PLACEMENT_3D ( 'NONE', #5224, #6577, #3110 ) ;
#1627 = COLOUR_RGB ( '',0.7921568627450980000, 0.8196078431372548800, 0.9333333333333333500 ) ;
#1628 = DIRECTION ( 'NONE',  ( -1.000000000000000000, -0.0000000000000000000, 0.0000000000000000000 ) ) ;
#1629 = EDGE_CURVE ( 'NONE', #4211, #3900, #6699, .T. ) ;
#1630 = EDGE_LOOP ( 'NONE', ( #1486, #5701 ) ) ;
#1631 = EDGE_CURVE ( 'NONE', #3923, #3924, #5319, .T. ) ;
#1632 = VECTOR ( 'NONE', #3697, 1000.000000000000100 ) ;
#1633 = DIRECTION ( 'NONE',  ( 1.000000000000000000, 0.0000000000000000000, 0.0000000000000000000 ) ) ;
#1634 = LINE ( 'NONE', #4834, #381 ) ;
#1635 = EDGE_LOOP ( 'NONE', ( #4243, #7077, #6007, #6743 ) ) ;
#1636 = DIRECTION ( 'NONE',  ( 0.0000000000000000000, -1.000000000000000000, 0.0000000000000000000 ) ) ;
#1638 = ADVANCED_FACE ( 'NONE', ( #867 ), #7336, .F. ) ;
#1637 = CARTESIAN_POINT ( 'NONE',  ( -26.62499999999998900, 20.10662966309981300, 5.999999999999999100 ) ) ;
#1639 = DIRECTION ( 'NONE',  ( 0.0000000000000000000, 0.0000000000000000000, -1.000000000000000000 ) ) ;
#1640 = CYLINDRICAL_SURFACE ( 'NONE', #1743, 2.700000000000001100 ) ;
#1641 = ORIENTED_EDGE ( 'NONE', *, *, #3035, .F. ) ;
#1642 = CARTESIAN_POINT ( 'NONE',  ( -17.32499999999998500, 20.15000000000000200, 4.500000000000000900 ) ) ;
#1643 = VERTEX_POINT ( 'NONE', #494 ) ;
#1644 = CARTESIAN_POINT ( 'NONE',  ( 32.67500000000000400, 0.6999999999999999600, -8.500000000000000000 ) ) ;
#1645 = CARTESIAN_POINT ( 'NONE',  ( -26.62499999999998900, 18.55000000000000100, -3.199999999999997100 ) ) ;
#1646 = EDGE_LOOP ( 'NONE', ( #3573, #2298, #5844, #2287 ) ) ;
#1647 = DIRECTION ( 'NONE',  ( 0.0000000000000000000, 1.000000000000000000, -0.0000000000000000000 ) ) ;
#1648 = PRESENTATION_STYLE_ASSIGNMENT (( #1244 ) ) ;
#1649 = AXIS2_PLACEMENT_3D ( 'NONE', #8392, #5630, #1556 ) ;
#1650 = DIRECTION ( 'NONE',  ( 0.0000000000000000000, 0.0000000000000000000, 1.000000000000000000 ) ) ;
#1651 = CARTESIAN_POINT ( 'NONE',  ( 1.575000000000007300, 0.5000000000000000000, 6.200000000000000200 ) ) ;
#1652 = ORIENTED_EDGE ( 'NONE', *, *, #382, .T. ) ;
#1653 = CARTESIAN_POINT ( 'NONE',  ( -6.424999999999996300, 1.500000000000000400, 2.500000000000000000 ) ) ;
#1654 = EDGE_CURVE ( 'NONE', #1331, #8589, #1921, .T. ) ;
#1655 = VERTEX_POINT ( 'NONE', #701 ) ;
#1656 = EDGE_CURVE ( 'NONE', #4250, #4033, #2028, .T. ) ;
#1657 = VECTOR ( 'NONE', #5603, 1000.000000000000000 ) ;
#1658 = CARTESIAN_POINT ( 'NONE',  ( -16.02499999999999100, 1.099999999999999900, -4.500000000000000900 ) ) ;
#1659 = CARTESIAN_POINT ( 'NONE',  ( -9.791025403784438200, 18.75000000000000400, 2.299999999999999800 ) ) ;
#1660 = AXIS2_PLACEMENT_3D ( 'NONE', #1689, #1086, #6386 ) ;
#1661 = ORIENTED_EDGE ( 'NONE', *, *, #1805, .T. ) ;
#1662 = AXIS2_PLACEMENT_3D ( 'NONE', #1854, #1793, #3914 ) ;
#1663 = VERTEX_POINT ( 'NONE', #1312 ) ;
#1664 = VECTOR ( 'NONE', #5103, 1000.000000000000100 ) ;
#1665 = ORIENTED_EDGE ( 'NONE', *, *, #4350, .T. ) ;
#1666 = DIRECTION ( 'NONE',  ( 0.0000000000000000000, 0.0000000000000000000, -1.000000000000000000 ) ) ;
#1667 = CARTESIAN_POINT ( 'NONE',  ( 30.67500000000000800, 18.44999999999999900, -11.20000000000000100 ) ) ;
#1668 = CARTESIAN_POINT ( 'NONE',  ( 37.57500000000000300, 10.77500000000000000, 0.0000000000000000000 ) ) ;
#1669 = EDGE_CURVE ( 'NONE', #2778, #2112, #8730, .T. ) ;
#1670 = VERTEX_POINT ( 'NONE', #7424 ) ;
#1671 = ORIENTED_EDGE ( 'NONE', *, *, #7638, .T. ) ;
#1672 = VECTOR ( 'NONE', #4854, 1000.000000000000000 ) ;
#1673 = CARTESIAN_POINT ( 'NONE',  ( 30.67500000000000800, 0.3000000000000016500, -6.700000000000000200 ) ) ;
#1674 = AXIS2_PLACEMENT_3D ( 'NONE', #6940, #2887, #7627 ) ;
#1675 = ORIENTED_EDGE ( 'NONE', *, *, #3915, .F. ) ;
#1676 = DIRECTION ( 'NONE',  ( 1.000000000000000000, -0.0000000000000000000, -0.0000000000000000000 ) ) ;
#1677 = DIRECTION ( 'NONE',  ( 0.0000000000000000000, 0.0000000000000000000, -1.000000000000000000 ) ) ;
#1678 = VERTEX_POINT ( 'NONE', #7511 ) ;
#1679 = DIRECTION ( 'NONE',  ( 0.0000000000000000000, 0.0000000000000000000, -1.000000000000000000 ) ) ;
#1680 = ORIENTED_EDGE ( 'NONE', *, *, #1061, .F. ) ;
#1681 = EDGE_LOOP ( 'NONE', ( #434, #8170, #6802, #6528, #13, #8135, #1240 ) ) ;
#1682 = EDGE_CURVE ( 'NONE', #1655, #3184, #241, .T. ) ;
#1683 = ADVANCED_FACE ( 'NONE', ( #6062 ), #2728, .F. ) ;
#1684 = ORIENTED_EDGE ( 'NONE', *, *, #5125, .F. ) ;
#1685 = FACE_OUTER_BOUND ( 'NONE', #6702, .T. ) ;
#1686 = FACE_OUTER_BOUND ( 'NONE', #1445, .T. ) ;
#1687 = VERTEX_POINT ( 'NONE', #8100 ) ;
#1688 = DIRECTION ( 'NONE',  ( 0.0000000000000000000, 0.0000000000000000000, -1.000000000000000000 ) ) ;
#1689 = CARTESIAN_POINT ( 'NONE',  ( -34.12499999999998600, 12.75000000000000200, -5.200000000000001100 ) ) ;
#1690 = DIRECTION ( 'NONE',  ( -0.0000000000000000000, -1.000000000000000000, -0.0000000000000000000 ) ) ;
#1691 = CARTESIAN_POINT ( 'NONE',  ( -25.12499999999998900, 6.442151305867749800, -3.499999999999997300 ) ) ;
#1692 = TOROIDAL_SURFACE ( 'NONE', #2819, 0.4000000000000000200, 0.2000000000000000100 ) ;
#1693 = ORIENTED_EDGE ( 'NONE', *, *, #3444, .T. ) ;
#1694 = LINE ( 'NONE', #2090, #3304 ) ;
#1695 = FACE_OUTER_BOUND ( 'NONE', #6068, .T. ) ;
#1696 = EDGE_CURVE ( 'NONE', #7110, #5298, #7231, .T. ) ;
#1697 = DIRECTION ( 'NONE',  ( 0.0000000000000000000, -1.000000000000000000, 0.0000000000000000000 ) ) ;
#1698 = CARTESIAN_POINT ( 'NONE',  ( -17.32499999999998500, 28.80000000000000100, 3.500000000000000000 ) ) ;
#1699 = CARTESIAN_POINT ( 'NONE',  ( -9.560085296108585600, 1.500000000000000400, 2.500000000000000000 ) ) ;
#1700 = CARTESIAN_POINT ( 'NONE',  ( 30.67500000000000800, 0.3000000000000016500, 11.19999999999999900 ) ) ;
#1701 = VECTOR ( 'NONE', #2102, 1000.000000000000000 ) ;
#1702 = ORIENTED_EDGE ( 'NONE', *, *, #2258, .T. ) ;
#1703 = ORIENTED_EDGE ( 'NONE', *, *, #1069, .T. ) ;
#1704 = AXIS2_PLACEMENT_3D ( 'NONE', #377, #4503, #1780 ) ;
#1705 = CARTESIAN_POINT ( 'NONE',  ( 32.67500000000000400, 18.55000000000000100, -8.500000000000000000 ) ) ;
#1706 = CARTESIAN_POINT ( 'NONE',  ( -34.12499999999998600, 12.75000000000000200, -5.200000000000001100 ) ) ;
#1707 = LINE ( 'NONE', #7937, #5009 ) ;
#1708 = DIRECTION ( 'NONE',  ( 0.0000000000000000000, 0.0000000000000000000, -1.000000000000000000 ) ) ;
#1709 = DIRECTION ( 'NONE',  ( 0.0000000000000000000, 0.0000000000000000000, -1.000000000000000000 ) ) ;
#1710 = LINE ( 'NONE', #2407, #7249 ) ;
#1711 = ORIENTED_EDGE ( 'NONE', *, *, #7972, .T. ) ;
#1712 = CARTESIAN_POINT ( 'NONE',  ( -34.12499999999998600, 0.1000000000000002600, 5.200000000000001100 ) ) ;
#1713 = AXIS2_PLACEMENT_3D ( 'NONE', #7794, #1062, #8443 ) ;
#1714 = FACE_OUTER_BOUND ( 'NONE', #7063, .T. ) ;
#1715 = CARTESIAN_POINT ( 'NONE',  ( -11.82499999999999200, 7.499999999999999100, 12.06410161513776400 ) ) ;
#1716 = DIRECTION ( 'NONE',  ( 0.0000000000000000000, 0.0000000000000000000, 1.000000000000000000 ) ) ;
#1717 = DIRECTION ( 'NONE',  ( 0.0000000000000000000, 1.000000000000000000, 0.0000000000000000000 ) ) ;
#1718 = CIRCLE ( 'NONE', #7696, 9.599999999999999600 ) ;
#1719 = DIRECTION ( 'NONE',  ( -1.000000000000000000, 0.0000000000000000000, -0.0000000000000000000 ) ) ;
#1720 = VERTEX_POINT ( 'NONE', #4079 ) ;
#1721 = EDGE_CURVE ( 'NONE', #1052, #5713, #4897, .T. ) ;
#1722 = FACE_OUTER_BOUND ( 'NONE', #170, .T. ) ;
#1723 = CARTESIAN_POINT ( 'NONE',  ( -31.54999999999995500, 25.30000000000000100, 3.675000000000330200 ) ) ;
#1724 = CARTESIAN_POINT ( 'NONE',  ( -31.89999999999999100, 25.30000000000000100, 0.8750000000003334000 ) ) ;
#1725 = AXIS2_PLACEMENT_3D ( 'NONE', #3677, #6395, #2264 ) ;
#1727 = ADVANCED_FACE ( 'NONE', ( #1815 ), #675, .T. ) ;
#1726 = DIRECTION ( 'NONE',  ( -1.000000000000000000, -0.0000000000000000000, -0.0000000000000000000 ) ) ;
#1728 = DIRECTION ( 'NONE',  ( 0.0000000000000000000, 0.0000000000000000000, -1.000000000000000000 ) ) ;
#1729 = LINE ( 'NONE', #3828, #6938 ) ;
#1730 = ORIENTED_EDGE ( 'NONE', *, *, #8303, .F. ) ;
#1731 = CIRCLE ( 'NONE', #3435, 1.250000000000001100 ) ;
#1732 = CARTESIAN_POINT ( 'NONE',  ( -31.89999999999996300, 25.30000000000000100, 3.325000000000334100 ) ) ;
#1733 = EDGE_CURVE ( 'NONE', #870, #8538, #4996, .T. ) ;
#1734 = FACE_OUTER_BOUND ( 'NONE', #520, .T. ) ;
#1735 = DIRECTION ( 'NONE',  ( 0.0000000000000000000, 0.0000000000000000000, -1.000000000000000000 ) ) ;
#1736 = LINE ( 'NONE', #2908, #6519 ) ;
#1737 = CARTESIAN_POINT ( 'NONE',  ( -31.89999999999998400, 21.30000000000000100, 1.925000000000334000 ) ) ;
#1738 = PLANE ( 'NONE',  #8456 ) ;
#1739 = EDGE_LOOP ( 'NONE', ( #8106, #7305, #6574, #916 ) ) ;
#1740 = CARTESIAN_POINT ( 'NONE',  ( -21.52499999999998800, 0.1000000000000000300, 2.499999999999999600 ) ) ;
#1741 = CARTESIAN_POINT ( 'NONE',  ( 2.950000000000007700, 0.6000000000000000900, 6.499999999999998200 ) ) ;
#1742 = PLANE ( 'NONE',  #7010 ) ;
#1743 = AXIS2_PLACEMENT_3D ( 'NONE', #7978, #8030, #541 ) ;
#1744 = ORIENTED_EDGE ( 'NONE', *, *, #1521, .T. ) ;
#1745 = CIRCLE ( 'NONE', #845, 0.2999999999999999300 ) ;
#1746 = FACE_OUTER_BOUND ( 'NONE', #3466, .T. ) ;
#1747 = EDGE_LOOP ( 'NONE', ( #8143, #4783, #1274, #1817 ) ) ;
#1748 = DIRECTION ( 'NONE',  ( 0.0000000000000000000, -1.000000000000000000, 0.0000000000000000000 ) ) ;
#1749 = EDGE_CURVE ( 'NONE', #7647, #396, #8079, .T. ) ;
#1750 = CARTESIAN_POINT ( 'NONE',  ( -9.791025403784441700, 18.75000000000000000, 2.417157287525380800 ) ) ;
#1751 = CARTESIAN_POINT ( 'NONE',  ( -8.924999999999997200, -1.770000000000000000, 2.500000000000000000 ) ) ;
#1752 = EDGE_LOOP ( 'NONE', ( #4367, #4565, #800, #6127, #6248, #7841 ) ) ;
#1753 = EDGE_CURVE ( 'NONE', #6569, #2841, #3953, .T. ) ;
#1754 = ORIENTED_EDGE ( 'NONE', *, *, #720, .T. ) ;
#1755 = LINE ( 'NONE', #4057, #5581 ) ;
#1756 = ORIENTED_EDGE ( 'NONE', *, *, #1794, .F. ) ;
#1757 = CARTESIAN_POINT ( 'NONE',  ( -32.72499999999999400, 25.89999999999999900, -4.599999999999999600 ) ) ;
#1758 = CARTESIAN_POINT ( 'NONE',  ( 3.765000000000005500, 0.0000000000000000000, 7.260000000000000700 ) ) ;
#1759 = DIRECTION ( 'NONE',  ( 0.0000000000000000000, -1.000000000000000000, 0.0000000000000000000 ) ) ;
#1760 = CARTESIAN_POINT ( 'NONE',  ( -11.82499999999999200, 1.499999999999999600, -5.200000000000000200 ) ) ;
#1761 = ORIENTED_EDGE ( 'NONE', *, *, #6970, .T. ) ;
#1762 = VECTOR ( 'NONE', #1262, 1000.000000000000000 ) ;
#1763 = VERTEX_POINT ( 'NONE', #2820 ) ;
#1764 = DIRECTION ( 'NONE',  ( 0.0000000000000000000, -1.000000000000000000, 0.0000000000000000000 ) ) ;
#1765 = AXIS2_PLACEMENT_3D ( 'NONE', #7769, #409, #1059 ) ;
#1766 = VERTEX_POINT ( 'NONE', #5547 ) ;
#1767 = CIRCLE ( 'NONE', #3222, 1.250000000000001100 ) ;
#1768 = DIRECTION ( 'NONE',  ( -9.912705577010238600E-015, 0.0000000000000000000, -1.000000000000000000 ) ) ;
#1769 = EDGE_CURVE ( 'NONE', #3924, #1954, #3635, .T. ) ;
#1770 = ORIENTED_EDGE ( 'NONE', *, *, #1243, .T. ) ;
#1771 = ADVANCED_FACE ( 'NONE', ( #1082 ), #23, .F. ) ;
#1772 = ORIENTED_EDGE ( 'NONE', *, *, #3069, .F. ) ;
#1773 = ORIENTED_EDGE ( 'NONE', *, *, #6393, .T. ) ;
#1774 = EDGE_CURVE ( 'NONE', #2853, #730, #4162, .T. ) ;
#1775 = DIRECTION ( 'NONE',  ( -0.0000000000000000000, -1.000000000000000000, -0.0000000000000000000 ) ) ;
#1776 = DIRECTION ( 'NONE',  ( 0.0000000000000000000, -1.000000000000000000, 0.0000000000000000000 ) ) ;
#1777 = ORIENTED_EDGE ( 'NONE', *, *, #4477, .T. ) ;
#1778 = CARTESIAN_POINT ( 'NONE',  ( -39.97500000000000100, 0.1099999999999989900, -2.999999999999997300 ) ) ;
#1779 = VECTOR ( 'NONE', #4879, 1000.000000000000000 ) ;
#1780 = DIRECTION ( 'NONE',  ( 0.0000000000000000000, 0.0000000000000000000, -1.000000000000000000 ) ) ;
#1781 = CARTESIAN_POINT ( 'NONE',  ( 23.76500000000000400, -0.2999999999999999900, 3.500000000000000000 ) ) ;
#1782 = VERTEX_POINT ( 'NONE', #948 ) ;
#1783 = EDGE_LOOP ( 'NONE', ( #1487, #1106 ) ) ;
#1784 = VERTEX_POINT ( 'NONE', #7775 ) ;
#1785 = AXIS2_PLACEMENT_3D ( 'NONE', #1168, #6586, #4586 ) ;
#1786 = ORIENTED_EDGE ( 'NONE', *, *, #5619, .T. ) ;
#1787 = VERTEX_POINT ( 'NONE', #3005 ) ;
#1788 = DIRECTION ( 'NONE',  ( 0.0000000000000000000, 1.000000000000000000, -0.0000000000000000000 ) ) ;
#1789 = CARTESIAN_POINT ( 'NONE',  ( -9.695366879089197800, 1.500000000000000400, -2.500000000000001800 ) ) ;
#1790 = LINE ( 'NONE', #6038, #3172 ) ;
#1791 = DIRECTION ( 'NONE',  ( -1.000000000000000000, 0.0000000000000000000, 0.0000000000000000000 ) ) ;
#1792 = DIRECTION ( 'NONE',  ( 0.0000000000000000000, 0.0000000000000000000, 1.000000000000000000 ) ) ;
#1793 = DIRECTION ( 'NONE',  ( -0.0000000000000000000, -1.000000000000000000, -0.0000000000000000000 ) ) ;
#1794 = EDGE_CURVE ( 'NONE', #1782, #5056, #2673, .T. ) ;
#1795 = EDGE_LOOP ( 'NONE', ( #5287, #3811, #6265, #8131 ) ) ;
#1796 = EDGE_LOOP ( 'NONE', ( #7868, #846, #7817, #8343 ) ) ;
#1798 = UNCERTAINTY_MEASURE_WITH_UNIT (LENGTH_MEASURE( 1.000000000000000100E-005 ), #2536, 'distance_accuracy_value', 'NONE');
#1797 = FACE_OUTER_BOUND ( 'NONE', #3188, .T. ) ;
#1799 = LINE ( 'NONE', #3568, #6998 ) ;
#1800 = ORIENTED_EDGE ( 'NONE', *, *, #5328, .F. ) ;
#1801 = ORIENTED_EDGE ( 'NONE', *, *, #79, .T. ) ;
#1802 = DIRECTION ( 'NONE',  ( 0.0000000000000000000, -0.0000000000000000000, -1.000000000000000000 ) ) ;
#1803 = ORIENTED_EDGE ( 'NONE', *, *, #6978, .T. ) ;
#1804 = DIRECTION ( 'NONE',  ( 0.0000000000000000000, -0.0000000000000000000, 1.000000000000000000 ) ) ;
#1805 = EDGE_CURVE ( 'NONE', #6326, #6363, #4261, .T. ) ;
#1806 = AXIS2_PLACEMENT_3D ( 'NONE', #700, #5428, #2727 ) ;
#1807 = DIRECTION ( 'NONE',  ( 1.000000000000000000, 0.0000000000000000000, 0.0000000000000000000 ) ) ;
#1808 = CARTESIAN_POINT ( 'NONE',  ( -26.62499999999998900, 18.55000000000000100, -5.200000000000001100 ) ) ;
#1809 = ORIENTED_EDGE ( 'NONE', *, *, #8168, .T. ) ;
#1810 = CYLINDRICAL_SURFACE ( 'NONE', #7935, 0.2000000000000001200 ) ;
#1811 = VECTOR ( 'NONE', #6530, 1000.000000000000000 ) ;
#1812 = CARTESIAN_POINT ( 'NONE',  ( 23.76500000000000400, -8.650000000000000400, 0.0000000000000000000 ) ) ;
#1813 = EDGE_LOOP ( 'NONE', ( #6892, #7642, #6476, #2110 ) ) ;
#1814 = EDGE_CURVE ( 'NONE', #4566, #8436, #2452, .T. ) ;
#1815 = FACE_OUTER_BOUND ( 'NONE', #3265, .T. ) ;
#1816 = DIRECTION ( 'NONE',  ( -0.0000000000000000000, 1.000000000000000000, -0.0000000000000000000 ) ) ;
#1817 = ORIENTED_EDGE ( 'NONE', *, *, #6760, .T. ) ;
#1818 = DIRECTION ( 'NONE',  ( -1.982541115402067900E-014, 0.0000000000000000000, -1.000000000000000000 ) ) ;
#1819 = VECTOR ( 'NONE', #6548, 1000.000000000000000 ) ;
#1820 = CARTESIAN_POINT ( 'NONE',  ( 2.950000000000007700, 0.2000000000000000100, 5.899999999999997700 ) ) ;
#1821 = EDGE_CURVE ( 'NONE', #1687, #2859, #7116, .T. ) ;
#1822 = DIRECTION ( 'NONE',  ( 0.0000000000000000000, 0.0000000000000000000, -1.000000000000000000 ) ) ;
#1823 = FACE_OUTER_BOUND ( 'NONE', #4951, .T. ) ;
#1824 = LINE ( 'NONE', #1625, #1399 ) ;
#1826 = ADVANCED_FACE ( 'NONE', ( #4056 ), #566, .T. ) ;
#1825 = CARTESIAN_POINT ( 'NONE',  ( -31.54999999999998600, 25.30000000000000100, 0.8750000000003299600 ) ) ;
#1827 = CARTESIAN_POINT ( 'NONE',  ( 1.575000000000007500, 0.1999999999999999800, 7.800000000000000700 ) ) ;
#1828 = LINE ( 'NONE', #1143, #3964 ) ;
#1829 = AXIS2_PLACEMENT_3D ( 'NONE', #2767, #5433, #2732 ) ;
#1830 = CIRCLE ( 'NONE', #262, 1.490000000000001300 ) ;
#1831 = VERTEX_POINT ( 'NONE', #5276 ) ;
#1832 = CARTESIAN_POINT ( 'NONE',  ( 21.79840395607028800, 19.75000000000000000, 1.849999999999999400 ) ) ;
#1833 = DIRECTION ( 'NONE',  ( 0.0000000000000000000, -1.000000000000000000, 0.0000000000000000000 ) ) ;
#1834 = DIRECTION ( 'NONE',  ( 1.000000000000000000, 0.0000000000000000000, 0.0000000000000000000 ) ) ;
#1835 = FACE_OUTER_BOUND ( 'NONE', #6063, .T. ) ;
#1836 = VECTOR ( 'NONE', #277, 1000.000000000000000 ) ;
#1837 = AXIS2_PLACEMENT_3D ( 'NONE', #8188, #3651, #4934 ) ;
#1838 = DIRECTION ( 'NONE',  ( 0.0000000000000000000, 0.0000000000000000000, -1.000000000000000000 ) ) ;
#1839 = CARTESIAN_POINT ( 'NONE',  ( -31.89999999999995600, 25.30000000000000100, 3.675000000000333800 ) ) ;
#1840 = AXIS2_PLACEMENT_3D ( 'NONE', #4487, #4407, #8441 ) ;
#1841 = CARTESIAN_POINT ( 'NONE',  ( 1.875000000000007500, 0.2000000000000000100, 6.499999999999999100 ) ) ;
#1842 = EDGE_LOOP ( 'NONE', ( #7641, #3713, #6859, #4006, #4452, #3315 ) ) ;
#1843 = DIRECTION ( 'NONE',  ( 0.0000000000000000000, -1.000000000000000000, 0.0000000000000000000 ) ) ;
#1844 = DIRECTION ( 'NONE',  ( -1.000000000000000000, -0.0000000000000000000, 9.912705577010238600E-015 ) ) ;
#1845 = LINE ( 'NONE', #2840, #3554 ) ;
#1846 = CARTESIAN_POINT ( 'NONE',  ( -8.924999999999997200, -0.05358983848622472800, 2.299999999999999800 ) ) ;
#1847 = UNCERTAINTY_MEASURE_WITH_UNIT (LENGTH_MEASURE( 1.000000000000000100E-005 ), #4560, 'distance_accuracy_value', 'NONE');
#1848 = VECTOR ( 'NONE', #8660, 1000.000000000000000 ) ;
#1849 = EDGE_CURVE ( 'NONE', #4288, #6782, #2133, .T. ) ;
#1850 = DIRECTION ( 'NONE',  ( 0.0000000000000000000, 0.0000000000000000000, 1.000000000000000000 ) ) ;
#1851 = DIRECTION ( 'NONE',  ( 0.0000000000000000000, 0.0000000000000000000, 1.000000000000000000 ) ) ;
#1852 = AXIS2_PLACEMENT_3D ( 'NONE', #5708, #1636, #6366 ) ;
#1853 = ORIENTED_EDGE ( 'NONE', *, *, #7595, .F. ) ;
#1854 = CARTESIAN_POINT ( 'NONE',  ( 3.765000000000005500, 0.6999999999999999600, 8.800000000000000700 ) ) ;
#1855 = CIRCLE ( 'NONE', #4595, 1.000000000000000400 ) ;
#1856 = AXIS2_PLACEMENT_3D ( 'NONE', #98, #4733, #6193 ) ;
#1857 = LINE ( 'NONE', #5795, #3234 ) ;
#1858 = ORIENTED_EDGE ( 'NONE', *, *, #6501, .T. ) ;
#1859 = EDGE_CURVE ( 'NONE', #5056, #4229, #5530, .T. ) ;
#1860 = CARTESIAN_POINT ( 'NONE',  ( -9.617820323027549600, 18.65000000000000200, -2.300000000000000300 ) ) ;
#1861 = CARTESIAN_POINT ( 'NONE',  ( -6.424999999999996300, 18.75000000000000400, -2.300000000000000300 ) ) ;
#1862 = CYLINDRICAL_SURFACE ( 'NONE', #2669, 2.149999999999999900 ) ;
#1863 = CARTESIAN_POINT ( 'NONE',  ( 12.76500000000000600, -1.770000000000000000, -1.990000000000001300 ) ) ;
#1864 = ORIENTED_EDGE ( 'NONE', *, *, #7410, .T. ) ;
#1865 = ADVANCED_FACE ( 'NONE', ( #1292 ), #5102, .T. ) ;
#1866 = VERTEX_POINT ( 'NONE', #2674 ) ;
#1867 = ORIENTED_EDGE ( 'NONE', *, *, #3691, .T. ) ;
#1868 = FACE_BOUND ( 'NONE', #1046, .T. ) ;
#1869 = DIRECTION ( 'NONE',  ( -1.000000000000000000, -0.0000000000000000000, -0.0000000000000000000 ) ) ;
#1870 = EDGE_CURVE ( 'NONE', #2205, #6949, #6810, .T. ) ;
#1871 = CARTESIAN_POINT ( 'NONE',  ( -26.62499999999998900, 18.55000000000000100, -5.200000000000001100 ) ) ;
#1872 = VERTEX_POINT ( 'NONE', #6666 ) ;
#1873 = DIRECTION ( 'NONE',  ( 0.0000000000000000000, 1.000000000000000000, 0.0000000000000000000 ) ) ;
#1874 = CARTESIAN_POINT ( 'NONE',  ( 1.875000000000007500, 0.6000000000000000900, 5.899999999999997700 ) ) ;
#1875 = ADVANCED_FACE ( 'NONE', ( #3525 ), #348, .F. ) ;
#1876 = ORIENTED_EDGE ( 'NONE', *, *, #5905, .T. ) ;
#1877 = LINE ( 'NONE', #8398, #4212 ) ;
#1878 = CARTESIAN_POINT ( 'NONE',  ( 1.875000000000007500, 0.6000000000000000900, -4.824999999999999300 ) ) ;
#1879 = ORIENTED_EDGE ( 'NONE', *, *, #2258, .F. ) ;
#1880 = EDGE_CURVE ( 'NONE', #6121, #8259, #7447, .T. ) ;
#1881 = ORIENTED_EDGE ( 'NONE', *, *, #4392, .T. ) ;
#1882 = ORIENTED_EDGE ( 'NONE', *, *, #1794, .T. ) ;
#1883 = FACE_OUTER_BOUND ( 'NONE', #8054, .T. ) ;
#1884 = VERTEX_POINT ( 'NONE', #7331 ) ;
#1885 = DIRECTION ( 'NONE',  ( 0.0000000000000000000, -1.000000000000000000, 0.0000000000000000000 ) ) ;
#1886 = AXIS2_PLACEMENT_3D ( 'NONE', #1408, #117, #6838 ) ;
#1887 = ORIENTED_EDGE ( 'NONE', *, *, #412, .F. ) ;
#1888 = CARTESIAN_POINT ( 'NONE',  ( -6.424999999999996300, 18.75000000000000400, 2.500000000000000000 ) ) ;
#1889 = VERTEX_POINT ( 'NONE', #1984 ) ;
#1890 = AXIS2_PLACEMENT_3D ( 'NONE', #7328, #629, #8006 ) ;
#1891 = ORIENTED_EDGE ( 'NONE', *, *, #5115, .T. ) ;
#1892 = FACE_OUTER_BOUND ( 'NONE', #5315, .T. ) ;
#1893 = ORIENTED_EDGE ( 'NONE', *, *, #5955, .F. ) ;
#1894 = VERTEX_POINT ( 'NONE', #4441 ) ;
#1895 = EDGE_CURVE ( 'NONE', #1247, #2568, #666, .T. ) ;
#1896 = EDGE_LOOP ( 'NONE', ( #6473, #5127, #1285, #2019 ) ) ;
#1897 = PLANE ( 'NONE',  #5426 ) ;
#1898 = VERTEX_POINT ( 'NONE', #5794 ) ;
#1899 = CARTESIAN_POINT ( 'NONE',  ( -0.8249999999999924100, 18.75000000000000000, -11.19999999999999900 ) ) ;
#1900 = EDGE_LOOP ( 'NONE', ( #3134, #4265, #1991, #1171 ) ) ;
#1901 = DIRECTION ( 'NONE',  ( -0.0000000000000000000, 1.000000000000000000, -0.0000000000000000000 ) ) ;
#1902 = AXIS2_PLACEMENT_3D ( 'NONE', #7628, #4808, #2766 ) ;
#1903 = CARTESIAN_POINT ( 'NONE',  ( -0.8249999999999924100, 18.75000000000000000, 11.19999999999999900 ) ) ;
#1904 = AXIS2_PLACEMENT_3D ( 'NONE', #6016, #8708, #3904 ) ;
#1905 = ORIENTED_EDGE ( 'NONE', *, *, #6760, .F. ) ;
#1906 = LINE ( 'NONE', #4291, #119 ) ;
#1907 = CYLINDRICAL_SURFACE ( 'NONE', #4621, 9.600000000000001400 ) ;
#1908 = CARTESIAN_POINT ( 'NONE',  ( 3.423247678597960400, 0.0000000000000000000, 7.298399070719416000 ) ) ;
#1909 = CARTESIAN_POINT ( 'NONE',  ( -6.424999999999996300, -1.770000000000000000, 2.299999999999999800 ) ) ;
#1910 = CARTESIAN_POINT ( 'NONE',  ( 21.79840395607028800, 27.40000000000000200, -1.850000000000000800 ) ) ;
#1911 = ADVANCED_FACE ( 'NONE', ( #2342 ), #7416, .T. ) ;
#1912 = EDGE_CURVE ( 'NONE', #2659, #5680, #132, .T. ) ;
#1913 = FACE_OUTER_BOUND ( 'NONE', #3585, .T. ) ;
#1914 = ORIENTED_EDGE ( 'NONE', *, *, #249, .F. ) ;
#1915 = LINE ( 'NONE', #5133, #8725 ) ;
#1916 = FILL_AREA_STYLE_COLOUR ( '', #3042 ) ;
#1917 = MECHANICAL_DESIGN_GEOMETRIC_PRESENTATION_REPRESENTATION (  '', ( #238 ), #6631 ) ;
#1918 = CARTESIAN_POINT ( 'NONE',  ( 30.67500000000000800, 18.44999999999999900, 10.90000000000000000 ) ) ;
#1920 = ADVANCED_FACE ( 'NONE', ( #3742 ), #3230, .F. ) ;
#1919 = DIRECTION ( 'NONE',  ( 1.000000000000000000, 0.0000000000000000000, 0.0000000000000000000 ) ) ;
#1921 = LINE ( 'NONE', #2020, #8617 ) ;
#1922 = DIRECTION ( 'NONE',  ( 0.0000000000000000000, 0.0000000000000000000, -1.000000000000000000 ) ) ;
#1923 = VERTEX_POINT ( 'NONE', #548 ) ;
#1924 = ORIENTED_EDGE ( 'NONE', *, *, #2645, .F. ) ;
#1925 = LINE ( 'NONE', #519, #8302 ) ;
#1926 = EDGE_CURVE ( 'NONE', #8056, #5067, #6489, .T. ) ;
#1927 = DIRECTION ( 'NONE',  ( 0.0000000000000000000, 0.0000000000000000000, -1.000000000000000000 ) ) ;
#1928 = CYLINDRICAL_SURFACE ( 'NONE', #8498, 0.1999999999999996500 ) ;
#1929 = DIRECTION ( 'NONE',  ( 0.0000000000000000000, 0.0000000000000000000, -1.000000000000000000 ) ) ;
#1930 = VECTOR ( 'NONE', #5205, 1000.000000000000000 ) ;
#1931 = DIRECTION ( 'NONE',  ( 0.0000000000000000000, -1.000000000000000000, 9.451687981113238900E-017 ) ) ;
#1932 = EDGE_CURVE ( 'NONE', #2419, #953, #5839, .T. ) ;
#1933 = LINE ( 'NONE', #8332, #149 ) ;
#1934 = DIRECTION ( 'NONE',  ( -0.0000000000000000000, -1.000000000000000000, -0.0000000000000000000 ) ) ;
#1935 = CARTESIAN_POINT ( 'NONE',  ( -34.12499999999998600, 0.1099999999999989900, -5.199999999999999300 ) ) ;
#1936 = CARTESIAN_POINT ( 'NONE',  ( -33.12499999999999300, 21.30000000000000100, 5.000000000000000000 ) ) ;
#1937 = FACE_BOUND ( 'NONE', #4217, .T. ) ;
#1938 = ORIENTED_EDGE ( 'NONE', *, *, #1946, .F. ) ;
#1939 = AXIS2_PLACEMENT_3D ( 'NONE', #3625, #5564, #2156 ) ;
#1940 = EDGE_CURVE ( 'NONE', #8122, #1678, #8506, .T. ) ;
#1941 = FACE_OUTER_BOUND ( 'NONE', #523, .T. ) ;
#1942 = CARTESIAN_POINT ( 'NONE',  ( 23.76500000000000400, 0.0000000000000000000, 0.0000000000000000000 ) ) ;
#1943 = DIRECTION ( 'NONE',  ( 0.0000000000000000000, 0.0000000000000000000, -1.000000000000000000 ) ) ;
#1944 = CARTESIAN_POINT ( 'NONE',  ( 32.67500000000000400, 28.80000000000000100, -8.500000000000000000 ) ) ;
#1945 = DIRECTION ( 'NONE',  ( -0.0000000000000000000, -0.0000000000000000000, -1.000000000000000000 ) ) ;
#1946 = EDGE_CURVE ( 'NONE', #1663, #2012, #7668, .T. ) ;
#1947 = DIRECTION ( 'NONE',  ( 0.0000000000000000000, 1.000000000000000000, 0.0000000000000000000 ) ) ;
#1948 = VERTEX_POINT ( 'NONE', #4073 ) ;
#1949 = ADVANCED_FACE ( 'NONE', ( #3193 ), #2785, .T. ) ;
#1950 = ORIENTED_EDGE ( 'NONE', *, *, #1940, .F. ) ;
#1951 = LINE ( 'NONE', #4562, #167 ) ;
#1952 = DIRECTION ( 'NONE',  ( 0.0000000000000000000, 0.0000000000000000000, -1.000000000000000000 ) ) ;
#1953 = FACE_OUTER_BOUND ( 'NONE', #6316, .T. ) ;
#1954 = VERTEX_POINT ( 'NONE', #1442 ) ;
#1955 = DIRECTION ( 'NONE',  ( 0.0000000000000000000, 0.0000000000000000000, -1.000000000000000000 ) ) ;
#1956 = AXIS2_PLACEMENT_3D ( 'NONE', #6082, #1362, #70 ) ;
#1957 = DIRECTION ( 'NONE',  ( 0.0000000000000000000, -1.000000000000000000, 0.0000000000000000000 ) ) ;
#1958 = DIRECTION ( 'NONE',  ( 0.0000000000000000000, 0.0000000000000000000, -1.000000000000000000 ) ) ;
#1959 = EDGE_CURVE ( 'NONE', #8206, #4622, #1386, .T. ) ;
#1960 = LINE ( 'NONE', #4961, #5147 ) ;
#1961 = ADVANCED_FACE ( 'NONE', ( #8289 ), #7060, .F. ) ;
#1962 = VECTOR ( 'NONE', #6229, 1000.000000000000000 ) ;
#1963 = EDGE_LOOP ( 'NONE', ( #6648, #8534, #4978, #4523 ) ) ;
#1964 = CARTESIAN_POINT ( 'NONE',  ( -26.62499999999998900, 18.55000000000000100, -5.200000000000001100 ) ) ;
#1965 = EDGE_LOOP ( 'NONE', ( #3587, #2104 ) ) ;
#1966 = CARTESIAN_POINT ( 'NONE',  ( -0.8249999999999924100, 1.499999999999999600, -5.200000000000000200 ) ) ;
#1967 = PLANE ( 'NONE',  #4302 ) ;
#1968 = DIRECTION ( 'NONE',  ( 0.0000000000000000000, 0.0000000000000000000, -1.000000000000000000 ) ) ;
#1969 = ORIENTED_EDGE ( 'NONE', *, *, #3590, .T. ) ;
#1970 = AXIS2_PLACEMENT_3D ( 'NONE', #2061, #1322, #8237 ) ;
#1971 = ORIENTED_EDGE ( 'NONE', *, *, #4264, .T. ) ;
#1972 = TOROIDAL_SURFACE ( 'NONE', #3754, 4.200000000000002000, 0.2999999999999999900 ) ;
#1973 = CARTESIAN_POINT ( 'NONE',  ( -8.924999999999997200, 22.02000000000000300, 2.500000000000000000 ) ) ;
#1974 = EDGE_LOOP ( 'NONE', ( #5588, #2845, #320, #1407 ) ) ;
#1975 = EDGE_CURVE ( 'NONE', #6422, #730, #8400, .T. ) ;
#1976 = VERTEX_POINT ( 'NONE', #2956 ) ;
#1977 = DIRECTION ( 'NONE',  ( 0.0000000000000000000, 1.000000000000000000, 0.0000000000000000000 ) ) ;
#1978 = DIRECTION ( 'NONE',  ( 0.0000000000000000000, 0.0000000000000000000, 1.000000000000000000 ) ) ;
#1979 = CARTESIAN_POINT ( 'NONE',  ( 23.76500000000000400, -0.2999999999999999900, -2.700000000000001100 ) ) ;
#1980 = DIRECTION ( 'NONE',  ( 1.000000000000000000, 0.0000000000000000000, 0.0000000000000000000 ) ) ;
#1981 = ORIENTED_EDGE ( 'NONE', *, *, #1309, .F. ) ;
#1982 = FACE_OUTER_BOUND ( 'NONE', #5951, .T. ) ;
#1983 = CARTESIAN_POINT ( 'NONE',  ( -31.89999999999999900, 25.30000000000000100, 0.5250000000003337600 ) ) ;
#1984 = CARTESIAN_POINT ( 'NONE',  ( -13.82499999999999400, 0.09999999999999939500, -5.200000000000001100 ) ) ;
#1985 = VERTEX_POINT ( 'NONE', #2930 ) ;
#1986 = VERTEX_POINT ( 'NONE', #908 ) ;
#1987 = EDGE_CURVE ( 'NONE', #5720, #4166, #2877, .T. ) ;
#1988 = CARTESIAN_POINT ( 'NONE',  ( 37.57500000000000300, 10.77500000000000000, 0.0000000000000000000 ) ) ;
#1989 = ORIENTED_EDGE ( 'NONE', *, *, #7550, .T. ) ;
#1990 = PLANE ( 'NONE',  #7979 ) ;
#1991 = ORIENTED_EDGE ( 'NONE', *, *, #4577, .F. ) ;
#1992 = ORIENTED_EDGE ( 'NONE', *, *, #6600, .F. ) ;
#1993 = DIRECTION ( 'NONE',  ( 0.0000000000000000000, 0.0000000000000000000, 1.000000000000000000 ) ) ;
#1994 = LINE ( 'NONE', #7377, #8048 ) ;
#1995 = ADVANCED_FACE ( 'NONE', ( #3082 ), #3622, .F. ) ;
#1996 = AXIS2_PLACEMENT_3D ( 'NONE', #8464, #7895, #7220 ) ;
#1997 = EDGE_LOOP ( 'NONE', ( #4728, #2107, #1540, #5737 ) ) ;
#1998 = VERTEX_POINT ( 'NONE', #4912 ) ;
#1999 = DIRECTION ( 'NONE',  ( 0.0000000000000000000, -0.0000000000000000000, -1.000000000000000000 ) ) ;
#2000 = ORIENTED_EDGE ( 'NONE', *, *, #7960, .T. ) ;
#2001 = VERTEX_POINT ( 'NONE', #5534 ) ;
#2002 = ORIENTED_EDGE ( 'NONE', *, *, #4750, .T. ) ;
#2003 = LINE ( 'NONE', #4539, #6786 ) ;
#2004 = AXIS2_PLACEMENT_3D ( 'NONE', #2201, #1612, #8351 ) ;
#2005 = ORIENTED_EDGE ( 'NONE', *, *, #8246, .T. ) ;
#2006 = CARTESIAN_POINT ( 'NONE',  ( 1.575000000000008800, 0.6999999999999999600, -6.200000000000000200 ) ) ;
#2007 = ADVANCED_FACE ( 'NONE', ( #6482 ), #5591, .F. ) ;
#2008 = EDGE_LOOP ( 'NONE', ( #8422, #652, #2548, #5806 ) ) ;
#2009 = CYLINDRICAL_SURFACE ( 'NONE', #220, 0.1999999999999997900 ) ;
#2010 = PLANE ( 'NONE',  #714 ) ;
#2011 = FACE_OUTER_BOUND ( 'NONE', #8620, .T. ) ;
#2012 = VERTEX_POINT ( 'NONE', #6898 ) ;
#2013 = CARTESIAN_POINT ( 'NONE',  ( -13.82499999999999400, 20.15000000000000200, 5.200000000000001100 ) ) ;
#2014 = AXIS2_PLACEMENT_3D ( 'NONE', #6278, #1759, #8504 ) ;
#2015 = ORIENTED_EDGE ( 'NONE', *, *, #4316, .F. ) ;
#2016 = ORIENTED_EDGE ( 'NONE', *, *, #4350, .F. ) ;
#2017 = CARTESIAN_POINT ( 'NONE',  ( -31.90000000000004100, 21.30000000000000100, -3.674999999999665900 ) ) ;
#2018 = EDGE_CURVE ( 'NONE', #2242, #2778, #553, .T. ) ;
#2019 = ORIENTED_EDGE ( 'NONE', *, *, #8448, .T. ) ;
#2020 = CARTESIAN_POINT ( 'NONE',  ( 23.76500000000000400, 26.39999999999999900, -1.250000000000001100 ) ) ;
#2021 = LINE ( 'NONE', #3623, #3630 ) ;
#2022 = FACE_OUTER_BOUND ( 'NONE', #8550, .T. ) ;
#2023 = PLANE ( 'NONE',  #2815 ) ;
#2024 = CARTESIAN_POINT ( 'NONE',  ( 2.343321059990332700, 0.0000000000000000000, -8.208029568700457200 ) ) ;
#2025 = EDGE_LOOP ( 'NONE', ( #5417, #5195, #7500, #4247 ) ) ;
#2026 =( GEOMETRIC_REPRESENTATION_CONTEXT ( 3 ) GLOBAL_UNCERTAINTY_ASSIGNED_CONTEXT ( ( #7509 ) ) GLOBAL_UNIT_ASSIGNED_CONTEXT ( ( #3427, #6885, #739 ) ) REPRESENTATION_CONTEXT ( 'NONE', 'WORKASPACE' ) );
#2027 = CARTESIAN_POINT ( 'NONE',  ( -31.89999999999995600, 25.30000000000000100, 3.675000000000333800 ) ) ;
#2028 = LINE ( 'NONE', #3452, #5744 ) ;
#2029 = DIRECTION ( 'NONE',  ( -0.0000000000000000000, 1.000000000000000000, -0.0000000000000000000 ) ) ;
#2030 = ORIENTED_EDGE ( 'NONE', *, *, #890, .F. ) ;
#2031 = EDGE_LOOP ( 'NONE', ( #7205, #2327, #8690, #3381 ) ) ;
#2032 = LINE ( 'NONE', #3445, #8622 ) ;
#2033 = APPLICATION_PROTOCOL_DEFINITION ( 'draft international standard', 'automotive_design', 1998, #8174 ) ;
#2034 = VERTEX_POINT ( 'NONE', #3793 ) ;
#2035 = EDGE_CURVE ( 'NONE', #7466, #5100, #6373, .T. ) ;
#2036 = CARTESIAN_POINT ( 'NONE',  ( 35.38513020980073500, 10.86121797433954800, 2.637489285131168000 ) ) ;
#2037 = LINE ( 'NONE', #4188, #5430 ) ;
#2038 = CIRCLE ( 'NONE', #4605, 2.700000000000001100 ) ;
#2039 = AXIS2_PLACEMENT_3D ( 'NONE', #3767, #7158, #8530 ) ;
#2040 = CARTESIAN_POINT ( 'NONE',  ( -9.124999999999998200, -0.05358983848622472800, -2.300000000000000300 ) ) ;
#2041 = DIRECTION ( 'NONE',  ( 1.000000000000000000, 0.0000000000000000000, 0.0000000000000000000 ) ) ;
#2042 = CARTESIAN_POINT ( 'NONE',  ( 23.76500000000000400, 27.40000000000000200, -2.700000000000001100 ) ) ;
#2043 = CARTESIAN_POINT ( 'NONE',  ( 1.875000000000007500, 0.2000000000000000100, 6.499999999999999100 ) ) ;
#2044 = EDGE_CURVE ( 'NONE', #1153, #5172, #2441, .T. ) ;
#2045 = ADVANCED_FACE ( 'NONE', ( #1913 ), #4289, .F. ) ;
#2046 = LINE ( 'NONE', #5047, #3753 ) ;
#2047 = EDGE_CURVE ( 'NONE', #4299, #1782, #1071, .T. ) ;
#2048 = CARTESIAN_POINT ( 'NONE',  ( -11.82499999999999200, 7.500000000000002700, 11.20000000000000300 ) ) ;
#2049 = CIRCLE ( 'NONE', #5699, 1.250000000000001100 ) ;
#2050 = DIRECTION ( 'NONE',  ( 0.0000000000000000000, 0.0000000000000000000, -1.000000000000000000 ) ) ;
#2051 = LINE ( 'NONE', #8515, #4375 ) ;
#2052 = ADVANCED_FACE ( 'NONE', ( #2332 ), #3242, .T. ) ;
#2053 = ORIENTED_EDGE ( 'NONE', *, *, #4159, .T. ) ;
#2054 = APPLICATION_PROTOCOL_DEFINITION ( 'draft international standard', 'automotive_design', 1998, #1429 ) ;
#2055 = DIRECTION ( 'NONE',  ( 1.000000000000000000, 0.0000000000000000000, 2.205236150722681400E-016 ) ) ;
#2056 = PLANE ( 'NONE',  #8673 ) ;
#2057 = DIRECTION ( 'NONE',  ( -0.0000000000000000000, 1.000000000000000000, -0.0000000000000000000 ) ) ;
#2058 = LINE ( 'NONE', #211, #1317 ) ;
#2059 = AXIS2_PLACEMENT_3D ( 'NONE', #4222, #2951, #4260 ) ;
#2060 = AXIS2_PLACEMENT_3D ( 'NONE', #952, #8483, #370 ) ;
#2061 = CARTESIAN_POINT ( 'NONE',  ( -33.12499999999999300, 20.89999999999999900, -5.000000000000000900 ) ) ;
#2062 = ORIENTED_EDGE ( 'NONE', *, *, #7307, .F. ) ;
#2063 = DIRECTION ( 'NONE',  ( 0.0000000000000000000, 0.0000000000000000000, -1.000000000000000000 ) ) ;
#2064 = DIRECTION ( 'NONE',  ( -0.0000000000000000000, -0.0000000000000000000, 1.000000000000000000 ) ) ;
#2065 = DIRECTION ( 'NONE',  ( 1.000000000000000000, 0.0000000000000000000, -9.912705577010238600E-015 ) ) ;
#2066 = MANIFOLD_SOLID_BREP ( 'Header Contact [5]', #5508 ) ;
#2067 = CARTESIAN_POINT ( 'NONE',  ( -8.924999999999997200, 21.82000000000000700, -2.300000000000000300 ) ) ;
#2068 = FACE_OUTER_BOUND ( 'NONE', #5522, .T. ) ;
#2069 = EDGE_CURVE ( 'NONE', #4022, #228, #766, .T. ) ;
#2070 = CARTESIAN_POINT ( 'NONE',  ( 37.57500000000000300, 7.974999999999999600, 1.495000000000005700 ) ) ;
#2071 = AXIS2_PLACEMENT_3D ( 'NONE', #368, #3865, #3750 ) ;
#2072 = DIRECTION ( 'NONE',  ( 1.000000000000000000, 0.0000000000000000000, 0.0000000000000000000 ) ) ;
#2073 = FACE_OUTER_BOUND ( 'NONE', #3085, .T. ) ;
#2074 =( GEOMETRIC_REPRESENTATION_CONTEXT ( 3 ) GLOBAL_UNCERTAINTY_ASSIGNED_CONTEXT ( ( #1798 ) ) GLOBAL_UNIT_ASSIGNED_CONTEXT ( ( #2536, #3855, #8557 ) ) REPRESENTATION_CONTEXT ( 'NONE', 'WORKASPACE' ) );
#2075 = DIRECTION ( 'NONE',  ( -1.000000000000000000, 0.0000000000000000000, 7.350523203291556200E-017 ) ) ;
#2076 = DIRECTION ( 'NONE',  ( 0.0000000000000000000, 0.0000000000000000000, -1.000000000000000000 ) ) ;
#2077 = ORIENTED_EDGE ( 'NONE', *, *, #5029, .T. ) ;
#2078 = DIRECTION ( 'NONE',  ( 0.0000000000000000000, -1.000000000000000000, 0.0000000000000000000 ) ) ;
#2079 = ORIENTED_EDGE ( 'NONE', *, *, #2562, .F. ) ;
#2080 = EDGE_CURVE ( 'NONE', #2979, #1976, #970, .T. ) ;
#2081 = ORIENTED_EDGE ( 'NONE', *, *, #5082, .F. ) ;
#2082 = FACE_OUTER_BOUND ( 'NONE', #8145, .T. ) ;
#2083 = ORIENTED_EDGE ( 'NONE', *, *, #2838, .F. ) ;
#2084 = ADVANCED_FACE ( 'NONE', ( #6691 ), #6052, .T. ) ;
#2085 = DIRECTION ( 'NONE',  ( 0.0000000000000000000, -0.0000000000000000000, 1.000000000000000000 ) ) ;
#2086 = AXIS2_PLACEMENT_3D ( 'NONE', #6349, #5646, #3116 ) ;
#2087 = EDGE_LOOP ( 'NONE', ( #3926, #7120 ) ) ;
#2088 = FACE_OUTER_BOUND ( 'NONE', #5745, .T. ) ;
#2089 = EDGE_CURVE ( 'NONE', #5100, #7466, #6162, .T. ) ;
#2090 = CARTESIAN_POINT ( 'NONE',  ( 25.73159604392972000, -8.650000000000000400, 1.849999999999999400 ) ) ;
#2091 = EDGE_CURVE ( 'NONE', #6757, #5583, #2989, .T. ) ;
#2092 = ORIENTED_EDGE ( 'NONE', *, *, #5507, .F. ) ;
#2093 = DIRECTION ( 'NONE',  ( -0.0000000000000000000, -1.000000000000000000, -0.0000000000000000000 ) ) ;
#2094 = ADVANCED_FACE ( 'NONE', ( #3515 ), #5735, .T. ) ;
#2095 = DIRECTION ( 'NONE',  ( 1.000000000000000000, 0.0000000000000000000, 4.336808689942010300E-016 ) ) ;
#2096 = CARTESIAN_POINT ( 'NONE',  ( 1.875000000000007500, 0.6000000000000000900, 6.499999999999999100 ) ) ;
#2097 = ORIENTED_EDGE ( 'NONE', *, *, #8193, .T. ) ;
#2098 = COLOUR_RGB ( '',1.000000000000000000, 1.000000000000000000, 1.000000000000000000 ) ;
#2099 = PLANE ( 'NONE',  #2999 ) ;
#2100 = ORIENTED_EDGE ( 'NONE', *, *, #5310, .F. ) ;
#2101 = DIRECTION ( 'NONE',  ( 0.0000000000000000000, 0.0000000000000000000, 1.000000000000000000 ) ) ;
#2102 = DIRECTION ( 'NONE',  ( 0.0000000000000000000, 0.0000000000000000000, -1.000000000000000000 ) ) ;
#2103 = DIRECTION ( 'NONE',  ( 0.0000000000000000000, 1.000000000000000000, -2.125886612716674300E-017 ) ) ;
#2104 = ORIENTED_EDGE ( 'NONE', *, *, #1041, .T. ) ;
#2105 = FILL_AREA_STYLE_COLOUR ( '', #5106 ) ;
#2106 = DIRECTION ( 'NONE',  ( 0.0000000000000000000, 1.000000000000000000, 0.0000000000000000000 ) ) ;
#2107 = ORIENTED_EDGE ( 'NONE', *, *, #7584, .T. ) ;
#2108 = CIRCLE ( 'NONE', #2654, 2.149999999999999900 ) ;
#2109 = DIRECTION ( 'NONE',  ( 0.0000000000000000000, 1.000000000000000000, 0.0000000000000000000 ) ) ;
#2110 = ORIENTED_EDGE ( 'NONE', *, *, #3853, .F. ) ;
#2111 = AXIS2_PLACEMENT_3D ( 'NONE', #1320, #3191, #8055 ) ;
#2112 = VERTEX_POINT ( 'NONE', #5237 ) ;
#2113 = ORIENTED_EDGE ( 'NONE', *, *, #6763, .F. ) ;
#2114 = ORIENTED_EDGE ( 'NONE', *, *, #8470, .T. ) ;
#2115 = EDGE_CURVE ( 'NONE', #3390, #8360, #8722, .T. ) ;
#2116 = VERTEX_POINT ( 'NONE', #7932 ) ;
#2117 = VERTEX_POINT ( 'NONE', #1179 ) ;
#2118 = LINE ( 'NONE', #7513, #7329 ) ;
#2119 = CARTESIAN_POINT ( 'NONE',  ( -0.8249999999999924100, 18.75000000000000000, 11.19999999999999900 ) ) ;
#2120 = EDGE_CURVE ( 'NONE', #2757, #6153, #4457, .T. ) ;
#2121 = CARTESIAN_POINT ( 'NONE',  ( 16.61500000000000600, 0.6999999999999999600, 8.749999999999998200 ) ) ;
#2122 = CARTESIAN_POINT ( 'NONE',  ( 3.765000000000005500, 0.6999999999999999600, 8.800000000000000700 ) ) ;
#2123 = CARTESIAN_POINT ( 'NONE',  ( 0.2000000000000070300, 0.6000000000000000900, -5.899999999999997700 ) ) ;
#2124 = VECTOR ( 'NONE', #7252, 1000.000000000000000 ) ;
#2125 = CARTESIAN_POINT ( 'NONE',  ( 0.2000000000000070300, 0.2000000000000000100, 6.499999999999998200 ) ) ;
#2126 = EDGE_LOOP ( 'NONE', ( #3343, #3477, #1425, #3884, #2501, #7190, #537, #1876 ) ) ;
#2127 = AXIS2_PLACEMENT_3D ( 'NONE', #2572, #4512, #3248 ) ;
#2128 = ORIENTED_EDGE ( 'NONE', *, *, #5619, .F. ) ;
#2129 = FACE_OUTER_BOUND ( 'NONE', #8128, .T. ) ;
#2130 = ADVANCED_FACE ( 'NONE', ( #7333 ), #2099, .F. ) ;
#2131 = EDGE_CURVE ( 'NONE', #5056, #5044, #2662, .T. ) ;
#2132 = CARTESIAN_POINT ( 'NONE',  ( -8.724999999999996100, -0.05358983848622472800, 2.299999999999999800 ) ) ;
#2133 = LINE ( 'NONE', #6374, #7559 ) ;
#2134 = CARTESIAN_POINT ( 'NONE',  ( -8.951794919243109700, 20.20358983848623100, -2.300000000000000300 ) ) ;
#2135 = CARTESIAN_POINT ( 'NONE',  ( 16.61500000000000600, 0.0000000000000000000, 8.749999999999998200 ) ) ;
#2136 = DIRECTION ( 'NONE',  ( -1.000000000000000000, 0.0000000000000000000, 0.0000000000000000000 ) ) ;
#2137 = ORIENTED_EDGE ( 'NONE', *, *, #5718, .T. ) ;
#2138 = CARTESIAN_POINT ( 'NONE',  ( 35.77500000000001300, 7.974999999999999600, 2.499999999999999600 ) ) ;
#2139 = FACE_OUTER_BOUND ( 'NONE', #5482, .T. ) ;
#2140 = CARTESIAN_POINT ( 'NONE',  ( 34.87500000000000700, 0.0000000000000000000, 6.700000000000000200 ) ) ;
#2141 = ORIENTED_EDGE ( 'NONE', *, *, #8393, .T. ) ;
#2142 = ADVANCED_FACE ( 'NONE', ( #4253 ), #7567, .T. ) ;
#2143 = DIRECTION ( 'NONE',  ( -0.0000000000000000000, -1.000000000000000000, 0.0000000000000000000 ) ) ;
#2144 = LINE ( 'NONE', #1936, #3752 ) ;
#2145 = PLANE ( 'NONE',  #5655 ) ;
#2146 = LINE ( 'NONE', #5317, #4174 ) ;
#2147 = EDGE_CURVE ( 'NONE', #8734, #8345, #1185, .T. ) ;
#2148 = DIRECTION ( 'NONE',  ( -0.0000000000000000000, -1.000000000000000000, 0.0000000000000000000 ) ) ;
#2149 = ORIENTED_EDGE ( 'NONE', *, *, #3283, .T. ) ;
#2150 = CARTESIAN_POINT ( 'NONE',  ( -21.52499999999998800, 1.099999999999999900, 2.499999999999999600 ) ) ;
#2151 = CARTESIAN_POINT ( 'NONE',  ( 0.5750000000000076200, 18.34999999999999800, -9.799999999999997200 ) ) ;
#2152 = LINE ( 'NONE', #2125, #1512 ) ;
#2153 = DIRECTION ( 'NONE',  ( 1.000000000000000000, 0.0000000000000000000, 2.205236150722681400E-016 ) ) ;
#2154 = LINE ( 'NONE', #7467, #8001 ) ;
#2155 = DIRECTION ( 'NONE',  ( 1.000000000000000000, 0.0000000000000000000, 0.0000000000000000000 ) ) ;
#2156 = DIRECTION ( 'NONE',  ( 0.0000000000000000000, 0.0000000000000000000, -1.000000000000000000 ) ) ;
#2157 = PLANE ( 'NONE',  #1390 ) ;
#2158 = ORIENTED_EDGE ( 'NONE', *, *, #3237, .T. ) ;
#2159 = DIRECTION ( 'NONE',  ( 0.0000000000000000000, -0.0000000000000000000, 1.000000000000000000 ) ) ;
#2160 = EDGE_CURVE ( 'NONE', #8378, #4111, #7973, .T. ) ;
#2161 = VECTOR ( 'NONE', #2183, 1000.000000000000000 ) ;
#2162 = CARTESIAN_POINT ( 'NONE',  ( -31.89999999999999100, 25.30000000000000100, 0.8750000000003334000 ) ) ;
#2163 = DIRECTION ( 'NONE',  ( 1.000000000000000000, -0.0000000000000000000, -0.0000000000000000000 ) ) ;
#2164 = CARTESIAN_POINT ( 'NONE',  ( -34.12499999999998600, 7.499999999999999100, 12.60000000000000300 ) ) ;
#2165 = ORIENTED_EDGE ( 'NONE', *, *, #2235, .F. ) ;
#2166 = VECTOR ( 'NONE', #2470, 1000.000000000000000 ) ;
#2167 = LINE ( 'NONE', #6375, #706 ) ;
#2168 = VERTEX_POINT ( 'NONE', #3506 ) ;
#2169 = ADVANCED_FACE ( 'NONE', ( #3301 ), #1692, .T. ) ;
#2170 = PLANE ( 'NONE',  #6388 ) ;
#2171 = FACE_OUTER_BOUND ( 'NONE', #330, .T. ) ;
#2172 = AXIS2_PLACEMENT_3D ( 'NONE', #2777, #8180, #1348 ) ;
#2173 = DIRECTION ( 'NONE',  ( -0.0000000000000000000, -1.000000000000000000, 0.0000000000000000000 ) ) ;
#2174 = MANIFOLD_SOLID_BREP ( 'Shaft 2', #959 ) ;
#2175 = CARTESIAN_POINT ( 'NONE',  ( -8.724999999999996100, 22.02000000000000300, -2.300000000000000300 ) ) ;
#2176 = EDGE_LOOP ( 'NONE', ( #102, #2658, #6205, #4859 ) ) ;
#2177 = EDGE_CURVE ( 'NONE', #5450, #1084, #5521, .T. ) ;
#2178 = DIRECTION ( 'NONE',  ( 0.0000000000000000000, 0.0000000000000000000, -1.000000000000000000 ) ) ;
#2179 = ADVANCED_FACE ( 'NONE', ( #4155 ), #3420, .F. ) ;
#2180 = VERTEX_POINT ( 'NONE', #6799 ) ;
#2181 = EDGE_CURVE ( 'NONE', #6654, #6779, #4093, .T. ) ;
#2182 = VECTOR ( 'NONE', #837, 1000.000000000000000 ) ;
#2183 = DIRECTION ( 'NONE',  ( -1.000000000000000000, 0.0000000000000000000, -0.0000000000000000000 ) ) ;
#2184 = VERTEX_POINT ( 'NONE', #8248 ) ;
#2185 = AXIS2_PLACEMENT_3D ( 'NONE', #7933, #5175, #6563 ) ;
#2186 = DIRECTION ( 'NONE',  ( 1.000000000000000000, 0.0000000000000000000, -1.224646799147353200E-016 ) ) ;
#2187 = ORIENTED_EDGE ( 'NONE', *, *, #6990, .F. ) ;
#2188 = DIRECTION ( 'NONE',  ( -0.0000000000000000000, 0.0000000000000000000, 1.000000000000000000 ) ) ;
#2189 = DIRECTION ( 'NONE',  ( 0.0000000000000000000, 1.000000000000000000, 0.0000000000000000000 ) ) ;
#2190 = ORIENTED_EDGE ( 'NONE', *, *, #7690, .F. ) ;
#2191 = CARTESIAN_POINT ( 'NONE',  ( -6.624999999999996400, -1.570000000000000100, -2.300000000000000300 ) ) ;
#2192 = CYLINDRICAL_SURFACE ( 'NONE', #2530, 0.9999999999999983300 ) ;
#2193 = CARTESIAN_POINT ( 'NONE',  ( -31.89999999999996300, 21.30000000000000100, 3.325000000000334100 ) ) ;
#2194 = DIRECTION ( 'NONE',  ( 0.0000000000000000000, 0.0000000000000000000, -1.000000000000000000 ) ) ;
#2195 = EDGE_CURVE ( 'NONE', #4229, #4299, #2692, .T. ) ;
#2196 = CARTESIAN_POINT ( 'NONE',  ( -33.12499999999999300, 25.89999999999999900, -5.000000000000000900 ) ) ;
#2197 = ORIENTED_EDGE ( 'NONE', *, *, #5050, .F. ) ;
#2198 = LINE ( 'NONE', #5648, #3596 ) ;
#2199 = PLANE ( 'NONE',  #5217 ) ;
#2200 = CARTESIAN_POINT ( 'NONE',  ( -9.791025403784438200, 18.75000000000000400, -2.300000000000000300 ) ) ;
#2201 = CARTESIAN_POINT ( 'NONE',  ( 1.575000000000007300, 0.1999999999999999800, 6.200000000000000200 ) ) ;
#2202 = VERTEX_POINT ( 'NONE', #8156 ) ;
#2203 = AXIS2_PLACEMENT_3D ( 'NONE', #8438, #7737, #358 ) ;
#2204 = EDGE_LOOP ( 'NONE', ( #4823, #3657, #4877, #1389 ) ) ;
#2205 = VERTEX_POINT ( 'NONE', #2843 ) ;
#2206 = EDGE_CURVE ( 'NONE', #2202, #202, #2037, .T. ) ;
#2207 = VECTOR ( 'NONE', #6091, 1000.000000000000000 ) ;
#2208 = DIRECTION ( 'NONE',  ( 0.0000000000000000000, 0.0000000000000000000, -1.000000000000000000 ) ) ;
#2209 = ORIENTED_EDGE ( 'NONE', *, *, #6383, .F. ) ;
#2210 = DIRECTION ( 'NONE',  ( -1.000000000000000000, 0.0000000000000000000, -8.068481283613054800E-016 ) ) ;
#2211 = EDGE_LOOP ( 'NONE', ( #3730, #7186, #6999, #1569 ) ) ;
#2212 = DIRECTION ( 'NONE',  ( 0.0000000000000000000, 0.0000000000000000000, -1.000000000000000000 ) ) ;
#2213 = ORIENTED_EDGE ( 'NONE', *, *, #4483, .T. ) ;
#2214 = PLANE ( 'NONE',  #7529 ) ;
#2215 = EDGE_LOOP ( 'NONE', ( #7323, #2236, #6223, #1142 ) ) ;
#2216 = VERTEX_POINT ( 'NONE', #864 ) ;
#2217 = LINE ( 'NONE', #4329, #3164 ) ;
#2218 = EDGE_CURVE ( 'NONE', #8723, #3516, #3310, .T. ) ;
#2219 = CARTESIAN_POINT ( 'NONE',  ( 1.575000000000007100, 0.1999999999999999800, -4.299999999999998900 ) ) ;
#2220 = ORIENTED_EDGE ( 'NONE', *, *, #7610, .F. ) ;
#2221 = ORIENTED_EDGE ( 'NONE', *, *, #2936, .T. ) ;
#2222 = FACE_OUTER_BOUND ( 'NONE', #1752, .T. ) ;
#2223 = FACE_OUTER_BOUND ( 'NONE', #1965, .T. ) ;
#2224 = DIRECTION ( 'NONE',  ( -1.000000000000000000, -0.0000000000000000000, 9.912705577010238600E-015 ) ) ;
#2225 = ORIENTED_EDGE ( 'NONE', *, *, #5479, .F. ) ;
#2226 = VERTEX_POINT ( 'NONE', #6222 ) ;
#2227 = DIRECTION ( 'NONE',  ( -1.000000000000000000, 1.734723475976810200E-014, 0.0000000000000000000 ) ) ;
#2228 = ADVANCED_FACE ( 'NONE', ( #8103 ), #5218, .F. ) ;
#2229 = DIRECTION ( 'NONE',  ( 0.0000000000000000000, 0.0000000000000000000, -1.000000000000000000 ) ) ;
#2230 = AXIS2_PLACEMENT_3D ( 'NONE', #2605, #6040, #6606 ) ;
#2231 = EDGE_LOOP ( 'NONE', ( #8284, #8279, #3287, #8349 ) ) ;
#2232 = CIRCLE ( 'NONE', #4298, 0.2000000000000005100 ) ;
#2233 = CIRCLE ( 'NONE', #6670, 7.399999999999997700 ) ;
#2234 = CARTESIAN_POINT ( 'NONE',  ( 1.275000000000007500, 0.6000000000000000900, 7.574999999999999300 ) ) ;
#2235 = EDGE_CURVE ( 'NONE', #1884, #4948, #8739, .T. ) ;
#2236 = ORIENTED_EDGE ( 'NONE', *, *, #8488, .F. ) ;
#2237 = CARTESIAN_POINT ( 'NONE',  ( -9.791025403784438200, 18.75000000000000400, -2.300000000000000300 ) ) ;
#2238 = EDGE_CURVE ( 'NONE', #4288, #422, #3122, .T. ) ;
#2239 = VECTOR ( 'NONE', #8007, 1000.000000000000000 ) ;
#2240 = EDGE_CURVE ( 'NONE', #4135, #3184, #7646, .T. ) ;
#2241 = ORIENTED_EDGE ( 'NONE', *, *, #7324, .F. ) ;
#2242 = VERTEX_POINT ( 'NONE', #1642 ) ;
#2243 = LINE ( 'NONE', #6638, #6492 ) ;
#2244 = CARTESIAN_POINT ( 'NONE',  ( -16.02499999999999100, 0.09999999999999978400, -2.499999999999999600 ) ) ;
#2245 = AXIS2_PLACEMENT_3D ( 'NONE', #3731, #3121, #8462 ) ;
#2246 = DIRECTION ( 'NONE',  ( 0.0000000000000000000, 0.0000000000000000000, -1.000000000000000000 ) ) ;
#2247 = FACE_OUTER_BOUND ( 'NONE', #8601, .T. ) ;
#2248 = EDGE_CURVE ( 'NONE', #6295, #2168, #2108, .T. ) ;
#2249 = DIRECTION ( 'NONE',  ( 0.0000000000000000000, -0.0000000000000000000, -1.000000000000000000 ) ) ;
#2250 = CARTESIAN_POINT ( 'NONE',  ( 2.950000000000007700, 0.2000000000000000100, 6.499999999999998200 ) ) ;
#2251 = CARTESIAN_POINT ( 'NONE',  ( -16.02499999999999100, 1.099999999999999900, -2.499999999999999600 ) ) ;
#2252 = LINE ( 'NONE', #1060, #4380 ) ;
#2253 = LINE ( 'NONE', #1691, #6602 ) ;
#2254 = AXIS2_PLACEMENT_3D ( 'NONE', #8570, #6630, #3225 ) ;
#2255 = ORIENTED_EDGE ( 'NONE', *, *, #804, .F. ) ;
#2256 = CARTESIAN_POINT ( 'NONE',  ( 21.79840395607028800, -8.650000000000000400, 1.849999999999999400 ) ) ;
#2257 = VECTOR ( 'NONE', #8359, 1000.000000000000000 ) ;
#2258 = EDGE_CURVE ( 'NONE', #4745, #4908, #7092, .T. ) ;
#2259 = DIRECTION ( 'NONE',  ( -1.000000000000000000, 0.0000000000000000000, -0.0000000000000000000 ) ) ;
#2260 = CIRCLE ( 'NONE', #313, 0.9999999999999974500 ) ;
#2261 = SURFACE_STYLE_USAGE ( .BOTH. , #6098 ) ;
#2262 = EDGE_LOOP ( 'NONE', ( #7530, #4374, #3820, #7290 ) ) ;
#2263 = VECTOR ( 'NONE', #2311, 1000.000000000000000 ) ;
#2264 = DIRECTION ( 'NONE',  ( 0.0000000000000000000, 0.0000000000000000000, -1.000000000000000000 ) ) ;
#2265 = CYLINDRICAL_SURFACE ( 'NONE', #5793, 1.100000000000000300 ) ;
#2266 = DIRECTION ( 'NONE',  ( -0.0000000000000000000, -1.000000000000000000, -0.0000000000000000000 ) ) ;
#2268 = ADVANCED_FACE ( 'NONE', ( #531 ), #324, .F. ) ;
#2267 = DIRECTION ( 'NONE',  ( 0.0000000000000000000, 0.0000000000000000000, -1.000000000000000000 ) ) ;
#2269 = LINE ( 'NONE', #4855, #1533 ) ;
#2270 = ORIENTED_EDGE ( 'NONE', *, *, #8033, .T. ) ;
#2271 = VECTOR ( 'NONE', #1107, 1000.000000000000000 ) ;
#2272 = CARTESIAN_POINT ( 'NONE',  ( 35.51438433476052800, 7.954001741238503300, -2.554111650875121200 ) ) ;
#2273 = DIRECTION ( 'NONE',  ( -1.000000000000000000, 0.0000000000000000000, 0.0000000000000000000 ) ) ;
#2274 = CIRCLE ( 'NONE', #7348, 1.900000000000000600 ) ;
#2275 = CARTESIAN_POINT ( 'NONE',  ( 37.57500000000000300, 7.974999999999999600, -1.495000000000005700 ) ) ;
#2276 = EDGE_LOOP ( 'NONE', ( #397, #3176, #8253, #1233 ) ) ;
#2277 = CARTESIAN_POINT ( 'NONE',  ( -16.02499999999999100, 18.55000000000000100, 4.500000000000000900 ) ) ;
#2278 = AXIS2_PLACEMENT_3D ( 'NONE', #7669, #4194, #3473 ) ;
#2279 = DIRECTION ( 'NONE',  ( 0.0000000000000000000, -1.000000000000000000, 6.608470384673549100E-016 ) ) ;
#2280 = LINE ( 'NONE', #2623, #8778 ) ;
#2281 = ORIENTED_EDGE ( 'NONE', *, *, #3224, .F. ) ;
#2282 = DIRECTION ( 'NONE',  ( 1.000000000000000000, -0.0000000000000000000, 0.0000000000000000000 ) ) ;
#2283 = CARTESIAN_POINT ( 'NONE',  ( -29.12499999999998900, 20.89999999999999900, -5.000000000000000900 ) ) ;
#2284 = CARTESIAN_POINT ( 'NONE',  ( -25.12499999999998900, 18.55000000000000100, -3.499999999999997300 ) ) ;
#2285 = VERTEX_POINT ( 'NONE', #5357 ) ;
#2286 = DIRECTION ( 'NONE',  ( 0.0000000000000000000, 0.0000000000000000000, -1.000000000000000000 ) ) ;
#2287 = ORIENTED_EDGE ( 'NONE', *, *, #8786, .F. ) ;
#2288 = AXIS2_PLACEMENT_3D ( 'NONE', #2413, #7844, #1728 ) ;
#2289 = VERTEX_POINT ( 'NONE', #6754 ) ;
#2290 = CARTESIAN_POINT ( 'NONE',  ( 1.275000000000007500, 0.6000000000000000900, 4.824999999999999300 ) ) ;
#2291 = DIRECTION ( 'NONE',  ( 0.0000000000000000000, 0.0000000000000000000, 1.000000000000000000 ) ) ;
#2292 = CARTESIAN_POINT ( 'NONE',  ( 0.2000000000000070300, 0.2000000000000000100, 5.899999999999997700 ) ) ;
#2293 = DIRECTION ( 'NONE',  ( 0.4999999999999997200, -0.8660254037844388200, 4.694733121053631700E-016 ) ) ;
#2294 = EDGE_CURVE ( 'NONE', #245, #8223, #425, .T. ) ;
#2295 = ORIENTED_EDGE ( 'NONE', *, *, #3142, .F. ) ;
#2296 = FACE_BOUND ( 'NONE', #8694, .T. ) ;
#2297 = AXIS2_PLACEMENT_3D ( 'NONE', #4824, #4914, #3494 ) ;
#2298 = ORIENTED_EDGE ( 'NONE', *, *, #1631, .T. ) ;
#2299 = ORIENTED_EDGE ( 'NONE', *, *, #1184, .T. ) ;
#2300 = CARTESIAN_POINT ( 'NONE',  ( 35.67500000000001100, 7.974999999999999600, -2.508392021690040600 ) ) ;
#2301 = AXIS2_PLACEMENT_3D ( 'NONE', #8579, #1083, #3061 ) ;
#2302 = DIRECTION ( 'NONE',  ( 1.000000000000000000, 0.0000000000000000000, 0.0000000000000000000 ) ) ;
#2303 = CARTESIAN_POINT ( 'NONE',  ( -8.724999999999996100, 21.82000000000000700, -2.299999999999999800 ) ) ;
#2304 = CARTESIAN_POINT ( 'NONE',  ( 0.2000000000000070300, 0.6000000000000000900, 5.899999999999997700 ) ) ;
#2305 = PLANE ( 'NONE',  #3712 ) ;
#2306 = ORIENTED_EDGE ( 'NONE', *, *, #8150, .F. ) ;
#2307 = LINE ( 'NONE', #2861, #5807 ) ;
#2308 = EDGE_CURVE ( 'NONE', #7401, #4383, #1790, .T. ) ;
#2309 = ADVANCED_FACE ( 'NONE', ( #5292 ), #4137, .F. ) ;
#2310 = VERTEX_POINT ( 'NONE', #1384 ) ;
#2311 = DIRECTION ( 'NONE',  ( 1.000000000000000000, 0.0000000000000000000, 0.0000000000000000000 ) ) ;
#2312 = ORIENTED_EDGE ( 'NONE', *, *, #3120, .F. ) ;
#2313 = EDGE_LOOP ( 'NONE', ( #1268, #1549 ) ) ;
#2314 = DIRECTION ( 'NONE',  ( 1.982541115402067900E-014, 0.0000000000000000000, 1.000000000000000000 ) ) ;
#2315 = ORIENTED_EDGE ( 'NONE', *, *, #3323, .T. ) ;
#2316 = CARTESIAN_POINT ( 'NONE',  ( -9.695366879089203100, 18.75000000000000000, 2.500000000000000000 ) ) ;
#2317 = VECTOR ( 'NONE', #6160, 1000.000000000000000 ) ;
#2318 = ORIENTED_EDGE ( 'NONE', *, *, #776, .T. ) ;
#2319 = LINE ( 'NONE', #6712, #6570 ) ;
#2320 = ORIENTED_EDGE ( 'NONE', *, *, #1231, .T. ) ;
#2321 = EDGE_CURVE ( 'NONE', #7014, #923, #3928, .T. ) ;
#2322 = ORIENTED_EDGE ( 'NONE', *, *, #1132, .F. ) ;
#2323 = EDGE_LOOP ( 'NONE', ( #2016, #7, #1526, #3253 ) ) ;
#2324 = DIRECTION ( 'NONE',  ( -0.0000000000000000000, -1.000000000000000000, 2.125886612716674300E-017 ) ) ;
#2325 = DIRECTION ( 'NONE',  ( -0.0000000000000000000, 1.000000000000000000, 0.0000000000000000000 ) ) ;
#2326 = EDGE_LOOP ( 'NONE', ( #4715, #4447, #7751, #7862 ) ) ;
#2327 = ORIENTED_EDGE ( 'NONE', *, *, #4430, .T. ) ;
#2328 = FACE_OUTER_BOUND ( 'NONE', #6213, .T. ) ;
#2329 = LINE ( 'NONE', #676, #3941 ) ;
#2330 = AXIS2_PLACEMENT_3D ( 'NONE', #8401, #6465, #7749 ) ;
#2331 = EDGE_CURVE ( 'NONE', #6958, #4009, #7531, .T. ) ;
#2332 = FACE_OUTER_BOUND ( 'NONE', #7649, .T. ) ;
#2333 = DIRECTION ( 'NONE',  ( 0.0000000000000000000, 0.0000000000000000000, 1.000000000000000000 ) ) ;
#2334 = CARTESIAN_POINT ( 'NONE',  ( -21.52499999999998800, 1.099999999999999900, 4.500000000000000900 ) ) ;
#2335 = ORIENTED_EDGE ( 'NONE', *, *, #2350, .T. ) ;
#2336 = PLANE ( 'NONE',  #7795 ) ;
#2337 = EDGE_LOOP ( 'NONE', ( #8172, #8385, #4351, #5940 ) ) ;
#2338 = VECTOR ( 'NONE', #6890, 1000.000000000000000 ) ;
#2339 = DIRECTION ( 'NONE',  ( -1.000000000000000000, 0.0000000000000000000, 0.0000000000000000000 ) ) ;
#2340 = AXIS2_PLACEMENT_3D ( 'NONE', #995, #1719, #7094 ) ;
#2341 = EDGE_LOOP ( 'NONE', ( #4133, #8110, #3353, #8282 ) ) ;
#2342 = FACE_OUTER_BOUND ( 'NONE', #2627, .T. ) ;
#2343 = CARTESIAN_POINT ( 'NONE',  ( -26.62499999999998900, 25.89999999999999900, -6.000000000000000900 ) ) ;
#2344 = ORIENTED_EDGE ( 'NONE', *, *, #5301, .T. ) ;
#2345 = AXIS2_PLACEMENT_3D ( 'NONE', #2784, #6825, #37 ) ;
#2346 = ORIENTED_EDGE ( 'NONE', *, *, #7156, .T. ) ;
#2347 = LINE ( 'NONE', #2735, #3856 ) ;
#2348 = DIRECTION ( 'NONE',  ( -1.000000000000000000, 0.0000000000000000000, 0.0000000000000000000 ) ) ;
#2349 = DIRECTION ( 'NONE',  ( 0.0000000000000000000, -1.000000000000000000, 0.0000000000000000000 ) ) ;
#2350 = EDGE_CURVE ( 'NONE', #8699, #870, #3493, .T. ) ;
#2351 = VECTOR ( 'NONE', #655, 1000.000000000000000 ) ;
#2352 = CIRCLE ( 'NONE', #2517, 7.400000000000001200 ) ;
#2353 = CARTESIAN_POINT ( 'NONE',  ( 1.575000000000007300, 0.5000000000000000000, 6.200000000000000200 ) ) ;
#2354 = CARTESIAN_POINT ( 'NONE',  ( 32.67500000000000400, 0.6999999999999999600, 8.500000000000000000 ) ) ;
#2355 = AXIS2_PLACEMENT_3D ( 'NONE', #6708, #4777, #6057 ) ;
#2357 = ADVANCED_FACE ( 'NONE', ( #8703 ), #7953, .T. ) ;
#2356 = CARTESIAN_POINT ( 'NONE',  ( 37.57500000000000300, 7.974999999999999600, -1.495000000000005700 ) ) ;
#2358 = CARTESIAN_POINT ( 'NONE',  ( -9.791025403784438200, 18.75000000000000400, -2.300000000000000300 ) ) ;
#2359 = CARTESIAN_POINT ( 'NONE',  ( -20.72499999999999100, 20.15000000000000200, -3.199999999999997500 ) ) ;
#2360 = AXIS2_PLACEMENT_3D ( 'NONE', #6169, #6829, #1360 ) ;
#2361 = CIRCLE ( 'NONE', #2756, 1.495000000000005700 ) ;
#2362 = VECTOR ( 'NONE', #4695, 1000.000000000000000 ) ;
#2363 = EDGE_CURVE ( 'NONE', #422, #294, #7429, .T. ) ;
#2364 = DIRECTION ( 'NONE',  ( -0.0000000000000000000, -1.000000000000000000, 0.0000000000000000000 ) ) ;
#2365 = DIRECTION ( 'NONE',  ( -0.0000000000000000000, 1.000000000000000000, -0.0000000000000000000 ) ) ;
#2366 = DIRECTION ( 'NONE',  ( 0.0000000000000000000, 0.0000000000000000000, 1.000000000000000000 ) ) ;
#2367 = DIRECTION ( 'NONE',  ( 0.0000000000000000000, 0.0000000000000000000, 1.000000000000000000 ) ) ;
#2368 = DIRECTION ( 'NONE',  ( -0.0000000000000000000, -1.000000000000000000, -0.0000000000000000000 ) ) ;
#2369 = DIRECTION ( 'NONE',  ( 0.0000000000000000000, 0.0000000000000000000, 1.000000000000000000 ) ) ;
#2370 = LINE ( 'NONE', #446, #4082 ) ;
#2371 = AXIS2_PLACEMENT_3D ( 'NONE', #450, #8510, #5854 ) ;
#2372 = LINE ( 'NONE', #8116, #2693 ) ;
#2373 = CARTESIAN_POINT ( 'NONE',  ( 30.67500000000000800, 18.44999999999999900, -6.700000000000000200 ) ) ;
#2374 = EDGE_CURVE ( 'NONE', #2778, #5140, #6356, .T. ) ;
#2375 = PLANE ( 'NONE',  #275 ) ;
#2376 = CARTESIAN_POINT ( 'NONE',  ( 0.2000000000000070300, 0.6000000000000000900, 6.499999999999998200 ) ) ;
#2377 = EDGE_LOOP ( 'NONE', ( #5814, #8365, #3377, #2814 ) ) ;
#2378 = FACE_OUTER_BOUND ( 'NONE', #4449, .T. ) ;
#2379 = VECTOR ( 'NONE', #3601, 1000.000000000000000 ) ;
#2380 = ORIENTED_EDGE ( 'NONE', *, *, #8045, .T. ) ;
#2381 = CARTESIAN_POINT ( 'NONE',  ( -0.8249999999999924100, 18.75000000000000000, -5.200000000000001100 ) ) ;
#2382 = CARTESIAN_POINT ( 'NONE',  ( -11.82499999999999200, 12.75000000000000200, -12.06410161513776200 ) ) ;
#2383 = DIRECTION ( 'NONE',  ( 0.8660254037844392600, 0.4999999999999987800, 0.0000000000000000000 ) ) ;
#2384 = DIRECTION ( 'NONE',  ( 0.0000000000000000000, 0.0000000000000000000, 1.000000000000000000 ) ) ;
#2385 = CYLINDRICAL_SURFACE ( 'NONE', #2203, 0.2000000000000000900 ) ;
#2386 = ORIENTED_EDGE ( 'NONE', *, *, #6978, .F. ) ;
#2387 = ORIENTED_EDGE ( 'NONE', *, *, #4159, .F. ) ;
#2388 = VERTEX_POINT ( 'NONE', #6899 ) ;
#2389 = DIRECTION ( 'NONE',  ( 1.000000000000000000, 0.0000000000000000000, 8.068481283613054800E-016 ) ) ;
#2390 = DIRECTION ( 'NONE',  ( 0.0000000000000000000, 0.0000000000000000000, -1.000000000000000000 ) ) ;
#2391 = LINE ( 'NONE', #1964, #6319 ) ;
#2392 =( GEOMETRIC_REPRESENTATION_CONTEXT ( 3 ) GLOBAL_UNCERTAINTY_ASSIGNED_CONTEXT ( ( #6420 ) ) GLOBAL_UNIT_ASSIGNED_CONTEXT ( ( #2934, #7685, #7017 ) ) REPRESENTATION_CONTEXT ( 'NONE', 'WORKASPACE' ) );
#2393 = CARTESIAN_POINT ( 'NONE',  ( 23.76500000000000400, -0.2999999999999999900, -3.500000000000000000 ) ) ;
#2394 = ORIENTED_EDGE ( 'NONE', *, *, #5731, .T. ) ;
#2395 = DIRECTION ( 'NONE',  ( -1.982541115402066300E-014, 0.0000000000000000000, -1.000000000000000000 ) ) ;
#2396 = EDGE_CURVE ( 'NONE', #5485, #3170, #2541, .T. ) ;
#2397 = ADVANCED_FACE ( 'NONE', ( #3 ), #4795, .T. ) ;
#2398 = ORIENTED_EDGE ( 'NONE', *, *, #1231, .F. ) ;
#2399 = EDGE_LOOP ( 'NONE', ( #2734, #5786, #1809, #3486 ) ) ;
#2400 = EDGE_CURVE ( 'NONE', #7718, #8767, #2748, .T. ) ;
#2401 = LINE ( 'NONE', #5063, #8141 ) ;
#2402 = PLANE ( 'NONE',  #6108 ) ;
#2403 = CARTESIAN_POINT ( 'NONE',  ( 12.76500000000000600, 0.0000000000000000000, 1.990000000000001300 ) ) ;
#2404 = ORIENTED_EDGE ( 'NONE', *, *, #3368, .T. ) ;
#2405 = DIRECTION ( 'NONE',  ( 1.000000000000000000, 0.0000000000000000000, 8.068481283613052800E-016 ) ) ;
#2406 = AXIS2_PLACEMENT_3D ( 'NONE', #7746, #3636, #868 ) ;
#2407 = CARTESIAN_POINT ( 'NONE',  ( -13.82499999999999400, 7.499999999999999100, 12.60000000000000300 ) ) ;
#2408 = EDGE_LOOP ( 'NONE', ( #5669, #7893, #3475, #4989 ) ) ;
#2409 = DIRECTION ( 'NONE',  ( 1.000000000000000000, 0.0000000000000000000, 0.0000000000000000000 ) ) ;
#2410 = CARTESIAN_POINT ( 'NONE',  ( -8.724999999999996100, -1.570000000000000100, 2.299999999999999800 ) ) ;
#2411 = ORIENTED_EDGE ( 'NONE', *, *, #6379, .T. ) ;
#2412 = CARTESIAN_POINT ( 'NONE',  ( 39.97500000000000100, 10.77500000000000000, -1.900000000000000100 ) ) ;
#2413 = CARTESIAN_POINT ( 'NONE',  ( 23.76500000000000400, -0.2999999999999999900, 0.0000000000000000000 ) ) ;
#2414 = EDGE_CURVE ( 'NONE', #7543, #4157, #5196, .T. ) ;
#2415 = ORIENTED_EDGE ( 'NONE', *, *, #3299, .T. ) ;
#2416 = VERTEX_POINT ( 'NONE', #8186 ) ;
#2417 = FACE_OUTER_BOUND ( 'NONE', #1796, .T. ) ;
#2418 = AXIS2_PLACEMENT_3D ( 'NONE', #3050, #4438, #3197 ) ;
#2419 = VERTEX_POINT ( 'NONE', #5629 ) ;
#2420 = CARTESIAN_POINT ( 'NONE',  ( -29.12499999999998900, 21.30000000000000100, 5.000000000000001800 ) ) ;
#2421 = DIRECTION ( 'NONE',  ( -0.0000000000000000000, 1.000000000000000000, -0.0000000000000000000 ) ) ;
#2422 = DIRECTION ( 'NONE',  ( -1.000000000000000000, 0.0000000000000000000, 0.0000000000000000000 ) ) ;
#2423 = VERTEX_POINT ( 'NONE', #5683 ) ;
#2424 = PLANE ( 'NONE',  #3029 ) ;
#2425 = ORIENTED_EDGE ( 'NONE', *, *, #186, .F. ) ;
#2426 = DIRECTION ( 'NONE',  ( 1.982541115402066300E-014, -0.0000000000000000000, 1.000000000000000000 ) ) ;
#2427 = VERTEX_POINT ( 'NONE', #4293 ) ;
#2428 = DIRECTION ( 'NONE',  ( -9.912705577010238600E-015, 0.0000000000000000000, -1.000000000000000000 ) ) ;
#2429 = ORIENTED_EDGE ( 'NONE', *, *, #7587, .T. ) ;
#2430 = EDGE_CURVE ( 'NONE', #1342, #8723, #5717, .T. ) ;
#2431 = VECTOR ( 'NONE', #90, 1000.000000000000000 ) ;
#2432 = VERTEX_POINT ( 'NONE', #250 ) ;
#2433 = ORIENTED_EDGE ( 'NONE', *, *, #2575, .F. ) ;
#2434 = CIRCLE ( 'NONE', #2406, 1.540000000000001400 ) ;
#2435 = EDGE_LOOP ( 'NONE', ( #4625, #7312, #3060, #4773 ) ) ;
#2436 = DIRECTION ( 'NONE',  ( 0.0000000000000000000, 1.000000000000000000, -0.0000000000000000000 ) ) ;
#2437 = DIRECTION ( 'NONE',  ( -0.9659258262890690900, 0.0000000000000000000, 0.2588190451025178000 ) ) ;
#2438 = DIRECTION ( 'NONE',  ( 0.0000000000000000000, -1.000000000000000000, 0.0000000000000000000 ) ) ;
#2439 = ORIENTED_EDGE ( 'NONE', *, *, #571, .T. ) ;
#2440 = CARTESIAN_POINT ( 'NONE',  ( 21.79840395607028800, 19.75000000000000000, -1.850000000000000800 ) ) ;
#2441 = CIRCLE ( 'NONE', #8336, 0.9999999999999983300 ) ;
#2442 = ORIENTED_EDGE ( 'NONE', *, *, #8470, .F. ) ;
#2443 = ORIENTED_EDGE ( 'NONE', *, *, #5493, .F. ) ;
#2444 = FACE_OUTER_BOUND ( 'NONE', #4611, .T. ) ;
#2445 = EDGE_CURVE ( 'NONE', #5048, #5172, #944, .T. ) ;
#2446 = LINE ( 'NONE', #2458, #1848 ) ;
#2447 = EDGE_CURVE ( 'NONE', #2841, #3672, #3826, .T. ) ;
#2448 = DIRECTION ( 'NONE',  ( 0.0000000000000000000, -0.0000000000000000000, 1.000000000000000000 ) ) ;
#2449 = DIRECTION ( 'NONE',  ( 0.0000000000000000000, 0.0000000000000000000, -1.000000000000000000 ) ) ;
#2451 = ADVANCED_FACE ( 'NONE', ( #4035 ), #6450, .F. ) ;
#2450 = CARTESIAN_POINT ( 'NONE',  ( -31.90000000000002700, 25.30000000000000100, -2.274999999999666400 ) ) ;
#2452 = CIRCLE ( 'NONE', #4191, 2.149999999999999900 ) ;
#2453 = ORIENTED_EDGE ( 'NONE', *, *, #2865, .T. ) ;
#2454 = VERTEX_POINT ( 'NONE', #276 ) ;
#2455 = LINE ( 'NONE', #8068, #669 ) ;
#2456 = AXIS2_PLACEMENT_3D ( 'NONE', #7457, #6058, #4778 ) ;
#2457 = CARTESIAN_POINT ( 'NONE',  ( 3.765000000000007700, 0.6999999999999999600, -8.800000000000000700 ) ) ;
#2458 = CARTESIAN_POINT ( 'NONE',  ( -31.89999999999998400, 25.30000000000000100, 1.925000000000334000 ) ) ;
#2459 = CARTESIAN_POINT ( 'NONE',  ( -21.52499999999998800, 1.099999999999999900, -4.500000000000000900 ) ) ;
#2460 = DIRECTION ( 'NONE',  ( 0.0000000000000000000, 0.0000000000000000000, -1.000000000000000000 ) ) ;
#2461 = LINE ( 'NONE', #1085, #8306 ) ;
#2462 = CARTESIAN_POINT ( 'NONE',  ( -11.82499999999999200, 0.6358983848622387100, -5.200000000000001100 ) ) ;
#2463 = CYLINDRICAL_SURFACE ( 'NONE', #6780, 1.100000000000000300 ) ;
#2464 = AXIS2_PLACEMENT_3D ( 'NONE', #5586, #7611, #7645 ) ;
#2465 = CARTESIAN_POINT ( 'NONE',  ( 0.5750000000000076200, 18.75000000000000000, -8.699999999999997500 ) ) ;
#2466 = AXIS2_PLACEMENT_3D ( 'NONE', #2878, #3594, #7619 ) ;
#2467 = LINE ( 'NONE', #5216, #680 ) ;
#2468 = DIRECTION ( 'NONE',  ( -0.0000000000000000000, -1.000000000000000000, -0.0000000000000000000 ) ) ;
#2469 = CARTESIAN_POINT ( 'NONE',  ( -26.62499999999998900, 20.15000000000000200, 3.199999999999998000 ) ) ;
#2470 = DIRECTION ( 'NONE',  ( 0.0000000000000000000, 0.0000000000000000000, -1.000000000000000000 ) ) ;
#2471 = LINE ( 'NONE', #2718, #2585 ) ;
#2472 = CARTESIAN_POINT ( 'NONE',  ( 12.76500000000000600, -1.770000000000000000, 0.0000000000000000000 ) ) ;
#2473 = ORIENTED_EDGE ( 'NONE', *, *, #2331, .T. ) ;
#2474 = EDGE_CURVE ( 'NONE', #8132, #6255, #4344, .T. ) ;
#2475 = CIRCLE ( 'NONE', #990, 7.400000000000000400 ) ;
#2476 = CARTESIAN_POINT ( 'NONE',  ( -9.560085296108585600, 1.500000000000000400, 2.500000000000000000 ) ) ;
#2477 = AXIS2_PLACEMENT_3D ( 'NONE', #8082, #1993, #7346 ) ;
#2478 = CARTESIAN_POINT ( 'NONE',  ( -8.724999999999996100, 0.0000000000000000000, -2.500000000000000000 ) ) ;
#2479 = CARTESIAN_POINT ( 'NONE',  ( -6.624999999999996400, -1.570000000000000100, 2.500000000000000000 ) ) ;
#2480 = CIRCLE ( 'NONE', #8200, 0.2000000000000004300 ) ;
#2481 = AXIS2_PLACEMENT_3D ( 'NONE', #7665, #2967, #1506 ) ;
#2482 = ORIENTED_EDGE ( 'NONE', *, *, #1769, .F. ) ;
#2483 = LINE ( 'NONE', #5271, #5670 ) ;
#2484 = EDGE_CURVE ( 'NONE', #448, #4498, #748, .T. ) ;
#2485 = VECTOR ( 'NONE', #4081, 1000.000000000000000 ) ;
#2486 = LINE ( 'NONE', #4796, #5878 ) ;
#2487 = DIRECTION ( 'NONE',  ( 0.0000000000000000000, 0.0000000000000000000, -1.000000000000000000 ) ) ;
#2488 = CARTESIAN_POINT ( 'NONE',  ( 3.423247678597960900, 0.0000000000000000000, -7.298399070719416800 ) ) ;
#2489 = CARTESIAN_POINT ( 'NONE',  ( -9.791025403784438200, 1.500000000000000400, 2.500000000000000000 ) ) ;
#2490 = DIRECTION ( 'NONE',  ( 0.0000000000000000000, -1.000000000000000000, 0.0000000000000000000 ) ) ;
#2491 = AXIS2_PLACEMENT_3D ( 'NONE', #8681, #616, #2737 ) ;
#2492 = ADVANCED_FACE ( 'NONE', ( #4975 ), #3246, .F. ) ;
#2493 = ORIENTED_EDGE ( 'NONE', *, *, #6164, .T. ) ;
#2494 = CIRCLE ( 'NONE', #2831, 0.6000000000000015300 ) ;
#2495 = CIRCLE ( 'NONE', #980, 0.2000000000000000900 ) ;
#2496 = ORIENTED_EDGE ( 'NONE', *, *, #6524, .T. ) ;
#2497 = DIRECTION ( 'NONE',  ( -0.0000000000000000000, -1.000000000000000000, -0.0000000000000000000 ) ) ;
#2498 = EDGE_CURVE ( 'NONE', #1866, #2117, #7743, .T. ) ;
#2499 = DIRECTION ( 'NONE',  ( 0.0000000000000000000, 0.0000000000000000000, 1.000000000000000000 ) ) ;
#2500 = PLANE ( 'NONE',  #1996 ) ;
#2501 = ORIENTED_EDGE ( 'NONE', *, *, #4029, .T. ) ;
#2502 = TOROIDAL_SURFACE ( 'NONE', #5557, 1.490000000000001300, 0.5000000000000000000 ) ;
#2503 = ADVANCED_FACE ( 'NONE', ( #1581 ), #8000, .T. ) ;
#2504 = VERTEX_POINT ( 'NONE', #1092 ) ;
#2505 = CARTESIAN_POINT ( 'NONE',  ( -31.89999999999995600, 21.30000000000000100, 3.675000000000333800 ) ) ;
#2506 = CARTESIAN_POINT ( 'NONE',  ( 39.37500000000000000, 7.974999999999999600, -2.500000000000000000 ) ) ;
#2507 = CARTESIAN_POINT ( 'NONE',  ( -31.54999999999997200, 25.30000000000000100, 2.275000000000330300 ) ) ;
#2508 = CARTESIAN_POINT ( 'NONE',  ( 1.575000000000008800, 0.0000000000000000000, -6.200000000000000200 ) ) ;
#2509 = CARTESIAN_POINT ( 'NONE',  ( -31.54999999999997900, 25.30000000000000100, 1.925000000000330400 ) ) ;
#2510 = ORIENTED_EDGE ( 'NONE', *, *, #2787, .T. ) ;
#2511 = EDGE_CURVE ( 'NONE', #3402, #2388, #2003, .T. ) ;
#2512 = ORIENTED_EDGE ( 'NONE', *, *, #5731, .F. ) ;
#2513 = FACE_BOUND ( 'NONE', #3629, .T. ) ;
#2514 = ORIENTED_EDGE ( 'NONE', *, *, #8325, .F. ) ;
#2515 = CARTESIAN_POINT ( 'NONE',  ( 35.67500000000001100, 11.27500000000000000, 6.700000000000000200 ) ) ;
#2516 = CARTESIAN_POINT ( 'NONE',  ( -8.724999999999996100, -1.770000000000000000, 2.299999999999999800 ) ) ;
#2517 = AXIS2_PLACEMENT_3D ( 'NONE', #8797, #6117, #611 ) ;
#2518 = CARTESIAN_POINT ( 'NONE',  ( 1.575000000000007300, 0.5000000000000000000, -6.200000000000000200 ) ) ;
#2519 = EDGE_LOOP ( 'NONE', ( #556, #4633, #7095, #1284 ) ) ;
#2520 = VECTOR ( 'NONE', #1188, 1000.000000000000000 ) ;
#2521 = CARTESIAN_POINT ( 'NONE',  ( -8.778589838486222900, 20.10358983848622900, 2.500000000000000000 ) ) ;
#2522 = ORIENTED_EDGE ( 'NONE', *, *, #3799, .F. ) ;
#2523 = DIRECTION ( 'NONE',  ( 0.0000000000000000000, 0.0000000000000000000, -1.000000000000000000 ) ) ;
#2524 = ORIENTED_EDGE ( 'NONE', *, *, #6013, .F. ) ;
#2525 = EDGE_CURVE ( 'NONE', #2423, #7543, #7211, .T. ) ;
#2526 = CARTESIAN_POINT ( 'NONE',  ( 0.5750000000000099500, 18.34999999999999800, 9.800000000000004300 ) ) ;
#2527 = ORIENTED_EDGE ( 'NONE', *, *, #5926, .T. ) ;
#2528 = PLANE ( 'NONE',  #725 ) ;
#2529 = LINE ( 'NONE', #5440, #6668 ) ;
#2530 = AXIS2_PLACEMENT_3D ( 'NONE', #3052, #5157, #6461 ) ;
#2531 = ORIENTED_EDGE ( 'NONE', *, *, #1089, .F. ) ;
#2532 = DIRECTION ( 'NONE',  ( 0.0000000000000000000, -1.000000000000000000, 0.0000000000000000000 ) ) ;
#2533 = VERTEX_POINT ( 'NONE', #7317 ) ;
#2534 = ORIENTED_EDGE ( 'NONE', *, *, #1197, .F. ) ;
#2535 = EDGE_LOOP ( 'NONE', ( #1671, #1266, #4232, #2747, #4058 ) ) ;
#2536 =( LENGTH_UNIT ( ) NAMED_UNIT ( * ) SI_UNIT ( .MILLI., .METRE. ) );
#2537 = CARTESIAN_POINT ( 'NONE',  ( 2.950000000000007700, 0.2000000000000000100, -5.899999999999997700 ) ) ;
#2538 = ORIENTED_EDGE ( 'NONE', *, *, #1814, .T. ) ;
#2539 = DIRECTION ( 'NONE',  ( 1.000000000000000000, 0.0000000000000000000, 0.0000000000000000000 ) ) ;
#2540 = DIRECTION ( 'NONE',  ( 0.0000000000000000000, 0.0000000000000000000, -1.000000000000000000 ) ) ;
#2541 = LINE ( 'NONE', #6188, #3711 ) ;
#2542 = CARTESIAN_POINT ( 'NONE',  ( 39.37500000000000000, 7.974999999999999600, 2.500000000000001800 ) ) ;
#2543 = ADVANCED_FACE ( 'NONE', ( #221 ), #5078, .T. ) ;
#2544 = EDGE_CURVE ( 'NONE', #2609, #3823, #4757, .T. ) ;
#2545 = ORIENTED_EDGE ( 'NONE', *, *, #8435, .T. ) ;
#2546 = VERTEX_POINT ( 'NONE', #2542 ) ;
#2547 = ORIENTED_EDGE ( 'NONE', *, *, #684, .F. ) ;
#2548 = ORIENTED_EDGE ( 'NONE', *, *, #1926, .F. ) ;
#2549 = DIRECTION ( 'NONE',  ( 0.0000000000000000000, 1.251002506714043300E-016, 1.000000000000000000 ) ) ;
#2550 = AXIS2_PLACEMENT_3D ( 'NONE', #3152, #7927, #2614 ) ;
#2552 = ADVANCED_FACE ( 'NONE', ( #1892 ), #3613, .T. ) ;
#2551 = CARTESIAN_POINT ( 'NONE',  ( 0.0000000000000000000, 25.30000000000000100, 0.0000000000000000000 ) ) ;
#2553 = EDGE_LOOP ( 'NONE', ( #7283, #2299, #3129, #509, #7846, #7504, #6398, #5645 ) ) ;
#2554 = CONICAL_SURFACE ( 'NONE', #1400, 7.400000000000000400, 0.2617993877991471300 ) ;
#2555 = DIRECTION ( 'NONE',  ( 0.0000000000000000000, 1.000000000000000000, -0.0000000000000000000 ) ) ;
#2556 = VECTOR ( 'NONE', #5233, 1000.000000000000000 ) ;
#2557 = DIRECTION ( 'NONE',  ( 0.0000000000000000000, 0.0000000000000000000, 1.000000000000000000 ) ) ;
#2558 = EDGE_CURVE ( 'NONE', #8804, #1353, #643, .T. ) ;
#2559 = EDGE_CURVE ( 'NONE', #4948, #2533, #5820, .T. ) ;
#2560 = ORIENTED_EDGE ( 'NONE', *, *, #7230, .F. ) ;
#2561 = VECTOR ( 'NONE', #3407, 1000.000000000000000 ) ;
#2562 = EDGE_CURVE ( 'NONE', #2012, #3202, #8594, .T. ) ;
#2563 = PLANE ( 'NONE',  #3367 ) ;
#2564 = CARTESIAN_POINT ( 'NONE',  ( -31.90000000000000600, 25.30000000000000100, -0.5249999999996664000 ) ) ;
#2565 = FACE_OUTER_BOUND ( 'NONE', #3790, .T. ) ;
#2566 = CARTESIAN_POINT ( 'NONE',  ( 12.76500000000000600, 0.0000000000000000000, 0.0000000000000000000 ) ) ;
#2567 = CARTESIAN_POINT ( 'NONE',  ( -34.12499999999998600, 7.499999999999999100, 12.60000000000000300 ) ) ;
#2568 = VERTEX_POINT ( 'NONE', #1345 ) ;
#2569 = LINE ( 'NONE', #1040, #4169 ) ;
#2570 = CARTESIAN_POINT ( 'NONE',  ( -21.52499999999998800, 1.099999999999999900, 4.500000000000000900 ) ) ;
#2571 = CARTESIAN_POINT ( 'NONE',  ( -8.724999999999996100, 20.25000000000000400, -2.300000000000000300 ) ) ;
#2572 = CARTESIAN_POINT ( 'NONE',  ( -0.8249999999999924100, 0.3000000000000016500, -10.90000000000000000 ) ) ;
#2573 = AXIS2_PLACEMENT_3D ( 'NONE', #5123, #421, #7206 ) ;
#2574 = FACE_OUTER_BOUND ( 'NONE', #640, .T. ) ;
#2575 = EDGE_CURVE ( 'NONE', #835, #7014, #8381, .T. ) ;
#2576 = VECTOR ( 'NONE', #1931, 1000.000000000000000 ) ;
#2577 = VERTEX_POINT ( 'NONE', #4000 ) ;
#2578 = CARTESIAN_POINT ( 'NONE',  ( 1.275000000000007500, 0.2000000000000000100, -7.574999999999999300 ) ) ;
#2579 = DIRECTION ( 'NONE',  ( 0.0000000000000000000, 0.0000000000000000000, -1.000000000000000000 ) ) ;
#2580 = CARTESIAN_POINT ( 'NONE',  ( 23.76500000000000400, 26.39999999999999900, 0.0000000000000000000 ) ) ;
#2581 = EDGE_CURVE ( 'NONE', #1134, #2968, #4332, .T. ) ;
#2582 = CARTESIAN_POINT ( 'NONE',  ( -21.52499999999998800, 1.099999999999999900, -2.499999999999999600 ) ) ;
#2583 = LINE ( 'NONE', #305, #790 ) ;
#2584 = ADVANCED_FACE ( 'NONE', ( #2966, #7833 ), #1967, .T. ) ;
#2585 = VECTOR ( 'NONE', #32, 1000.000000000000000 ) ;
#2586 = DIRECTION ( 'NONE',  ( -0.0000000000000000000, -1.000000000000000000, 2.125886612716674300E-017 ) ) ;
#2587 = AXIS2_PLACEMENT_3D ( 'NONE', #8149, #2811, #1387 ) ;
#2588 = DIRECTION ( 'NONE',  ( 0.0000000000000000000, -1.000000000000000000, 0.0000000000000000000 ) ) ;
#2589 = DIRECTION ( 'NONE',  ( -0.0000000000000000000, 1.000000000000000000, 0.0000000000000000000 ) ) ;
#2590 = CYLINDRICAL_SURFACE ( 'NONE', #1713, 1.899999999999999700 ) ;
#2591 = CARTESIAN_POINT ( 'NONE',  ( 16.61500000000000600, 0.0000000000000000000, -9.750000000000000000 ) ) ;
#2592 = FACE_OUTER_BOUND ( 'NONE', #4669, .T. ) ;
#2593 = EDGE_CURVE ( 'NONE', #2609, #7438, #2851, .T. ) ;
#2594 = ADVANCED_FACE ( 'NONE', ( #8153 ), #6135, .T. ) ;
#2595 = CARTESIAN_POINT ( 'NONE',  ( -11.82499999999999200, 7.500000000000000000, -5.200000000000000200 ) ) ;
#2596 = ORIENTED_EDGE ( 'NONE', *, *, #7259, .F. ) ;
#2597 = PLANE ( 'NONE',  #3676 ) ;
#2598 = TOROIDAL_SURFACE ( 'NONE', #6881, 1.600000000000000800, 0.2999999999999999900 ) ;
#2599 = EDGE_CURVE ( 'NONE', #2546, #1186, #2529, .T. ) ;
#2600 = MECHANICAL_DESIGN_GEOMETRIC_PRESENTATION_REPRESENTATION (  '', ( #4987 ), #4517 ) ;
#2601 = CIRCLE ( 'NONE', #7635, 0.2000000000000004600 ) ;
#2602 = EDGE_CURVE ( 'NONE', #8057, #7539, #7418, .T. ) ;
#2603 = DIRECTION ( 'NONE',  ( -0.0000000000000000000, 1.000000000000000000, -0.0000000000000000000 ) ) ;
#2604 = LINE ( 'NONE', #7789, #806 ) ;
#2605 = CARTESIAN_POINT ( 'NONE',  ( 16.61500000000000600, 0.6999999999999999600, -9.750000000000000000 ) ) ;
#2606 = CARTESIAN_POINT ( 'NONE',  ( -32.72499999999999400, 25.89999999999999900, -4.599999999999999600 ) ) ;
#2607 = ORIENTED_EDGE ( 'NONE', *, *, #3901, .T. ) ;
#2608 = DIRECTION ( 'NONE',  ( -1.982541115402067600E-014, 0.0000000000000000000, -1.000000000000000000 ) ) ;
#2609 = VERTEX_POINT ( 'NONE', #681 ) ;
#2610 = ADVANCED_BREP_SHAPE_REPRESENTATION ( 'ROB-16413', ( #2174, #242, #3103, #7180, #1413, #7569, #8770, #2066, #4410, #4676, #5604, #3488, #8743 ), #4570 ) ;
#2611 = ORIENTED_EDGE ( 'NONE', *, *, #2741, .T. ) ;
#2612 = VECTOR ( 'NONE', #3569, 1000.000000000000000 ) ;
#2613 = DIRECTION ( 'NONE',  ( -0.0000000000000000000, -1.000000000000000000, 0.0000000000000000000 ) ) ;
#2614 = DIRECTION ( 'NONE',  ( 0.0000000000000000000, 0.0000000000000000000, -1.000000000000000000 ) ) ;
#2615 = EDGE_CURVE ( 'NONE', #2874, #4104, #416, .T. ) ;
#2616 = DIRECTION ( 'NONE',  ( 1.000000000000000000, -0.0000000000000000000, -0.0000000000000000000 ) ) ;
#2617 = ORIENTED_EDGE ( 'NONE', *, *, #8246, .F. ) ;
#2618 = DIRECTION ( 'NONE',  ( -1.000000000000000000, 0.0000000000000000000, 0.0000000000000000000 ) ) ;
#2619 = DIRECTION ( 'NONE',  ( 1.000000000000000000, 0.0000000000000000000, -9.912705577010238600E-015 ) ) ;
#2620 = ORIENTED_EDGE ( 'NONE', *, *, #4066, .F. ) ;
#2621 = ORIENTED_EDGE ( 'NONE', *, *, #5000, .F. ) ;
#2622 = FACE_OUTER_BOUND ( 'NONE', #2962, .T. ) ;
#2623 = CARTESIAN_POINT ( 'NONE',  ( -31.89999999999999100, 21.30000000000000100, 0.8750000000003334000 ) ) ;
#2624 =( NAMED_UNIT ( * ) SI_UNIT ( $, .STERADIAN. ) SOLID_ANGLE_UNIT ( ) );
#2625 = ADVANCED_FACE ( 'NONE', ( #5608 ), #4869, .T. ) ;
#2626 = MECHANICAL_DESIGN_GEOMETRIC_PRESENTATION_REPRESENTATION (  '', ( #77 ), #6093 ) ;
#2627 = EDGE_LOOP ( 'NONE', ( #3959, #3181, #668 ) ) ;
#2628 = DIRECTION ( 'NONE',  ( 0.0000000000000000000, -0.0000000000000000000, -1.000000000000000000 ) ) ;
#2629 = CARTESIAN_POINT ( 'NONE',  ( 0.5750000000000099500, 18.34999999999999800, 10.90000000000000600 ) ) ;
#2630 = DIRECTION ( 'NONE',  ( 0.0000000000000000000, 1.000000000000000000, 0.0000000000000000000 ) ) ;
#2631 = AXIS2_PLACEMENT_3D ( 'NONE', #1423, #165, #3513 ) ;
#2632 = ORIENTED_EDGE ( 'NONE', *, *, #6219, .F. ) ;
#2633 = ADVANCED_FACE ( 'NONE', ( #1047 ), #4628, .T. ) ;
#2634 = CARTESIAN_POINT ( 'NONE',  ( -31.55000000000000100, 25.30000000000000100, -0.5249999999996698400 ) ) ;
#2635 = PLANE ( 'NONE',  #7917 ) ;
#2636 = DIRECTION ( 'NONE',  ( -0.0000000000000000000, -1.000000000000000000, -0.0000000000000000000 ) ) ;
#2637 = AXIS2_PLACEMENT_3D ( 'NONE', #1651, #1012, #5750 ) ;
#2638 = ORIENTED_EDGE ( 'NONE', *, *, #5754, .F. ) ;
#2639 = VECTOR ( 'NONE', #872, 1000.000000000000000 ) ;
#2640 = EDGE_CURVE ( 'NONE', #2117, #8468, #740, .T. ) ;
#2641 = ORIENTED_EDGE ( 'NONE', *, *, #7786, .T. ) ;
#2642 = CARTESIAN_POINT ( 'NONE',  ( -17.32499999999998500, 28.80000000000000100, -3.499999999999997300 ) ) ;
#2643 = VERTEX_POINT ( 'NONE', #1373 ) ;
#2644 = ORIENTED_EDGE ( 'NONE', *, *, #6575, .F. ) ;
#2645 = EDGE_CURVE ( 'NONE', #1678, #8469, #6457, .T. ) ;
#2646 = ORIENTED_EDGE ( 'NONE', *, *, #1213, .F. ) ;
#2647 = ORIENTED_EDGE ( 'NONE', *, *, #5601, .T. ) ;
#2648 = DIRECTION ( 'NONE',  ( 0.0000000000000000000, 0.0000000000000000000, -1.000000000000000000 ) ) ;
#2649 = ORIENTED_EDGE ( 'NONE', *, *, #796, .T. ) ;
#2650 = DIRECTION ( 'NONE',  ( -1.000000000000000000, -0.0000000000000000000, 6.672013369141589900E-016 ) ) ;
#2651 = ORIENTED_EDGE ( 'NONE', *, *, #613, .F. ) ;
#2652 = AXIS2_PLACEMENT_3D ( 'NONE', #3127, #7254, #8630 ) ;
#2653 = ORIENTED_EDGE ( 'NONE', *, *, #6640, .F. ) ;
#2654 = AXIS2_PLACEMENT_3D ( 'NONE', #2006, #8729, #6074 ) ;
#2655 = ORIENTED_EDGE ( 'NONE', *, *, #3483, .T. ) ;
#2656 = LINE ( 'NONE', #8391, #3510 ) ;
#2657 = CYLINDRICAL_SURFACE ( 'NONE', #6168, 2.149999999999999900 ) ;
#2658 = ORIENTED_EDGE ( 'NONE', *, *, #2824, .F. ) ;
#2659 = VERTEX_POINT ( 'NONE', #6122 ) ;
#2660 = CARTESIAN_POINT ( 'NONE',  ( -26.62499999999998900, 6.442151305867749800, 3.199999999999998000 ) ) ;
#2661 = EDGE_CURVE ( 'NONE', #114, #7612, #8264, .T. ) ;
#2662 = CIRCLE ( 'NONE', #3451, 0.2000000000000000900 ) ;
#2663 = CARTESIAN_POINT ( 'NONE',  ( 23.76500000000000400, -0.2999999999999999900, 0.0000000000000000000 ) ) ;
#2664 = ORIENTED_EDGE ( 'NONE', *, *, #4363, .T. ) ;
#2665 = ORIENTED_EDGE ( 'NONE', *, *, #3142, .T. ) ;
#2666 = FACE_OUTER_BOUND ( 'NONE', #978, .T. ) ;
#2667 = FACE_BOUND ( 'NONE', #4308, .T. ) ;
#2668 = CARTESIAN_POINT ( 'NONE',  ( -31.89999999999997700, 25.30000000000000100, 2.275000000000333400 ) ) ;
#2669 = AXIS2_PLACEMENT_3D ( 'NONE', #4942, #4966, #7068 ) ;
#2670 = CARTESIAN_POINT ( 'NONE',  ( -33.12499999999999300, 20.89999999999999900, -5.000000000000000900 ) ) ;
#2671 = DIRECTION ( 'NONE',  ( 0.0000000000000000000, 0.0000000000000000000, -1.000000000000000000 ) ) ;
#2672 = DIRECTION ( 'NONE',  ( -0.0000000000000000000, 1.000000000000000000, -0.0000000000000000000 ) ) ;
#2673 = LINE ( 'NONE', #8421, #7865 ) ;
#2674 = CARTESIAN_POINT ( 'NONE',  ( 0.5750000000000076200, 18.75000000000000000, -10.90000000000000000 ) ) ;
#2675 = ORIENTED_EDGE ( 'NONE', *, *, #183, .F. ) ;
#2676 = VECTOR ( 'NONE', #2395, 1000.000000000000000 ) ;
#2677 = EDGE_CURVE ( 'NONE', #1363, #6326, #1994, .T. ) ;
#2678 = ADVANCED_FACE ( 'NONE', ( #1466 ), #3816, .T. ) ;
#2679 = ORIENTED_EDGE ( 'NONE', *, *, #7286, .T. ) ;
#2680 = EDGE_CURVE ( 'NONE', #5919, #6466, #208, .T. ) ;
#2681 = VECTOR ( 'NONE', #7299, 1000.000000000000000 ) ;
#2682 = DIRECTION ( 'NONE',  ( 0.0000000000000000000, -1.000000000000000000, 0.0000000000000000000 ) ) ;
#2683 = DIRECTION ( 'NONE',  ( 0.0000000000000000000, 0.0000000000000000000, -1.000000000000000000 ) ) ;
#2684 = LINE ( 'NONE', #1653, #678 ) ;
#2685 = DIRECTION ( 'NONE',  ( -0.0000000000000000000, 1.000000000000000000, -0.0000000000000000000 ) ) ;
#2686 = FACE_OUTER_BOUND ( 'NONE', #25, .T. ) ;
#2687 = CARTESIAN_POINT ( 'NONE',  ( -31.90000000000004100, 25.30000000000000100, -3.674999999999665900 ) ) ;
#2688 = VECTOR ( 'NONE', #2173, 1000.000000000000000 ) ;
#2689 = AXIS2_PLACEMENT_3D ( 'NONE', #7413, #4636, #6634 ) ;
#2690 = CARTESIAN_POINT ( 'NONE',  ( 39.97500000000000100, 7.974999999999999600, -1.900000000000000100 ) ) ;
#2691 = EDGE_CURVE ( 'NONE', #5919, #6363, #6555, .T. ) ;
#2692 = LINE ( 'NONE', #4100, #3542 ) ;
#2693 = VECTOR ( 'NONE', #5353, 1000.000000000000000 ) ;
#2694 = PLANE ( 'NONE',  #4136 ) ;
#2695 = CARTESIAN_POINT ( 'NONE',  ( 3.765000000000007700, 18.75000000000000000, -10.34000000000000200 ) ) ;
#2696 = EDGE_CURVE ( 'NONE', #6681, #2533, #5917, .T. ) ;
#2697 = CARTESIAN_POINT ( 'NONE',  ( 25.73159604392972000, -8.650000000000000400, -1.849999999999999900 ) ) ;
#2698 = DIRECTION ( 'NONE',  ( 0.9659258262890690900, -0.2588190451025178000, 0.0000000000000000000 ) ) ;
#2699 = ORIENTED_EDGE ( 'NONE', *, *, #824, .T. ) ;
#2700 = CIRCLE ( 'NONE', #8733, 4.200000000000002800 ) ;
#2701 = FACE_OUTER_BOUND ( 'NONE', #7099, .T. ) ;
#2702 = AXIS2_PLACEMENT_3D ( 'NONE', #949, #5638, #5721 ) ;
#2703 = LINE ( 'NONE', #251, #7481 ) ;
#2704 = AXIS2_PLACEMENT_3D ( 'NONE', #7027, #2365, #4328 ) ;
#2705 = DIRECTION ( 'NONE',  ( 0.0000000000000000000, 0.0000000000000000000, -1.000000000000000000 ) ) ;
#2706 = CARTESIAN_POINT ( 'NONE',  ( -0.8249999999999924100, 18.75000000000000000, -11.19999999999999900 ) ) ;
#2707 = FACE_OUTER_BOUND ( 'NONE', #2031, .T. ) ;
#2708 = EDGE_CURVE ( 'NONE', #2423, #4229, #2955, .T. ) ;
#2709 = LINE ( 'NONE', #4345, #4197 ) ;
#2710 = LINE ( 'NONE', #286, #7592 ) ;
#2711 = EDGE_LOOP ( 'NONE', ( #8586, #7913, #8654, #6657 ) ) ;
#2712 = CARTESIAN_POINT ( 'NONE',  ( -9.124999999999998200, -0.05358983848622472800, -2.300000000000000300 ) ) ;
#2713 = ADVANCED_FACE ( 'NONE', ( #4125 ), #6887, .F. ) ;
#2714 = DIRECTION ( 'NONE',  ( 0.0000000000000000000, 1.000000000000000000, -0.0000000000000000000 ) ) ;
#2715 = ORIENTED_EDGE ( 'NONE', *, *, #5905, .F. ) ;
#2716 = EDGE_CURVE ( 'NONE', #7024, #216, #3063, .T. ) ;
#2717 = LINE ( 'NONE', #2972, #3890 ) ;
#2718 = CARTESIAN_POINT ( 'NONE',  ( -9.791025403784438200, 18.75000000000000400, 2.500000000000000000 ) ) ;
#2719 = EDGE_CURVE ( 'NONE', #7661, #5422, #4964, .T. ) ;
#2720 = ADVANCED_FACE ( 'NONE', ( #2417 ), #1430, .F. ) ;
#2721 = ORIENTED_EDGE ( 'NONE', *, *, #3611, .F. ) ;
#2722 = CIRCLE ( 'NONE', #6975, 2.149999999999999900 ) ;
#2723 = CARTESIAN_POINT ( 'NONE',  ( -31.89999999999997700, 21.30000000000000100, 2.275000000000333400 ) ) ;
#2724 = ORIENTED_EDGE ( 'NONE', *, *, #2990, .T. ) ;
#2725 = ORIENTED_EDGE ( 'NONE', *, *, #1044, .F. ) ;
#2726 =( NAMED_UNIT ( * ) SI_UNIT ( $, .STERADIAN. ) SOLID_ANGLE_UNIT ( ) );
#2727 = DIRECTION ( 'NONE',  ( 1.000000000000000000, 0.0000000000000000000, 0.0000000000000000000 ) ) ;
#2728 = PLANE ( 'NONE',  #437 ) ;
#2729 = ORIENTED_EDGE ( 'NONE', *, *, #1144, .F. ) ;
#2730 = EDGE_CURVE ( 'NONE', #923, #3692, #1358, .T. ) ;
#2731 = LINE ( 'NONE', #7820, #2520 ) ;
#2732 = DIRECTION ( 'NONE',  ( 0.0000000000000000000, 0.0000000000000000000, 1.000000000000000000 ) ) ;
#2733 = DIRECTION ( 'NONE',  ( 0.0000000000000000000, 0.0000000000000000000, -1.000000000000000000 ) ) ;
#2734 = ORIENTED_EDGE ( 'NONE', *, *, #1041, .F. ) ;
#2735 = CARTESIAN_POINT ( 'NONE',  ( 21.79840395607028800, -1.000000000000000000, -1.850000000000000800 ) ) ;
#2736 = ORIENTED_EDGE ( 'NONE', *, *, #3455, .F. ) ;
#2737 = DIRECTION ( 'NONE',  ( -1.000000000000000000, 0.0000000000000000000, 0.0000000000000000000 ) ) ;
#2738 = ORIENTED_EDGE ( 'NONE', *, *, #3759, .T. ) ;
#2739 = VECTOR ( 'NONE', #6292, 1000.000000000000000 ) ;
#2740 = DIRECTION ( 'NONE',  ( -1.000000000000000000, -0.0000000000000000000, 9.912705577010238600E-015 ) ) ;
#2741 = EDGE_CURVE ( 'NONE', #8543, #1655, #2307, .T. ) ;
#2742 = CARTESIAN_POINT ( 'NONE',  ( 1.275000000000007500, 0.2000000000000000100, 4.824999999999999300 ) ) ;
#2743 = DIRECTION ( 'NONE',  ( 0.0000000000000000000, -1.000000000000000000, 0.0000000000000000000 ) ) ;
#2744 = DIRECTION ( 'NONE',  ( -0.0000000000000000000, 1.000000000000000000, -0.0000000000000000000 ) ) ;
#2745 = VERTEX_POINT ( 'NONE', #6236 ) ;
#2746 = ORIENTED_EDGE ( 'NONE', *, *, #6124, .T. ) ;
#2747 = ORIENTED_EDGE ( 'NONE', *, *, #2498, .F. ) ;
#2748 = LINE ( 'NONE', #7709, #6143 ) ;
#2749 = AXIS2_PLACEMENT_3D ( 'NONE', #4818, #5462, #818 ) ;
#2750 = DIRECTION ( 'NONE',  ( 0.0000000000000000000, 1.000000000000000000, 0.0000000000000000000 ) ) ;
#2751 = ORIENTED_EDGE ( 'NONE', *, *, #6512, .T. ) ;
#2752 = DIRECTION ( 'NONE',  ( 0.0000000000000000000, 0.0000000000000000000, 1.000000000000000000 ) ) ;
#2753 = ORIENTED_EDGE ( 'NONE', *, *, #5966, .F. ) ;
#2754 = DIRECTION ( 'NONE',  ( -0.0000000000000000000, 1.000000000000000000, -0.0000000000000000000 ) ) ;
#2755 = ORIENTED_EDGE ( 'NONE', *, *, #5065, .F. ) ;
#2756 = AXIS2_PLACEMENT_3D ( 'NONE', #1668, #3829, #1639 ) ;
#2757 = VERTEX_POINT ( 'NONE', #840 ) ;
#2758 = ADVANCED_FACE ( 'NONE', ( #4746 ), #2199, .T. ) ;
#2759 = ORIENTED_EDGE ( 'NONE', *, *, #747, .F. ) ;
#2760 = EDGE_CURVE ( 'NONE', #4698, #81, #6244, .T. ) ;
#2761 = DIRECTION ( 'NONE',  ( 0.0000000000000000000, 1.000000000000000000, 0.0000000000000000000 ) ) ;
#2762 = VERTEX_POINT ( 'NONE', #6322 ) ;
#2763 = DIRECTION ( 'NONE',  ( 0.0000000000000000000, 0.0000000000000000000, -1.000000000000000000 ) ) ;
#2764 = VECTOR ( 'NONE', #5446, 1000.000000000000000 ) ;
#2765 = LINE ( 'NONE', #5871, #4150 ) ;
#2766 = DIRECTION ( 'NONE',  ( 0.0000000000000000000, 0.0000000000000000000, 1.000000000000000000 ) ) ;
#2767 = CARTESIAN_POINT ( 'NONE',  ( -8.724999999999996100, 0.0000000000000000000, 2.299999999999999800 ) ) ;
#2768 = ORIENTED_EDGE ( 'NONE', *, *, #1696, .T. ) ;
#2769 = AXIS2_PLACEMENT_3D ( 'NONE', #2410, #8593, #3794 ) ;
#2770 = CARTESIAN_POINT ( 'NONE',  ( -26.62499999999998900, 20.15000000000000200, 5.200000000000001100 ) ) ;
#2771 = AXIS2_PLACEMENT_3D ( 'NONE', #4453, #5804, #5780 ) ;
#2772 = ADVANCED_FACE ( 'NONE', ( #8802 ), #2898, .F. ) ;
#2773 = ORIENTED_EDGE ( 'NONE', *, *, #8768, .T. ) ;
#2774 = CARTESIAN_POINT ( 'NONE',  ( -34.12499999999998600, 0.09999999999999939500, -5.200000000000001100 ) ) ;
#2775 = EDGE_CURVE ( 'NONE', #6856, #1663, #4529, .T. ) ;
#2776 = DIRECTION ( 'NONE',  ( 0.0000000000000000000, 0.0000000000000000000, 1.000000000000000000 ) ) ;
#2777 = CARTESIAN_POINT ( 'NONE',  ( 32.67500000000000400, 18.75000000000000000, 8.500000000000000000 ) ) ;
#2778 = VERTEX_POINT ( 'NONE', #264 ) ;
#2779 = SURFACE_STYLE_FILL_AREA ( #4957 ) ;
#2780 = EDGE_LOOP ( 'NONE', ( #4998, #6692, #6595, #6437 ) ) ;
#2781 = FACE_OUTER_BOUND ( 'NONE', #5156, .T. ) ;
#2782 = DIRECTION ( 'NONE',  ( -0.0000000000000000000, 1.000000000000000000, -0.0000000000000000000 ) ) ;
#2783 = CARTESIAN_POINT ( 'NONE',  ( -9.791025403784438200, 1.500000000000000400, 2.500000000000000000 ) ) ;
#2784 = CARTESIAN_POINT ( 'NONE',  ( -11.82499999999999200, 12.75000000000000400, 5.200000000000002000 ) ) ;
#2785 = PLANE ( 'NONE',  #1176 ) ;
#2786 = LINE ( 'NONE', #5239, #6827 ) ;
#2787 = EDGE_CURVE ( 'NONE', #6422, #7065, #4226, .T. ) ;
#2788 = VECTOR ( 'NONE', #380, 1000.000000000000000 ) ;
#2789 = DIRECTION ( 'NONE',  ( -1.000000000000000000, -0.0000000000000000000, 9.912705577010238600E-015 ) ) ;
#2790 = ORIENTED_EDGE ( 'NONE', *, *, #3536, .F. ) ;
#2791 = CARTESIAN_POINT ( 'NONE',  ( -16.02499999999999100, 28.80000000000000100, -4.500000000000000900 ) ) ;
#2792 = DIRECTION ( 'NONE',  ( 1.000000000000000000, 0.0000000000000000000, 0.0000000000000000000 ) ) ;
#2793 = EDGE_CURVE ( 'NONE', #7383, #1766, #632, .T. ) ;
#2794 = PLANE ( 'NONE',  #1096 ) ;
#2795 = VECTOR ( 'NONE', #1471, 1000.000000000000000 ) ;
#2796 = DIRECTION ( 'NONE',  ( 0.0000000000000000000, 1.000000000000000000, 0.0000000000000000000 ) ) ;
#2797 = AXIS2_PLACEMENT_3D ( 'NONE', #7109, #2368, #369 ) ;
#2798 = FACE_BOUND ( 'NONE', #7780, .T. ) ;
#2799 = EDGE_CURVE ( 'NONE', #7178, #5896, #7633, .T. ) ;
#2800 = DIRECTION ( 'NONE',  ( 9.912705577010238600E-015, -0.0000000000000000000, 1.000000000000000000 ) ) ;
#2801 = ADVANCED_FACE ( 'NONE', ( #1263 ), #5698, .T. ) ;
#2802 = CIRCLE ( 'NONE', #7804, 1.000000000000002700 ) ;
#2803 = LINE ( 'NONE', #1354, #8115 ) ;
#2804 = AXIS2_PLACEMENT_3D ( 'NONE', #7498, #4789, #743 ) ;
#2805 = DIRECTION ( 'NONE',  ( -0.0000000000000000000, -1.000000000000000000, 2.125886612716674300E-017 ) ) ;
#2806 = AXIS2_PLACEMENT_3D ( 'NONE', #7686, #5663, #859 ) ;
#2807 = VERTEX_POINT ( 'NONE', #1578 ) ;
#2808 = CARTESIAN_POINT ( 'NONE',  ( 34.87500000000000700, 0.3000000000000016500, 6.700000000000000200 ) ) ;
#2809 = FACE_OUTER_BOUND ( 'NONE', #5468, .T. ) ;
#2810 = ADVANCED_FACE ( 'NONE', ( #1570 ), #295, .F. ) ;
#2811 = DIRECTION ( 'NONE',  ( -0.0000000000000000000, 1.000000000000000000, 0.0000000000000000000 ) ) ;
#2812 = CIRCLE ( 'NONE', #3194, 1.000000000000002700 ) ;
#2813 = EDGE_CURVE ( 'NONE', #2216, #8547, #7734, .T. ) ;
#2814 = ORIENTED_EDGE ( 'NONE', *, *, #2696, .F. ) ;
#2815 = AXIS2_PLACEMENT_3D ( 'NONE', #6765, #7456, #788 ) ;
#2816 = CARTESIAN_POINT ( 'NONE',  ( -34.12499999999998600, 7.499999999999999100, 12.60000000000000300 ) ) ;
#2817 = VECTOR ( 'NONE', #1525, 1000.000000000000000 ) ;
#2818 = DIRECTION ( 'NONE',  ( -1.000000000000000000, 0.0000000000000000000, 0.0000000000000000000 ) ) ;
#2819 = AXIS2_PLACEMENT_3D ( 'NONE', #3385, #5427, #16 ) ;
#2820 = CARTESIAN_POINT ( 'NONE',  ( -11.82499999999999200, 12.75000000000000200, -11.20000000000000300 ) ) ;
#2821 = CARTESIAN_POINT ( 'NONE',  ( -32.72499999999999400, 21.30000000000000100, 4.599999999999999600 ) ) ;
#2822 = CARTESIAN_POINT ( 'NONE',  ( 32.67500000000000400, 0.6999999999999999600, -8.500000000000000000 ) ) ;
#2823 = CARTESIAN_POINT ( 'NONE',  ( -31.90000000000002000, 21.30000000000000100, -1.924999999999666300 ) ) ;
#2824 = EDGE_CURVE ( 'NONE', #4736, #202, #3603, .T. ) ;
#2825 = ORIENTED_EDGE ( 'NONE', *, *, #8008, .F. ) ;
#2826 = CIRCLE ( 'NONE', #1304, 1.900000000000000600 ) ;
#2827 = CARTESIAN_POINT ( 'NONE',  ( 1.575000000000007500, 0.6999999999999999600, 4.299999999999998900 ) ) ;
#2828 = VERTEX_POINT ( 'NONE', #7697 ) ;
#2829 = DIRECTION ( 'NONE',  ( 1.000000000000000000, 0.0000000000000000000, -9.912705577010238600E-015 ) ) ;
#2830 = CARTESIAN_POINT ( 'NONE',  ( -17.32499999999998500, 18.55000000000000100, 4.500000000000000900 ) ) ;
#2831 = AXIS2_PLACEMENT_3D ( 'NONE', #993, #4259, #926 ) ;
#2832 = CARTESIAN_POINT ( 'NONE',  ( -25.12499999999998600, 20.15000000000000200, 5.200000000000002000 ) ) ;
#2833 = ORIENTED_EDGE ( 'NONE', *, *, #8486, .F. ) ;
#2834 = FACE_BOUND ( 'NONE', #26, .T. ) ;
#2835 = EDGE_CURVE ( 'NONE', #4124, #2289, #8371, .T. ) ;
#2836 = VERTEX_POINT ( 'NONE', #199 ) ;
#2837 = CARTESIAN_POINT ( 'NONE',  ( 32.67500000000000400, 18.55000000000000100, 7.500000000000002700 ) ) ;
#2838 = EDGE_CURVE ( 'NONE', #1372, #5140, #932, .T. ) ;
#2839 = CARTESIAN_POINT ( 'NONE',  ( -31.90000000000001300, 25.30000000000000100, -0.8749999999996659300 ) ) ;
#2840 = CARTESIAN_POINT ( 'NONE',  ( 25.73159604392972000, -8.650000000000000400, -1.849999999999999900 ) ) ;
#2841 = VERTEX_POINT ( 'NONE', #7761 ) ;
#2842 = ADVANCED_FACE ( 'NONE', ( #6982 ), #3610, .F. ) ;
#2843 = CARTESIAN_POINT ( 'NONE',  ( -0.8249999999999924100, 7.500000000000000900, 11.19999999999999900 ) ) ;
#2844 = EDGE_CURVE ( 'NONE', #2880, #1866, #5382, .T. ) ;
#2845 = ORIENTED_EDGE ( 'NONE', *, *, #2886, .T. ) ;
#2846 = DIRECTION ( 'NONE',  ( -0.0000000000000000000, 1.000000000000000000, -0.0000000000000000000 ) ) ;
#2847 = DIRECTION ( 'NONE',  ( 1.982541115402066600E-014, 0.0000000000000000000, 1.000000000000000000 ) ) ;
#2848 = DIRECTION ( 'NONE',  ( -0.0000000000000000000, -0.0000000000000000000, 1.000000000000000000 ) ) ;
#2849 = DIRECTION ( 'NONE',  ( 0.0000000000000000000, 0.0000000000000000000, -1.000000000000000000 ) ) ;
#2850 = ORIENTED_EDGE ( 'NONE', *, *, #297, .F. ) ;
#2851 = LINE ( 'NONE', #3282, #2207 ) ;
#2852 = DIRECTION ( 'NONE',  ( 0.0000000000000000000, 0.0000000000000000000, 1.000000000000000000 ) ) ;
#2853 = VERTEX_POINT ( 'NONE', #2234 ) ;
#2854 = ADVANCED_FACE ( 'NONE', ( #7826, #8574 ), #7059, .T. ) ;
#2855 = ORIENTED_EDGE ( 'NONE', *, *, #5107, .T. ) ;
#2856 = ORIENTED_EDGE ( 'NONE', *, *, #3003, .T. ) ;
#2857 = AXIS2_PLACEMENT_3D ( 'NONE', #7133, #3072, #3769 ) ;
#2858 = CARTESIAN_POINT ( 'NONE',  ( -20.42499999999999000, 6.442151305867749800, -3.499999999999997300 ) ) ;
#2859 = VERTEX_POINT ( 'NONE', #5168 ) ;
#2860 = ORIENTED_EDGE ( 'NONE', *, *, #4224, .T. ) ;
#2861 = CARTESIAN_POINT ( 'NONE',  ( 1.275000000000007500, 0.6000000000000000900, -4.824999999999999300 ) ) ;
#2862 = EDGE_CURVE ( 'NONE', #108, #636, #1350, .T. ) ;
#2863 = ORIENTED_EDGE ( 'NONE', *, *, #6849, .F. ) ;
#2864 = DIRECTION ( 'NONE',  ( 0.0000000000000000000, 0.0000000000000000000, 1.000000000000000000 ) ) ;
#2865 = EDGE_CURVE ( 'NONE', #3402, #7543, #2198, .T. ) ;
#2866 = CARTESIAN_POINT ( 'NONE',  ( 1.275000000000007500, 0.6000000000000000900, 7.574999999999999300 ) ) ;
#2867 = ORIENTED_EDGE ( 'NONE', *, *, #282, .F. ) ;
#2868 = ORIENTED_EDGE ( 'NONE', *, *, #8287, .T. ) ;
#2869 = VECTOR ( 'NONE', #1934, 1000.000000000000000 ) ;
#2870 = VECTOR ( 'NONE', #6226, 1000.000000000000000 ) ;
#2871 = CARTESIAN_POINT ( 'NONE',  ( 23.76500000000000400, -1.000000000000000000, 2.700000000000001100 ) ) ;
#2872 = EDGE_CURVE ( 'NONE', #4419, #7278, #3371, .T. ) ;
#2873 = ORIENTED_EDGE ( 'NONE', *, *, #2131, .T. ) ;
#2874 = VERTEX_POINT ( 'NONE', #3728 ) ;
#2875 = VERTEX_POINT ( 'NONE', #8521 ) ;
#2876 = AXIS2_PLACEMENT_3D ( 'NONE', #7776, #8450, #1624 ) ;
#2877 = LINE ( 'NONE', #7706, #126 ) ;
#2878 = CARTESIAN_POINT ( 'NONE',  ( -11.82499999999999200, 12.75000000000000200, -5.200000000000001100 ) ) ;
#2879 = DIRECTION ( 'NONE',  ( -0.0000000000000000000, -1.000000000000000000, -0.0000000000000000000 ) ) ;
#2880 = VERTEX_POINT ( 'NONE', #2465 ) ;
#2881 = AXIS2_PLACEMENT_3D ( 'NONE', #6256, #2189, #6941 ) ;
#2882 = ORIENTED_EDGE ( 'NONE', *, *, #7580, .T. ) ;
#2883 = CIRCLE ( 'NONE', #3564, 0.2000000000000005100 ) ;
#2884 = VECTOR ( 'NONE', #6817, 1000.000000000000000 ) ;
#2885 = DIRECTION ( 'NONE',  ( 0.0000000000000000000, 0.0000000000000000000, -1.000000000000000000 ) ) ;
#2886 = EDGE_CURVE ( 'NONE', #7089, #5397, #526, .T. ) ;
#2887 = DIRECTION ( 'NONE',  ( 1.000000000000000000, 0.0000000000000000000, -0.0000000000000000000 ) ) ;
#2888 = VECTOR ( 'NONE', #729, 1000.000000000000000 ) ;
#2889 = DIRECTION ( 'NONE',  ( -0.0000000000000000000, -1.000000000000000000, -0.0000000000000000000 ) ) ;
#2890 = DIRECTION ( 'NONE',  ( 0.0000000000000000000, 0.0000000000000000000, -1.000000000000000000 ) ) ;
#2891 = DIRECTION ( 'NONE',  ( 0.0000000000000000000, -0.0000000000000000000, -1.000000000000000000 ) ) ;
#2892 = ORIENTED_EDGE ( 'NONE', *, *, #2862, .F. ) ;
#2893 = CIRCLE ( 'NONE', #8496, 0.2000000000000000900 ) ;
#2894 = PRODUCT_DEFINITION ( 'UNKNOWN', '', #288, #8027 ) ;
#2895 = PLANE ( 'NONE',  #3089 ) ;
#2896 = AXIS2_PLACEMENT_3D ( 'NONE', #3190, #8652, #1851 ) ;
#2897 = LINE ( 'NONE', #5169, #1088 ) ;
#2898 = PLANE ( 'NONE',  #6857 ) ;
#2899 = ADVANCED_FACE ( 'NONE', ( #8040 ), #349, .F. ) ;
#2900 = FACE_OUTER_BOUND ( 'NONE', #5083, .T. ) ;
#2901 = EDGE_CURVE ( 'NONE', #4878, #636, #3482, .T. ) ;
#2902 = DIRECTION ( 'NONE',  ( -0.0000000000000000000, 1.000000000000000000, -0.0000000000000000000 ) ) ;
#2903 = DIRECTION ( 'NONE',  ( 0.0000000000000000000, 0.0000000000000000000, 1.000000000000000000 ) ) ;
#2904 = FACE_OUTER_BOUND ( 'NONE', #6147, .T. ) ;
#2905 = DIRECTION ( 'NONE',  ( -1.000000000000000000, 0.0000000000000000000, -0.0000000000000000000 ) ) ;
#2906 = CYLINDRICAL_SURFACE ( 'NONE', #8779, 0.2000000000000000900 ) ;
#2907 = CARTESIAN_POINT ( 'NONE',  ( -31.90000000000003400, 21.30000000000000100, -3.324999999999666200 ) ) ;
#2909 = ADVANCED_FACE ( 'NONE', ( #3702 ), #7892, .F. ) ;
#2908 = CARTESIAN_POINT ( 'NONE',  ( 1.875000000000007500, 0.2000000000000000100, -4.824999999999999300 ) ) ;
#2910 = CARTESIAN_POINT ( 'NONE',  ( 1.275000000000007500, 0.6000000000000000900, -7.574999999999999300 ) ) ;
#2911 = VERTEX_POINT ( 'NONE', #462 ) ;
#2912 = CARTESIAN_POINT ( 'NONE',  ( -31.90000000000000600, 25.30000000000000100, -0.5249999999996664000 ) ) ;
#2913 = EDGE_CURVE ( 'NONE', #4349, #7178, #7521, .T. ) ;
#2914 = LINE ( 'NONE', #2138, #1519 ) ;
#2915 = VECTOR ( 'NONE', #6032, 1000.000000000000000 ) ;
#2916 = CARTESIAN_POINT ( 'NONE',  ( -6.424999999999996300, -1.770000000000000000, -2.300000000000000300 ) ) ;
#2917 = CARTESIAN_POINT ( 'NONE',  ( 32.67500000000000400, 0.6999999999999999600, -9.499999999999998200 ) ) ;
#2918 = EDGE_LOOP ( 'NONE', ( #3433, #918, #7387, #5144 ) ) ;
#2919 = AXIS2_PLACEMENT_3D ( 'NONE', #325, #1087, #7807 ) ;
#2920 = LINE ( 'NONE', #482, #8647 ) ;
#2921 = LINE ( 'NONE', #5398, #1539 ) ;
#2922 = FACE_OUTER_BOUND ( 'NONE', #8675, .T. ) ;
#2923 = DIRECTION ( 'NONE',  ( 0.0000000000000000000, -1.000000000000000000, 0.0000000000000000000 ) ) ;
#2924 = DIRECTION ( 'NONE',  ( 1.000000000000000000, -0.0000000000000000000, -0.0000000000000000000 ) ) ;
#2925 = DIRECTION ( 'NONE',  ( -0.0000000000000000000, 1.000000000000000000, -0.0000000000000000000 ) ) ;
#2926 = ORIENTED_EDGE ( 'NONE', *, *, #5465, .T. ) ;
#2927 = LINE ( 'NONE', #1832, #8120 ) ;
#2928 = DIRECTION ( 'NONE',  ( 0.0000000000000000000, -0.0000000000000000000, 1.000000000000000000 ) ) ;
#2929 = EDGE_LOOP ( 'NONE', ( #3987, #6491, #511, #2755 ) ) ;
#2930 = CARTESIAN_POINT ( 'NONE',  ( 32.67500000000000400, 18.75000000000000000, -9.499999999999998200 ) ) ;
#2931 = ORIENTED_EDGE ( 'NONE', *, *, #93, .F. ) ;
#2932 = CARTESIAN_POINT ( 'NONE',  ( 32.67500000000000400, 18.75000000000000000, -8.500000000000000000 ) ) ;
#2933 = CARTESIAN_POINT ( 'NONE',  ( -0.8249999999999924100, 0.0000000000000000000, 10.90000000000000000 ) ) ;
#2934 =( LENGTH_UNIT ( ) NAMED_UNIT ( * ) SI_UNIT ( .MILLI., .METRE. ) );
#2935 = DIRECTION ( 'NONE',  ( -1.000000000000000000, 0.0000000000000000000, 0.0000000000000000000 ) ) ;
#2936 = EDGE_CURVE ( 'NONE', #1590, #121, #6446, .T. ) ;
#2937 = CYLINDRICAL_SURFACE ( 'NONE', #4474, 0.9999999999999974500 ) ;
#2938 = EDGE_LOOP ( 'NONE', ( #6585, #1879 ) ) ;
#2939 = AXIS2_PLACEMENT_3D ( 'NONE', #1530, #7684, #3655 ) ;
#2940 = ORIENTED_EDGE ( 'NONE', *, *, #4146, .T. ) ;
#2941 = DIRECTION ( 'NONE',  ( -0.0000000000000000000, -1.000000000000000000, 0.0000000000000000000 ) ) ;
#2942 = CARTESIAN_POINT ( 'NONE',  ( 1.575000000000007300, 0.5000000000000000000, 8.099999999999999600 ) ) ;
#2943 = ORIENTED_EDGE ( 'NONE', *, *, #7367, .F. ) ;
#2944 = EDGE_CURVE ( 'NONE', #3298, #1670, #7302, .T. ) ;
#2945 = ADVANCED_FACE ( 'NONE', ( #1883 ), #95, .F. ) ;
#2946 = ORIENTED_EDGE ( 'NONE', *, *, #4849, .F. ) ;
#2947 = VECTOR ( 'NONE', #2846, 1000.000000000000000 ) ;
#2948 = CARTESIAN_POINT ( 'NONE',  ( -26.62499999999998900, 0.1099999999999989900, -2.999999999999997300 ) ) ;
#2949 = CARTESIAN_POINT ( 'NONE',  ( 23.76500000000000400, -8.650000000000000400, 2.700000000000001100 ) ) ;
#2950 = CARTESIAN_POINT ( 'NONE',  ( -16.02499999999999100, 1.099999999999999900, -3.500000000000000000 ) ) ;
#2951 = DIRECTION ( 'NONE',  ( 0.0000000000000000000, 1.000000000000000000, 0.0000000000000000000 ) ) ;
#2952 = VERTEX_POINT ( 'NONE', #7148 ) ;
#2953 = EDGE_LOOP ( 'NONE', ( #4013, #155, #1272, #4334 ) ) ;
#2954 = EDGE_CURVE ( 'NONE', #8706, #4383, #1767, .T. ) ;
#2955 = CIRCLE ( 'NONE', #5371, 0.2000000000000000900 ) ;
#2956 = CARTESIAN_POINT ( 'NONE',  ( -11.82499999999999200, 7.500000000000000900, -12.06410161513776200 ) ) ;
#2957 = CARTESIAN_POINT ( 'NONE',  ( -6.424999999999996300, 21.82000000000000700, -2.500000000000000000 ) ) ;
#2958 = EDGE_CURVE ( 'NONE', #5784, #4401, #8691, .T. ) ;
#2959 = DIRECTION ( 'NONE',  ( -1.000000000000000000, 0.0000000000000000000, -8.068481283613053800E-016 ) ) ;
#2960 = DIRECTION ( 'NONE',  ( -0.9659258262890690900, -0.2588190451025178500, 0.0000000000000000000 ) ) ;
#2961 = ORIENTED_EDGE ( 'NONE', *, *, #7156, .F. ) ;
#2962 = EDGE_LOOP ( 'NONE', ( #6882, #6717, #2825, #6895 ) ) ;
#2963 = EDGE_LOOP ( 'NONE', ( #4953, #8484, #4429, #2092 ) ) ;
#2964 = ORIENTED_EDGE ( 'NONE', *, *, #5130, .T. ) ;
#2965 = VERTEX_POINT ( 'NONE', #3757 ) ;
#2966 = FACE_OUTER_BOUND ( 'NONE', #65, .T. ) ;
#2967 = DIRECTION ( 'NONE',  ( -0.0000000000000000000, 1.000000000000000000, -0.0000000000000000000 ) ) ;
#2968 = VERTEX_POINT ( 'NONE', #4425 ) ;
#2969 = ORIENTED_EDGE ( 'NONE', *, *, #107, .T. ) ;
#2970 = VECTOR ( 'NONE', #7053, 1000.000000000000000 ) ;
#2971 = DIRECTION ( 'NONE',  ( -0.0000000000000000000, 1.000000000000000000, -0.0000000000000000000 ) ) ;
#2972 = CARTESIAN_POINT ( 'NONE',  ( -11.82499999999999200, 12.75000000000000400, 11.20000000000000300 ) ) ;
#2973 = VERTEX_POINT ( 'NONE', #6441 ) ;
#2974 = CARTESIAN_POINT ( 'NONE',  ( 12.76500000000000600, -1.770000000000000000, 1.990000000000001300 ) ) ;
#2975 = ORIENTED_EDGE ( 'NONE', *, *, #3949, .F. ) ;
#2976 = DIRECTION ( 'NONE',  ( -1.000000000000000000, 0.0000000000000000000, 0.0000000000000000000 ) ) ;
#2977 = ORIENTED_EDGE ( 'NONE', *, *, #7221, .F. ) ;
#2978 = ORIENTED_EDGE ( 'NONE', *, *, #2321, .F. ) ;
#2979 = VERTEX_POINT ( 'NONE', #1103 ) ;
#2980 = ORIENTED_EDGE ( 'NONE', *, *, #5551, .T. ) ;
#2981 = LINE ( 'NONE', #881, #5308 ) ;
#2982 = PRESENTATION_STYLE_ASSIGNMENT (( #3905 ) ) ;
#2983 = CARTESIAN_POINT ( 'NONE',  ( -31.55000000000000100, 25.30000000000000100, -0.5249999999996698400 ) ) ;
#2984 = AXIS2_PLACEMENT_3D ( 'NONE', #5434, #4168, #4835 ) ;
#2985 = SURFACE_STYLE_USAGE ( .BOTH. , #5042 ) ;
#2986 = DIRECTION ( 'NONE',  ( 1.000000000000000000, -0.0000000000000000000, -1.204669080539454300E-016 ) ) ;
#2987 = CARTESIAN_POINT ( 'NONE',  ( -29.12499999999998900, 20.89999999999999900, -5.000000000000000900 ) ) ;
#2988 = CARTESIAN_POINT ( 'NONE',  ( 39.37500000000000000, 7.974999999999999600, -2.500000000000000000 ) ) ;
#2989 = LINE ( 'NONE', #3911, #4365 ) ;
#2990 = EDGE_CURVE ( 'NONE', #1763, #528, #8794, .T. ) ;
#2991 = ORIENTED_EDGE ( 'NONE', *, *, #735, .F. ) ;
#2992 = VECTOR ( 'NONE', #4220, 1000.000000000000000 ) ;
#2993 = DIRECTION ( 'NONE',  ( -0.0000000000000000000, -1.000000000000000000, -0.0000000000000000000 ) ) ;
#2994 = DIRECTION ( 'NONE',  ( -0.0000000000000000000, -1.000000000000000000, -0.0000000000000000000 ) ) ;
#2995 = AXIS2_PLACEMENT_3D ( 'NONE', #495, #7301, #464 ) ;
#2997 = ADVANCED_FACE ( 'NONE', ( #3918 ), #4954, .F. ) ;
#2996 = DIRECTION ( 'NONE',  ( 0.0000000000000000000, 2.125886612716674000E-017, 1.000000000000000000 ) ) ;
#2998 = PLANE ( 'NONE',  #493 ) ;
#2999 = AXIS2_PLACEMENT_3D ( 'NONE', #2816, #7452, #4806 ) ;
#3000 = ORIENTED_EDGE ( 'NONE', *, *, #4993, .F. ) ;
#3001 = CIRCLE ( 'NONE', #5861, 7.400000000000000400 ) ;
#3002 = DIRECTION ( 'NONE',  ( -1.000000000000000000, 0.0000000000000000000, 0.0000000000000000000 ) ) ;
#3003 = EDGE_CURVE ( 'NONE', #8056, #3640, #4632, .T. ) ;
#3004 = CARTESIAN_POINT ( 'NONE',  ( -26.62499999999998900, 12.75000000000000200, -5.200000000000001100 ) ) ;
#3005 = CARTESIAN_POINT ( 'NONE',  ( -11.82499999999999200, 19.61410161513776300, -5.200000000000001100 ) ) ;
#3006 = CARTESIAN_POINT ( 'NONE',  ( 1.575000000000007300, 0.0000000000000000000, 6.200000000000000200 ) ) ;
#3007 = CARTESIAN_POINT ( 'NONE',  ( -29.52499999999998800, 25.89999999999999900, 4.599999999999999600 ) ) ;
#3008 = CIRCLE ( 'NONE', #2288, 3.500000000000000000 ) ;
#3009 = CARTESIAN_POINT ( 'NONE',  ( 32.67500000000000400, 18.55000000000000100, 8.500000000000000000 ) ) ;
#3010 = VECTOR ( 'NONE', #2532, 1000.000000000000000 ) ;
#3011 = AXIS2_PLACEMENT_3D ( 'NONE', #5866, #1250, #1225 ) ;
#3012 = ORIENTED_EDGE ( 'NONE', *, *, #3733, .T. ) ;
#3013 = CARTESIAN_POINT ( 'NONE',  ( -11.82499999999999200, 0.6358983848622396000, 5.200000000000001100 ) ) ;
#3014 = CYLINDRICAL_SURFACE ( 'NONE', #7013, 0.2000000000000000900 ) ;
#3015 = EDGE_CURVE ( 'NONE', #3346, #6059, #5068, .T. ) ;
#3016 = CARTESIAN_POINT ( 'NONE',  ( -0.8249999999999924100, 7.500000000000000000, -5.200000000000000200 ) ) ;
#3017 = VECTOR ( 'NONE', #5098, 1000.000000000000000 ) ;
#3018 = CARTESIAN_POINT ( 'NONE',  ( 32.67500000000000400, 0.6999999999999999600, -7.500000000000002700 ) ) ;
#3019 = EDGE_CURVE ( 'NONE', #6028, #7438, #8257, .T. ) ;
#3020 = FACE_OUTER_BOUND ( 'NONE', #2408, .T. ) ;
#3021 = DIRECTION ( 'NONE',  ( -0.0000000000000000000, 1.000000000000000000, -2.125886612716674000E-017 ) ) ;
#3022 = DIRECTION ( 'NONE',  ( 0.0000000000000000000, -1.000000000000000000, 2.125886612716674000E-017 ) ) ;
#3023 = FACE_OUTER_BOUND ( 'NONE', #5364, .T. ) ;
#3024 = CARTESIAN_POINT ( 'NONE',  ( 2.950000000000007700, 0.6000000000000000900, 5.899999999999997700 ) ) ;
#3025 = EDGE_LOOP ( 'NONE', ( #539, #6023, #4935, #1377 ) ) ;
#3026 = CARTESIAN_POINT ( 'NONE',  ( -13.82499999999999400, 12.75000000000000400, 5.200000000000002000 ) ) ;
#3027 = FACE_OUTER_BOUND ( 'NONE', #3792, .T. ) ;
#3028 = ORIENTED_EDGE ( 'NONE', *, *, #1622, .F. ) ;
#3029 = AXIS2_PLACEMENT_3D ( 'NONE', #2489, #4471, #3200 ) ;
#3030 = DIRECTION ( 'NONE',  ( -0.0000000000000000000, -1.000000000000000000, -0.0000000000000000000 ) ) ;
#3031 = DIRECTION ( 'NONE',  ( 0.0000000000000000000, 0.0000000000000000000, 1.000000000000000000 ) ) ;
#3032 = EDGE_CURVE ( 'NONE', #7966, #7516, #3155, .T. ) ;
#3033 = ADVANCED_FACE ( 'NONE', ( #7083 ), #3962, .T. ) ;
#3034 = CIRCLE ( 'NONE', #3583, 0.9999999999999983300 ) ;
#3035 = EDGE_CURVE ( 'NONE', #216, #6509, #3270, .T. ) ;
#3036 = ORIENTED_EDGE ( 'NONE', *, *, #8553, .T. ) ;
#3037 = DIRECTION ( 'NONE',  ( 0.0000000000000000000, 0.0000000000000000000, -1.000000000000000000 ) ) ;
#3038 = CARTESIAN_POINT ( 'NONE',  ( 1.875000000000007500, 0.2000000000000000100, -5.899999999999997700 ) ) ;
#3039 = ORIENTED_EDGE ( 'NONE', *, *, #4513, .F. ) ;
#3040 = DIRECTION ( 'NONE',  ( -0.0000000000000000000, 1.000000000000000000, -0.0000000000000000000 ) ) ;
#3041 = ORIENTED_EDGE ( 'NONE', *, *, #3015, .F. ) ;
#3042 = COLOUR_RGB ( '',0.7921568627450980000, 0.8196078431372548800, 0.9333333333333333500 ) ;
#3043 = VERTEX_POINT ( 'NONE', #5903 ) ;
#3044 = CARTESIAN_POINT ( 'NONE',  ( -13.82499999999999400, 7.500000000000000900, -12.60000000000000100 ) ) ;
#3045 = DIRECTION ( 'NONE',  ( 0.0000000000000000000, 0.0000000000000000000, -1.000000000000000000 ) ) ;
#3046 = ORIENTED_EDGE ( 'NONE', *, *, #5096, .T. ) ;
#3047 = EDGE_CURVE ( 'NONE', #8158, #6509, #826, .T. ) ;
#3048 = ORIENTED_EDGE ( 'NONE', *, *, #7507, .T. ) ;
#3049 = VECTOR ( 'NONE', #4977, 1000.000000000000000 ) ;
#3050 = CARTESIAN_POINT ( 'NONE',  ( 1.575000000000007300, 0.1999999999999999800, -6.200000000000000200 ) ) ;
#3051 = AXIS2_PLACEMENT_3D ( 'NONE', #7797, #257, #2249 ) ;
#3052 = CARTESIAN_POINT ( 'NONE',  ( 32.67500000000000400, 0.6999999999999999600, 8.500000000000000000 ) ) ;
#3053 = DIRECTION ( 'NONE',  ( 0.8660254037844391500, 0.4999999999999991100, 0.0000000000000000000 ) ) ;
#3054 = ORIENTED_EDGE ( 'NONE', *, *, #2775, .F. ) ;
#3055 = PRESENTATION_STYLE_ASSIGNMENT (( #7510 ) ) ;
#3056 = CARTESIAN_POINT ( 'NONE',  ( -29.12499999999998900, 20.89999999999999900, 5.000000000000001800 ) ) ;
#3057 = EDGE_CURVE ( 'NONE', #7748, #8190, #1562, .T. ) ;
#3058 = ORIENTED_EDGE ( 'NONE', *, *, #6433, .F. ) ;
#3059 = ORIENTED_EDGE ( 'NONE', *, *, #4029, .F. ) ;
#3060 = ORIENTED_EDGE ( 'NONE', *, *, #7840, .F. ) ;
#3061 = DIRECTION ( 'NONE',  ( 0.0000000000000000000, -0.0000000000000000000, 1.000000000000000000 ) ) ;
#3062 = EDGE_LOOP ( 'NONE', ( #6925, #2638, #3320, #7632, #4423, #8261 ) ) ;
#3063 = LINE ( 'NONE', #3519, #1779 ) ;
#3064 = DIRECTION ( 'NONE',  ( 0.0000000000000000000, 0.0000000000000000000, -1.000000000000000000 ) ) ;
#3065 = DIRECTION ( 'NONE',  ( 1.000000000000000000, 0.0000000000000000000, 0.0000000000000000000 ) ) ;
#3066 = EDGE_LOOP ( 'NONE', ( #1770, #6456, #4254, #6346 ) ) ;
#3067 = ORIENTED_EDGE ( 'NONE', *, *, #247, .F. ) ;
#3068 = ORIENTED_EDGE ( 'NONE', *, *, #3810, .T. ) ;
#3069 = EDGE_CURVE ( 'NONE', #1353, #4878, #4431, .T. ) ;
#3070 = VERTEX_POINT ( 'NONE', #7368 ) ;
#3071 = VERTEX_POINT ( 'NONE', #4647 ) ;
#3073 = ADVANCED_FACE ( 'NONE', ( #4860 ), #7920, .F. ) ;
#3072 = DIRECTION ( 'NONE',  ( 0.0000000000000000000, -1.000000000000000000, 0.0000000000000000000 ) ) ;
#3074 = DIRECTION ( 'NONE',  ( -0.0000000000000000000, -1.000000000000000000, 0.0000000000000000000 ) ) ;
#3075 = ORIENTED_EDGE ( 'NONE', *, *, #7753, .T. ) ;
#3076 = EDGE_LOOP ( 'NONE', ( #3835, #8489, #3602, #8379 ) ) ;
#3077 = CYLINDRICAL_SURFACE ( 'NONE', #5088, 1.899999999999999700 ) ;
#3078 = LINE ( 'NONE', #1778, #2556 ) ;
#3079 = ORIENTED_EDGE ( 'NONE', *, *, #873, .F. ) ;
#3080 = EDGE_LOOP ( 'NONE', ( #8497, #1129, #8299, #3471 ) ) ;
#3081 = AXIS2_PLACEMENT_3D ( 'NONE', #8646, #2589, #8676 ) ;
#3082 = FACE_OUTER_BOUND ( 'NONE', #8181, .T. ) ;
#3083 = VERTEX_POINT ( 'NONE', #5396 ) ;
#3084 = CARTESIAN_POINT ( 'NONE',  ( -31.90000000000002000, 25.30000000000000100, -1.924999999999666300 ) ) ;
#3085 = EDGE_LOOP ( 'NONE', ( #8300, #1905, #2030, #6220 ) ) ;
#3086 = LINE ( 'NONE', #1411, #6694 ) ;
#3087 = CYLINDRICAL_SURFACE ( 'NONE', #1660, 7.399999999999999500 ) ;
#3088 = DIRECTION ( 'NONE',  ( -1.000000000000000000, 0.0000000000000000000, 9.912705577010238600E-015 ) ) ;
#3089 = AXIS2_PLACEMENT_3D ( 'NONE', #734, #8286, #1401 ) ;
#3090 = VECTOR ( 'NONE', #7984, 1000.000000000000000 ) ;
#3091 =( NAMED_UNIT ( * ) PLANE_ANGLE_UNIT ( ) SI_UNIT ( $, .RADIAN. ) );
#3092 = AXIS2_PLACEMENT_3D ( 'NONE', #6413, #6050, #68 ) ;
#3093 = ORIENTED_EDGE ( 'NONE', *, *, #5572, .F. ) ;
#3094 = VECTOR ( 'NONE', #2095, 1000.000000000000000 ) ;
#3095 = DIRECTION ( 'NONE',  ( 1.000000000000000000, -0.0000000000000000000, -0.0000000000000000000 ) ) ;
#3096 = DIRECTION ( 'NONE',  ( 0.0000000000000000000, 1.000000000000000000, 0.0000000000000000000 ) ) ;
#3097 = EDGE_CURVE ( 'NONE', #1894, #2242, #3809, .T. ) ;
#3098 = FACE_OUTER_BOUND ( 'NONE', #7625, .T. ) ;
#3099 = LINE ( 'NONE', #1571, #1302 ) ;
#3100 = AXIS2_PLACEMENT_3D ( 'NONE', #1918, #3290, #3889 ) ;
#3101 = DIRECTION ( 'NONE',  ( 1.000000000000000000, 0.0000000000000000000, -1.982541115402066600E-014 ) ) ;
#3102 = CARTESIAN_POINT ( 'NONE',  ( -0.8249999999999924100, 12.75000000000000400, 11.19999999999999900 ) ) ;
#3103 = MANIFOLD_SOLID_BREP ( 'Header', #1251 ) ;
#3104 = CYLINDRICAL_SURFACE ( 'NONE', #4557, 1.000000000000002700 ) ;
#3105 = DIRECTION ( 'NONE',  ( -0.5000000000000007800, -0.8660254037844381500, 0.0000000000000000000 ) ) ;
#3106 = VECTOR ( 'NONE', #2805, 1000.000000000000000 ) ;
#3107 = EDGE_CURVE ( 'NONE', #8804, #2979, #7623, .T. ) ;
#3108 = CARTESIAN_POINT ( 'NONE',  ( 37.57500000000000300, 7.974999999999999600, 0.0000000000000000000 ) ) ;
#3109 = VERTEX_POINT ( 'NONE', #6081 ) ;
#3110 = DIRECTION ( 'NONE',  ( 0.0000000000000000000, -0.0000000000000000000, 1.000000000000000000 ) ) ;
#3111 = CARTESIAN_POINT ( 'NONE',  ( -31.89999999999999100, 25.30000000000000100, 0.8750000000003334000 ) ) ;
#3112 = FACE_OUTER_BOUND ( 'NONE', #1795, .T. ) ;
#3113 = DIRECTION ( 'NONE',  ( 0.0000000000000000000, 1.000000000000000000, -1.251002506714043300E-016 ) ) ;
#3114 = AXIS2_PLACEMENT_3D ( 'NONE', #921, #1901, #4620 ) ;
#3115 = ADVANCED_FACE ( 'NONE', ( #615 ), #622, .T. ) ;
#3116 = DIRECTION ( 'NONE',  ( 0.0000000000000000000, -0.0000000000000000000, -1.000000000000000000 ) ) ;
#3117 = DIRECTION ( 'NONE',  ( -0.0000000000000000000, 1.000000000000000000, -0.0000000000000000000 ) ) ;
#3118 = DIRECTION ( 'NONE',  ( 0.0000000000000000000, 0.0000000000000000000, -1.000000000000000000 ) ) ;
#3119 = EDGE_LOOP ( 'NONE', ( #915, #2473, #4841, #5722 ) ) ;
#3120 = EDGE_CURVE ( 'NONE', #7744, #2836, #7073, .T. ) ;
#3121 = DIRECTION ( 'NONE',  ( -0.0000000000000000000, -0.0000000000000000000, -1.000000000000000000 ) ) ;
#3122 = LINE ( 'NONE', #2162, #6711 ) ;
#3123 = LINE ( 'NONE', #496, #176 ) ;
#3124 = CARTESIAN_POINT ( 'NONE',  ( -31.89999999999995600, 25.30000000000000100, 3.675000000000333800 ) ) ;
#3125 = CIRCLE ( 'NONE', #3138, 0.2000000000000000900 ) ;
#3126 = ORIENTED_EDGE ( 'NONE', *, *, #2544, .T. ) ;
#3127 = CARTESIAN_POINT ( 'NONE',  ( -9.124999999999998200, -0.05358983848622472800, 2.299999999999999800 ) ) ;
#3128 = FILL_AREA_STYLE ('',( #2105 ) ) ;
#3129 = ORIENTED_EDGE ( 'NONE', *, *, #6060, .T. ) ;
#3130 = LINE ( 'NONE', #7141, #6100 ) ;
#3131 = CARTESIAN_POINT ( 'NONE',  ( -33.12499999999999300, 20.89999999999999900, -5.000000000000000900 ) ) ;
#3132 = LINE ( 'NONE', #1365, #483 ) ;
#3133 = ORIENTED_EDGE ( 'NONE', *, *, #7496, .F. ) ;
#3134 = ORIENTED_EDGE ( 'NONE', *, *, #8553, .F. ) ;
#3135 = VERTEX_POINT ( 'NONE', #727 ) ;
#3136 = CARTESIAN_POINT ( 'NONE',  ( -16.02499999999999100, 0.09999999999999992200, 4.500000000000000900 ) ) ;
#3137 = VECTOR ( 'NONE', #6407, 1000.000000000000000 ) ;
#3138 = AXIS2_PLACEMENT_3D ( 'NONE', #8662, #4673, #628 ) ;
#3139 = CARTESIAN_POINT ( 'NONE',  ( -31.90000000000001300, 25.30000000000000100, -0.8749999999996659300 ) ) ;
#3140 = ORIENTED_EDGE ( 'NONE', *, *, #6379, .F. ) ;
#3141 = DIRECTION ( 'NONE',  ( 0.0000000000000000000, 0.0000000000000000000, 1.000000000000000000 ) ) ;
#3142 = EDGE_CURVE ( 'NONE', #202, #8417, #4116, .T. ) ;
#3143 = ORIENTED_EDGE ( 'NONE', *, *, #1080, .T. ) ;
#3144 = EDGE_CURVE ( 'NONE', #6255, #7700, #3910, .T. ) ;
#3145 = CYLINDRICAL_SURFACE ( 'NONE', #6347, 1.100000000000000300 ) ;
#3146 = CARTESIAN_POINT ( 'NONE',  ( -16.02499999999999100, 1.099999999999999900, 3.500000000000000000 ) ) ;
#3147 = DIRECTION ( 'NONE',  ( 0.0000000000000000000, 0.0000000000000000000, -1.000000000000000000 ) ) ;
#3148 = ORIENTED_EDGE ( 'NONE', *, *, #895, .T. ) ;
#3149 = CARTESIAN_POINT ( 'NONE',  ( 1.575000000000007300, 0.1999999999999999800, 6.200000000000000200 ) ) ;
#3150 = AXIS2_PLACEMENT_3D ( 'NONE', #1706, #5773, #5859 ) ;
#3151 = DIRECTION ( 'NONE',  ( 0.0000000000000000000, 0.0000000000000000000, -1.000000000000000000 ) ) ;
#3152 = CARTESIAN_POINT ( 'NONE',  ( 3.765000000000005500, 0.0000000000000000000, 8.800000000000000700 ) ) ;
#3153 = AXIS2_PLACEMENT_3D ( 'NONE', #1478, #2889, #6913 ) ;
#3154 = ORIENTED_EDGE ( 'NONE', *, *, #8663, .F. ) ;
#3155 = CIRCLE ( 'NONE', #7816, 0.2000000000000000900 ) ;
#3156 = PLANE ( 'NONE',  #7263 ) ;
#3157 = ORIENTED_EDGE ( 'NONE', *, *, #3212, .T. ) ;
#3159 = ADVANCED_FACE ( 'NONE', ( #5274 ), #1476, .F. ) ;
#3158 = CARTESIAN_POINT ( 'NONE',  ( 1.875000000000007500, 0.2000000000000000100, -6.499999999999999100 ) ) ;
#3160 = DIRECTION ( 'NONE',  ( -1.000000000000000000, 0.0000000000000000000, 0.0000000000000000000 ) ) ;
#3161 = EDGE_CURVE ( 'NONE', #2112, #1894, #7725, .T. ) ;
#3162 = ORIENTED_EDGE ( 'NONE', *, *, #3047, .T. ) ;
#3163 = ORIENTED_EDGE ( 'NONE', *, *, #4513, .T. ) ;
#3164 = VECTOR ( 'NONE', #2971, 1000.000000000000000 ) ;
#3165 = ORIENTED_EDGE ( 'NONE', *, *, #2680, .F. ) ;
#3166 = ORIENTED_EDGE ( 'NONE', *, *, #5345, .F. ) ;
#3167 = CARTESIAN_POINT ( 'NONE',  ( -34.12499999999998600, 12.75000000000000200, -12.60000000000000100 ) ) ;
#3168 = EDGE_LOOP ( 'NONE', ( #3801, #6693, #4861, #5273, #5961 ) ) ;
#3169 = CARTESIAN_POINT ( 'NONE',  ( -6.520544919243101300, -3.764638364388060800, -2.500000000000000000 ) ) ;
#3170 = VERTEX_POINT ( 'NONE', #4190 ) ;
#3171 = EDGE_CURVE ( 'NONE', #7602, #2859, #5697, .T. ) ;
#3172 = VECTOR ( 'NONE', #2093, 1000.000000000000000 ) ;
#3173 = EDGE_LOOP ( 'NONE', ( #420, #86, #2931, #2651 ) ) ;
#3174 = EDGE_LOOP ( 'NONE', ( #3361, #3847, #6449, #6701 ) ) ;
#3175 = VECTOR ( 'NONE', #2076, 1000.000000000000000 ) ;
#3176 = ORIENTED_EDGE ( 'NONE', *, *, #7972, .F. ) ;
#3177 = CARTESIAN_POINT ( 'NONE',  ( -6.624999999999996400, 18.75000000000000400, -2.500000000000000000 ) ) ;
#3178 = ORIENTED_EDGE ( 'NONE', *, *, #7201, .T. ) ;
#3179 = EDGE_CURVE ( 'NONE', #3823, #6028, #87, .T. ) ;
#3180 = DIRECTION ( 'NONE',  ( -0.0000000000000000000, -0.0000000000000000000, 1.000000000000000000 ) ) ;
#3181 = ORIENTED_EDGE ( 'NONE', *, *, #5589, .F. ) ;
#3182 = DIRECTION ( 'NONE',  ( 0.0000000000000000000, -1.000000000000000000, 0.0000000000000000000 ) ) ;
#3183 = ORIENTED_EDGE ( 'NONE', *, *, #6210, .F. ) ;
#3184 = VERTEX_POINT ( 'NONE', #5511 ) ;
#3185 = LINE ( 'NONE', #6752, #4892 ) ;
#3186 = VECTOR ( 'NONE', #2616, 1000.000000000000000 ) ;
#3187 = CARTESIAN_POINT ( 'NONE',  ( -13.82499999999999400, 12.75000000000000400, 5.200000000000002000 ) ) ;
#3188 = EDGE_LOOP ( 'NONE', ( #768, #8080, #1050, #1711 ) ) ;
#3189 = DIRECTION ( 'NONE',  ( 0.0000000000000000000, 0.0000000000000000000, -1.000000000000000000 ) ) ;
#3190 = CARTESIAN_POINT ( 'NONE',  ( -34.12499999999998600, 9.229210492142396300, 1.301042606982605300E-015 ) ) ;
#3191 = DIRECTION ( 'NONE',  ( -1.000000000000000000, 0.0000000000000000000, -0.0000000000000000000 ) ) ;
#3192 = DIRECTION ( 'NONE',  ( 0.0000000000000000000, 0.0000000000000000000, -1.000000000000000000 ) ) ;
#3193 = FACE_OUTER_BOUND ( 'NONE', #736, .T. ) ;
#3194 = AXIS2_PLACEMENT_3D ( 'NONE', #3259, #2672, #3982 ) ;
#3195 = ORIENTED_EDGE ( 'NONE', *, *, #1656, .T. ) ;
#3196 = FACE_OUTER_BOUND ( 'NONE', #5084, .T. ) ;
#3197 = DIRECTION ( 'NONE',  ( 0.0000000000000000000, 0.0000000000000000000, 1.000000000000000000 ) ) ;
#3198 = DIRECTION ( 'NONE',  ( 0.0000000000000000000, 0.0000000000000000000, -1.000000000000000000 ) ) ;
#3199 = CARTESIAN_POINT ( 'NONE',  ( -6.624999999999996400, -1.570000000000000100, 2.299999999999999800 ) ) ;
#3200 = DIRECTION ( 'NONE',  ( -0.5000000000000010000, 0.8660254037844380400, 0.0000000000000000000 ) ) ;
#3201 = CIRCLE ( 'NONE', #1785, 0.2000000000000000900 ) ;
#3202 = VERTEX_POINT ( 'NONE', #8249 ) ;
#3203 = VECTOR ( 'NONE', #7549, 1000.000000000000000 ) ;
#3204 = ADVANCED_FACE ( 'NONE', ( #6228 ), #6440, .T. ) ;
#3205 = AXIS2_PLACEMENT_3D ( 'NONE', #232, #2339, #4926 ) ;
#3206 = AXIS2_PLACEMENT_3D ( 'NONE', #7194, #3022, #1094 ) ;
#3207 = LINE ( 'NONE', #1376, #7990 ) ;
#3208 = SURFACE_SIDE_STYLE ('',( #7968 ) ) ;
#3209 = PLANE ( 'NONE',  #7906 ) ;
#3210 = VECTOR ( 'NONE', #1230, 1000.000000000000000 ) ;
#3211 = ORIENTED_EDGE ( 'NONE', *, *, #5310, .T. ) ;
#3212 = EDGE_CURVE ( 'NONE', #6242, #1954, #5908, .T. ) ;
#3213 = ADVANCED_FACE ( 'NONE', ( #2622 ), #6336, .T. ) ;
#3214 = UNCERTAINTY_MEASURE_WITH_UNIT (LENGTH_MEASURE( 1.000000000000000100E-005 ), #6138, 'distance_accuracy_value', 'NONE');
#3215 = DIRECTION ( 'NONE',  ( 0.9659258262890690900, 0.0000000000000000000, 0.2588190451025178000 ) ) ;
#3216 = DIRECTION ( 'NONE',  ( -0.0000000000000000000, -1.000000000000000000, -0.0000000000000000000 ) ) ;
#3217 = LINE ( 'NONE', #5388, #8094 ) ;
#3218 = DIRECTION ( 'NONE',  ( -0.8660254037844376000, -0.5000000000000017800, 0.0000000000000000000 ) ) ;
#3219 = DIRECTION ( 'NONE',  ( 1.000000000000000000, -0.0000000000000000000, -0.0000000000000000000 ) ) ;
#3220 = AXIS2_PLACEMENT_3D ( 'NONE', #7404, #8718, #5323 ) ;
#3221 = CYLINDRICAL_SURFACE ( 'NONE', #7525, 0.6000000000000015300 ) ;
#3222 = AXIS2_PLACEMENT_3D ( 'NONE', #3813, #5755, #3784 ) ;
#3223 = VECTOR ( 'NONE', #8316, 1000.000000000000000 ) ;
#3224 = EDGE_CURVE ( 'NONE', #8688, #3509, #8252, .T. ) ;
#3225 = DIRECTION ( 'NONE',  ( 1.000000000000000000, 0.0000000000000000000, -0.0000000000000000000 ) ) ;
#3226 = TOROIDAL_SURFACE ( 'NONE', #5411, 1.600000000000000800, 0.2999999999999999900 ) ;
#3227 = DIRECTION ( 'NONE',  ( 8.068481283613053800E-016, 0.0000000000000000000, 1.000000000000000000 ) ) ;
#3228 = DIRECTION ( 'NONE',  ( -0.0000000000000000000, -1.000000000000000000, -0.0000000000000000000 ) ) ;
#3229 = CARTESIAN_POINT ( 'NONE',  ( 35.59162498536144900, 7.974999999999997900, 2.522484971362006300 ) ) ;
#3230 = PLANE ( 'NONE',  #6968 ) ;
#3231 = VERTEX_POINT ( 'NONE', #4832 ) ;
#3232 = VECTOR ( 'NONE', #7009, 1000.000000000000000 ) ;
#3233 = CARTESIAN_POINT ( 'NONE',  ( -6.624999999999996400, -1.770000000000000000, -2.300000000000000300 ) ) ;
#3234 = VECTOR ( 'NONE', #5748, 1000.000000000000000 ) ;
#3235 = ORIENTED_EDGE ( 'NONE', *, *, #3992, .T. ) ;
#3236 = DIRECTION ( 'NONE',  ( 0.0000000000000000000, 0.0000000000000000000, 1.000000000000000000 ) ) ;
#3237 = EDGE_CURVE ( 'NONE', #4379, #7744, #307, .T. ) ;
#3238 = DIRECTION ( 'NONE',  ( 0.0000000000000000000, -0.0000000000000000000, 1.000000000000000000 ) ) ;
#3239 = DIRECTION ( 'NONE',  ( 0.0000000000000000000, 0.0000000000000000000, 1.000000000000000000 ) ) ;
#3240 = FACE_OUTER_BOUND ( 'NONE', #3637, .T. ) ;
#3241 = ORIENTED_EDGE ( 'NONE', *, *, #4296, .F. ) ;
#3242 = PLANE ( 'NONE',  #4236 ) ;
#3243 = EDGE_CURVE ( 'NONE', #3538, #5421, #8034, .T. ) ;
#3244 = SURFACE_STYLE_USAGE ( .BOTH. , #8747 ) ;
#3245 = CARTESIAN_POINT ( 'NONE',  ( -31.55000000000000800, 25.30000000000000100, -0.8749999999996694900 ) ) ;
#3246 = PLANE ( 'NONE',  #3397 ) ;
#3247 = ADVANCED_FACE ( 'NONE', ( #7292 ), #6910, .T. ) ;
#3248 = DIRECTION ( 'NONE',  ( 0.0000000000000000000, 0.0000000000000000000, -1.000000000000000000 ) ) ;
#3249 = EDGE_LOOP ( 'NONE', ( #8806, #909 ) ) ;
#3250 = EDGE_CURVE ( 'NONE', #114, #6906, #4626, .T. ) ;
#3251 = VERTEX_POINT ( 'NONE', #8309 ) ;
#3252 = EDGE_CURVE ( 'NONE', #1583, #1986, #883, .T. ) ;
#3253 = ORIENTED_EDGE ( 'NONE', *, *, #8015, .F. ) ;
#3254 = CARTESIAN_POINT ( 'NONE',  ( -21.52499999999998800, 0.09999999999999992200, 4.500000000000000900 ) ) ;
#3255 = ORIENTED_EDGE ( 'NONE', *, *, #6835, .F. ) ;
#3256 = CARTESIAN_POINT ( 'NONE',  ( -31.54999999999995500, 21.30000000000000100, 3.675000000000330200 ) ) ;
#3257 = AXIS2_PLACEMENT_3D ( 'NONE', #2591, #3274, #7994 ) ;
#3258 = DIRECTION ( 'NONE',  ( 0.0000000000000000000, 0.0000000000000000000, -1.000000000000000000 ) ) ;
#3260 = ADVANCED_FACE ( 'NONE', ( #4850, #2834, #2296, #7514, #2088, #5483 ), #3660, .F. ) ;
#3259 = CARTESIAN_POINT ( 'NONE',  ( 16.61500000000000600, 0.6999999999999999600, -9.750000000000000000 ) ) ;
#3261 = ORIENTED_EDGE ( 'NONE', *, *, #1895, .F. ) ;
#3262 = VECTOR ( 'NONE', #6403, 1000.000000000000000 ) ;
#3263 = VERTEX_POINT ( 'NONE', #3566 ) ;
#3264 = CARTESIAN_POINT ( 'NONE',  ( -16.02499999999999100, 18.55000000000000100, -3.500000000000000000 ) ) ;
#3265 = EDGE_LOOP ( 'NONE', ( #1311, #6239, #7420, #2538 ) ) ;
#3266 = EDGE_CURVE ( 'NONE', #4698, #2310, #5057, .T. ) ;
#3267 = DIRECTION ( 'NONE',  ( 0.0000000000000000000, 8.340016711426955300E-017, 1.000000000000000000 ) ) ;
#3268 = DIRECTION ( 'NONE',  ( 0.0000000000000000000, 0.0000000000000000000, -1.000000000000000000 ) ) ;
#3269 = EDGE_LOOP ( 'NONE', ( #3917, #3276, #661, #1858 ) ) ;
#3270 = LINE ( 'NONE', #6675, #6235 ) ;
#3271 = DIRECTION ( 'NONE',  ( 0.0000000000000000000, 0.0000000000000000000, -1.000000000000000000 ) ) ;
#3272 = AXIS2_PLACEMENT_3D ( 'NONE', #1942, #1885, #3198 ) ;
#3273 = ORIENTED_EDGE ( 'NONE', *, *, #8225, .T. ) ;
#3274 = DIRECTION ( 'NONE',  ( -0.0000000000000000000, 1.000000000000000000, -0.0000000000000000000 ) ) ;
#3275 = FILL_AREA_STYLE ('',( #7897 ) ) ;
#3276 = ORIENTED_EDGE ( 'NONE', *, *, #4732, .T. ) ;
#3277 = STYLED_ITEM ( 'NONE', ( #5097 ), #2174 ) ;
#3278 = DIRECTION ( 'NONE',  ( -0.8660254037844405900, 0.4999999999999966700, 0.0000000000000000000 ) ) ;
#3279 = EDGE_LOOP ( 'NONE', ( #7624, #4434, #2270, #5676, #5266, #621 ) ) ;
#3280 = CARTESIAN_POINT ( 'NONE',  ( -0.8249999999999924100, 0.0000000000000000000, 10.90000000000000000 ) ) ;
#3281 = LINE ( 'NONE', #6520, #4018 ) ;
#3282 = CARTESIAN_POINT ( 'NONE',  ( -25.12499999999998900, 6.442151305867749800, 3.499999999999997300 ) ) ;
#3283 = EDGE_CURVE ( 'NONE', #6649, #81, #1033, .T. ) ;
#3284 = ORIENTED_EDGE ( 'NONE', *, *, #6951, .F. ) ;
#3285 = ORIENTED_EDGE ( 'NONE', *, *, #4309, .F. ) ;
#3286 = ORIENTED_EDGE ( 'NONE', *, *, #107, .F. ) ;
#3287 = ORIENTED_EDGE ( 'NONE', *, *, #3691, .F. ) ;
#3288 = EDGE_LOOP ( 'NONE', ( #5933, #5626, #7704 ) ) ;
#3289 = AXIS2_PLACEMENT_3D ( 'NONE', #8382, #7062, #5675 ) ;
#3290 = DIRECTION ( 'NONE',  ( 1.000000000000000000, 0.0000000000000000000, 0.0000000000000000000 ) ) ;
#3291 = DIRECTION ( 'NONE',  ( 0.0000000000000000000, 0.0000000000000000000, -1.000000000000000000 ) ) ;
#3292 = CARTESIAN_POINT ( 'NONE',  ( -31.89999999999995600, 25.30000000000000100, 3.675000000000333800 ) ) ;
#3293 = VERTEX_POINT ( 'NONE', #8420 ) ;
#3294 = CARTESIAN_POINT ( 'NONE',  ( 35.77500000000001300, 10.77500000000000000, 2.499999999999999600 ) ) ;
#3295 = LINE ( 'NONE', #2048, #3186 ) ;
#3296 = CARTESIAN_POINT ( 'NONE',  ( -8.951794919243109700, 0.04641016151377561100, -2.300000000000000300 ) ) ;
#3297 = VERTEX_POINT ( 'NONE', #6431 ) ;
#3298 = VERTEX_POINT ( 'NONE', #4364 ) ;
#3299 = EDGE_CURVE ( 'NONE', #8436, #3722, #1877, .T. ) ;
#3300 = ADVANCED_FACE ( 'NONE', ( #3693 ), #7931, .F. ) ;
#3301 = FACE_OUTER_BOUND ( 'NONE', #710, .T. ) ;
#3302 = ORIENTED_EDGE ( 'NONE', *, *, #54, .T. ) ;
#3303 = ORIENTED_EDGE ( 'NONE', *, *, #3419, .T. ) ;
#3304 = VECTOR ( 'NONE', #2782, 1000.000000000000000 ) ;
#3305 = ORIENTED_EDGE ( 'NONE', *, *, #3345, .F. ) ;
#3306 = LINE ( 'NONE', #4787, #440 ) ;
#3307 = DIRECTION ( 'NONE',  ( -0.0000000000000000000, 1.000000000000000000, -0.0000000000000000000 ) ) ;
#3308 = CARTESIAN_POINT ( 'NONE',  ( 3.765000000000007700, 0.6999999999999999600, -8.800000000000000700 ) ) ;
#3309 = ADVANCED_FACE ( 'NONE', ( #1137 ), #3749, .T. ) ;
#3310 = CIRCLE ( 'NONE', #2481, 1.000000000000002700 ) ;
#3311 = ORIENTED_EDGE ( 'NONE', *, *, #2206, .F. ) ;
#3312 = ORIENTED_EDGE ( 'NONE', *, *, #8098, .T. ) ;
#3313 = CIRCLE ( 'NONE', #7471, 1.000000000000000400 ) ;
#3314 = DIRECTION ( 'NONE',  ( 1.000000000000000000, -0.0000000000000000000, -0.0000000000000000000 ) ) ;
#3315 = ORIENTED_EDGE ( 'NONE', *, *, #2760, .T. ) ;
#3316 = AXIS2_PLACEMENT_3D ( 'NONE', #1618, #2325, #5741 ) ;
#3317 = COLOUR_RGB ( '',0.7921568627450980000, 0.8196078431372548800, 0.9333333333333333500 ) ;
#3318 = EDGE_CURVE ( 'NONE', #8454, #8243, #6866, .T. ) ;
#3319 = LINE ( 'NONE', #1290, #2576 ) ;
#3320 = ORIENTED_EDGE ( 'NONE', *, *, #5267, .F. ) ;
#3321 = DIRECTION ( 'NONE',  ( 0.0000000000000000000, -1.000000000000000000, 0.0000000000000000000 ) ) ;
#3322 = CARTESIAN_POINT ( 'NONE',  ( -33.12499999999999300, 21.30000000000000100, -5.000000000000000900 ) ) ;
#3323 = EDGE_CURVE ( 'NONE', #8073, #8056, #1449, .T. ) ;
#3324 = CARTESIAN_POINT ( 'NONE',  ( 0.2000000000000070300, 0.6000000000000000900, -6.499999999999998200 ) ) ;
#3325 = CIRCLE ( 'NONE', #2345, 6.864101615137758300 ) ;
#3326 = CIRCLE ( 'NONE', #4216, 0.5999999999999985300 ) ;
#3327 = DIRECTION ( 'NONE',  ( 0.0000000000000000000, 1.000000000000000000, 0.0000000000000000000 ) ) ;
#3328 = ORIENTED_EDGE ( 'NONE', *, *, #8569, .F. ) ;
#3329 = AXIS2_PLACEMENT_3D ( 'NONE', #5666, #7361, #3956 ) ;
#3330 = CARTESIAN_POINT ( 'NONE',  ( -21.52499999999998800, 1.099999999999999900, 3.500000000000000000 ) ) ;
#3331 = DIRECTION ( 'NONE',  ( 0.0000000000000000000, -1.000000000000000000, 0.0000000000000000000 ) ) ;
#3332 = VECTOR ( 'NONE', #6334, 1000.000000000000000 ) ;
#3333 = DIRECTION ( 'NONE',  ( -1.000000000000000000, 0.0000000000000000000, 0.0000000000000000000 ) ) ;
#3334 = LINE ( 'NONE', #4405, #8323 ) ;
#3335 = EDGE_CURVE ( 'NONE', #8345, #4002, #6650, .T. ) ;
#3336 = ORIENTED_EDGE ( 'NONE', *, *, #1309, .T. ) ;
#3337 = DIRECTION ( 'NONE',  ( 0.0000000000000000000, -1.000000000000000000, 0.0000000000000000000 ) ) ;
#3338 = ADVANCED_FACE ( 'NONE', ( #3472 ), #924, .F. ) ;
#3339 = FACE_OUTER_BOUND ( 'NONE', #723, .T. ) ;
#3340 = CIRCLE ( 'NONE', #6264, 2.700000000000001100 ) ;
#3341 = AXIS2_PLACEMENT_3D ( 'NONE', #4569, #2449, #5945 ) ;
#3342 = FACE_OUTER_BOUND ( 'NONE', #7540, .T. ) ;
#3343 = ORIENTED_EDGE ( 'NONE', *, *, #172, .T. ) ;
#3344 = CARTESIAN_POINT ( 'NONE',  ( 32.67500000000000400, 0.6999999999999999600, -8.500000000000000000 ) ) ;
#3345 = EDGE_CURVE ( 'NONE', #530, #8122, #7818, .T. ) ;
#3346 = VERTEX_POINT ( 'NONE', #1596 ) ;
#3347 = CARTESIAN_POINT ( 'NONE',  ( -21.52499999999998800, 0.09999999999999977000, -2.499999999999999600 ) ) ;
#3348 = LINE ( 'NONE', #8502, #6526 ) ;
#3350 = ADVANCED_FACE ( 'NONE', ( #5792 ), #6128, .T. ) ;
#3349 = CARTESIAN_POINT ( 'NONE',  ( 0.2000000000000070300, 0.6000000000000000900, -6.499999999999998200 ) ) ;
#3351 = DIRECTION ( 'NONE',  ( -1.982541115402067600E-014, 0.0000000000000000000, -1.000000000000000000 ) ) ;
#3352 = CIRCLE ( 'NONE', #3081, 0.2000000000000000900 ) ;
#3353 = ORIENTED_EDGE ( 'NONE', *, *, #4501, .F. ) ;
#3354 = CARTESIAN_POINT ( 'NONE',  ( -29.52499999999998800, 21.30000000000000100, 4.599999999999999600 ) ) ;
#3355 = ORIENTED_EDGE ( 'NONE', *, *, #1018, .T. ) ;
#3356 = ORIENTED_EDGE ( 'NONE', *, *, #5146, .F. ) ;
#3357 = LINE ( 'NONE', #263, #6435 ) ;
#3358 = EDGE_CURVE ( 'NONE', #8417, #8301, #2401, .T. ) ;
#3359 = ORIENTED_EDGE ( 'NONE', *, *, #2511, .F. ) ;
#3360 = CARTESIAN_POINT ( 'NONE',  ( 23.76500000000000400, -0.2999999999999999900, 3.500000000000000000 ) ) ;
#3361 = ORIENTED_EDGE ( 'NONE', *, *, #2115, .F. ) ;
#3362 = VECTOR ( 'NONE', #3943, 1000.000000000000000 ) ;
#3363 = CARTESIAN_POINT ( 'NONE',  ( 16.61500000000000600, 0.6999999999999999600, -9.750000000000000000 ) ) ;
#3364 = DIRECTION ( 'NONE',  ( 0.0000000000000000000, 0.0000000000000000000, 1.000000000000000000 ) ) ;
#3365 = ORIENTED_EDGE ( 'NONE', *, *, #1912, .F. ) ;
#3366 = DIRECTION ( 'NONE',  ( 0.0000000000000000000, -1.000000000000000000, 0.0000000000000000000 ) ) ;
#3367 = AXIS2_PLACEMENT_3D ( 'NONE', #7303, #5968, #3238 ) ;
#3368 = EDGE_CURVE ( 'NONE', #2911, #972, #398, .T. ) ;
#3369 = DIRECTION ( 'NONE',  ( -1.000000000000000000, 0.0000000000000000000, 0.0000000000000000000 ) ) ;
#3370 = ORIENTED_EDGE ( 'NONE', *, *, #5589, .T. ) ;
#3371 = LINE ( 'NONE', #6502, #6766 ) ;
#3372 = AXIS2_PLACEMENT_3D ( 'NONE', #8380, #7728, #6294 ) ;
#3373 = EDGE_LOOP ( 'NONE', ( #5632, #6380, #1357, #745 ) ) ;
#3374 = CARTESIAN_POINT ( 'NONE',  ( -11.82499999999999200, 19.61410161513776300, -5.200000000000001100 ) ) ;
#3375 = UNCERTAINTY_MEASURE_WITH_UNIT (LENGTH_MEASURE( 1.000000000000000100E-005 ), #901, 'distance_accuracy_value', 'NONE');
#3376 = CARTESIAN_POINT ( 'NONE',  ( 35.77500000000001300, 7.974999999999999600, 3.100000000000000500 ) ) ;
#3377 = ORIENTED_EDGE ( 'NONE', *, *, #6354, .F. ) ;
#3378 = CARTESIAN_POINT ( 'NONE',  ( -26.62499999999998900, 0.1099999999999997200, 3.000000000000002700 ) ) ;
#3379 = DIRECTION ( 'NONE',  ( 1.000000000000000000, -0.0000000000000000000, -0.0000000000000000000 ) ) ;
#3380 = AXIS2_PLACEMENT_3D ( 'NONE', #5201, #5105, #5869 ) ;
#3381 = ORIENTED_EDGE ( 'NONE', *, *, #7687, .F. ) ;
#3382 = VECTOR ( 'NONE', #3647, 1000.000000000000000 ) ;
#3383 = ADVANCED_FACE ( 'NONE', ( #4324 ), #1248, .F. ) ;
#3384 = ORIENTED_EDGE ( 'NONE', *, *, #4092, .F. ) ;
#3385 = CARTESIAN_POINT ( 'NONE',  ( -9.124999999999998200, 20.30358983848622900, 2.299999999999999800 ) ) ;
#3386 = EDGE_CURVE ( 'NONE', #8035, #7087, #2731, .T. ) ;
#3387 = VERTEX_POINT ( 'NONE', #7885 ) ;
#3388 = DIRECTION ( 'NONE',  ( 1.000000000000000000, -0.0000000000000000000, -0.0000000000000000000 ) ) ;
#3389 = DIRECTION ( 'NONE',  ( 0.0000000000000000000, 1.000000000000000000, 0.0000000000000000000 ) ) ;
#3390 = VERTEX_POINT ( 'NONE', #1098 ) ;
#3391 = CARTESIAN_POINT ( 'NONE',  ( -11.82499999999999200, 7.500000000000000900, 5.200000000000002800 ) ) ;
#3392 = CARTESIAN_POINT ( 'NONE',  ( 16.61500000000000600, 0.0000000000000000000, 10.75000000000000200 ) ) ;
#3393 = ORIENTED_EDGE ( 'NONE', *, *, #3863, .F. ) ;
#3394 = AXIS2_PLACEMENT_3D ( 'NONE', #7411, #151, #6275 ) ;
#3395 = VECTOR ( 'NONE', #2064, 1000.000000000000000 ) ;
#3396 = ORIENTED_EDGE ( 'NONE', *, *, #1122, .T. ) ;
#3397 = AXIS2_PLACEMENT_3D ( 'NONE', #504, #6623, #8595 ) ;
#3398 = ADVANCED_FACE ( 'NONE', ( #4010 ), #5857, .T. ) ;
#3399 = ORIENTED_EDGE ( 'NONE', *, *, #684, .T. ) ;
#3400 = CYLINDRICAL_SURFACE ( 'NONE', #8154, 0.2000000000000001200 ) ;
#3401 = DIRECTION ( 'NONE',  ( 0.0000000000000000000, -1.000000000000000000, 0.0000000000000000000 ) ) ;
#3402 = VERTEX_POINT ( 'NONE', #8636 ) ;
#3403 = ORIENTED_EDGE ( 'NONE', *, *, #2181, .F. ) ;
#3404 = CARTESIAN_POINT ( 'NONE',  ( 0.0000000000000000000, 0.6000000000000000900, 0.0000000000000000000 ) ) ;
#3405 = ORIENTED_EDGE ( 'NONE', *, *, #4015, .T. ) ;
#3406 = EDGE_CURVE ( 'NONE', #230, #6950, #8361, .T. ) ;
#3407 = DIRECTION ( 'NONE',  ( -0.0000000000000000000, -1.000000000000000000, -0.0000000000000000000 ) ) ;
#3408 = ORIENTED_EDGE ( 'NONE', *, *, #1589, .F. ) ;
#3409 = VECTOR ( 'NONE', #210, 1000.000000000000000 ) ;
#3410 = VECTOR ( 'NONE', #5340, 1000.000000000000000 ) ;
#3411 = ORIENTED_EDGE ( 'NONE', *, *, #7673, .T. ) ;
#3412 = DIRECTION ( 'NONE',  ( 1.000000000000000000, -0.0000000000000000000, -0.0000000000000000000 ) ) ;
#3413 = CARTESIAN_POINT ( 'NONE',  ( 1.575000000000007300, 0.5000000000000000000, -6.200000000000000200 ) ) ;
#3414 = VECTOR ( 'NONE', #5256, 1000.000000000000000 ) ;
#3415 = DIRECTION ( 'NONE',  ( 0.0000000000000000000, 0.0000000000000000000, -1.000000000000000000 ) ) ;
#3416 = ORIENTED_EDGE ( 'NONE', *, *, #336, .T. ) ;
#3417 = ORIENTED_EDGE ( 'NONE', *, *, #3171, .T. ) ;
#3418 = LINE ( 'NONE', #1983, #4999 ) ;
#3419 = EDGE_CURVE ( 'NONE', #4534, #3621, #4737, .T. ) ;
#3420 = PLANE ( 'NONE',  #1856 ) ;
#3421 = CYLINDRICAL_SURFACE ( 'NONE', #1334, 1.250000000000001100 ) ;
#3422 = DIRECTION ( 'NONE',  ( 0.4999999999999967800, 0.8660254037844407100, 4.336808689941987800E-015 ) ) ;
#3423 = CARTESIAN_POINT ( 'NONE',  ( -16.02499999999999100, 28.80000000000000100, -2.499999999999999600 ) ) ;
#3424 = DIRECTION ( 'NONE',  ( 1.000000000000000000, 0.0000000000000000000, 0.0000000000000000000 ) ) ;
#3425 = CIRCLE ( 'NONE', #6215, 0.9999999999999974500 ) ;
#3426 = CIRCLE ( 'NONE', #5761, 0.2000000000000000900 ) ;
#3427 =( LENGTH_UNIT ( ) NAMED_UNIT ( * ) SI_UNIT ( .MILLI., .METRE. ) );
#3428 = CARTESIAN_POINT ( 'NONE',  ( 35.67500000000001100, 10.77500000000000000, 3.100000000000000500 ) ) ;
#3429 = ADVANCED_FACE ( 'NONE', ( #7615 ), #5831, .T. ) ;
#3430 = CARTESIAN_POINT ( 'NONE',  ( -8.724999999999996100, 20.30358983848622900, 2.500000000000000000 ) ) ;
#3431 = LINE ( 'NONE', #498, #7566 ) ;
#3432 = CARTESIAN_POINT ( 'NONE',  ( -9.124999999999998200, -0.05358983848622472800, 2.299999999999999800 ) ) ;
#3433 = ORIENTED_EDGE ( 'NONE', *, *, #4204, .F. ) ;
#3434 = DIRECTION ( 'NONE',  ( -0.0000000000000000000, -1.000000000000000000, 0.0000000000000000000 ) ) ;
#3435 = AXIS2_PLACEMENT_3D ( 'NONE', #4297, #254, #6967 ) ;
#3436 = VECTOR ( 'NONE', #8031, 1000.000000000000000 ) ;
#3437 = DIRECTION ( 'NONE',  ( 0.0000000000000000000, -1.000000000000000000, 0.0000000000000000000 ) ) ;
#3438 = VECTOR ( 'NONE', #7738, 1000.000000000000000 ) ;
#3439 = DIRECTION ( 'NONE',  ( 0.0000000000000000000, 0.0000000000000000000, -1.000000000000000000 ) ) ;
#3440 = DIRECTION ( 'NONE',  ( 0.0000000000000000000, -1.000000000000000000, 0.0000000000000000000 ) ) ;
#3442 = ADVANCED_FACE ( 'NONE', ( #6120 ), #4950, .T. ) ;
#3441 = DIRECTION ( 'NONE',  ( 0.0000000000000000000, -1.000000000000000000, 0.0000000000000000000 ) ) ;
#3443 = B_SPLINE_CURVE_WITH_KNOTS ( 'NONE', 3,
 ( #8701, #6607, #602, #547, #8640, #5897, #3229, #7330 ),
 .UNSPECIFIED., .F., .F.,
 ( 4, 2, 2, 4 ),
 ( -4.898991632023039500E-006, 0.0004967012084734688500, 0.0007475013085262152300, 0.0009983014085789617300 ),
 .UNSPECIFIED. ) ;
#3444 = EDGE_CURVE ( 'NONE', #7831, #1872, #7182, .T. ) ;
#3445 = CARTESIAN_POINT ( 'NONE',  ( -33.12499999999999300, 20.89999999999999900, 5.000000000000000000 ) ) ;
#3446 = VERTEX_POINT ( 'NONE', #7908 ) ;
#3447 = LINE ( 'NONE', #4372, #4490 ) ;
#3448 = AXIS2_PLACEMENT_3D ( 'NONE', #7821, #5832, #5120 ) ;
#3449 = DIRECTION ( 'NONE',  ( 0.0000000000000000000, 0.0000000000000000000, -1.000000000000000000 ) ) ;
#3450 = LINE ( 'NONE', #8782, #1002 ) ;
#3451 = AXIS2_PLACEMENT_3D ( 'NONE', #726, #2072, #8195 ) ;
#3452 = CARTESIAN_POINT ( 'NONE',  ( 30.67500000000000800, 18.75000000000000000, 10.90000000000000000 ) ) ;
#3453 = CARTESIAN_POINT ( 'NONE',  ( -31.89999999999996300, 21.30000000000000100, 3.325000000000334100 ) ) ;
#3454 = ORIENTED_EDGE ( 'NONE', *, *, #3224, .T. ) ;
#3455 = EDGE_CURVE ( 'NONE', #2242, #1372, #4110, .T. ) ;
#3456 = PRESENTATION_STYLE_ASSIGNMENT (( #7614 ) ) ;
#3457 = LINE ( 'NONE', #8609, #64 ) ;
#3458 = EDGE_LOOP ( 'NONE', ( #2975, #5413, #6567, #2977 ) ) ;
#3459 = DIRECTION ( 'NONE',  ( 0.0000000000000000000, 0.0000000000000000000, -1.000000000000000000 ) ) ;
#3460 = CARTESIAN_POINT ( 'NONE',  ( -33.12499999999999300, 20.89999999999999900, 5.000000000000000000 ) ) ;
#3461 = LINE ( 'NONE', #1217, #8544 ) ;
#3462 = CARTESIAN_POINT ( 'NONE',  ( 32.67500000000000400, 0.0000000000000000000, -9.499999999999998200 ) ) ;
#3463 = VERTEX_POINT ( 'NONE', #3804 ) ;
#3464 = EDGE_CURVE ( 'NONE', #234, #1260, #6540, .T. ) ;
#3465 = DIRECTION ( 'NONE',  ( 0.0000000000000000000, 1.000000000000000000, -0.0000000000000000000 ) ) ;
#3466 = EDGE_LOOP ( 'NONE', ( #1043, #1588, #7012, #8047 ) ) ;
#3467 = ORIENTED_EDGE ( 'NONE', *, *, #747, .T. ) ;
#3468 = VECTOR ( 'NONE', #8716, 1000.000000000000000 ) ;
#3469 = ORIENTED_EDGE ( 'NONE', *, *, #2741, .F. ) ;
#3470 = ADVANCED_FACE ( 'NONE', ( #1982 ), #4547, .F. ) ;
#3471 = ORIENTED_EDGE ( 'NONE', *, *, #6207, .F. ) ;
#3472 = FACE_OUTER_BOUND ( 'NONE', #7613, .T. ) ;
#3473 = DIRECTION ( 'NONE',  ( 2.622256417174243400E-015, 0.0000000000000000000, -1.000000000000000000 ) ) ;
#3474 = CARTESIAN_POINT ( 'NONE',  ( -0.8249999999999924100, 12.75000000000000200, -11.19999999999999900 ) ) ;
#3475 = ORIENTED_EDGE ( 'NONE', *, *, #3522, .F. ) ;
#3476 =( NAMED_UNIT ( * ) SI_UNIT ( $, .STERADIAN. ) SOLID_ANGLE_UNIT ( ) );
#3477 = ORIENTED_EDGE ( 'NONE', *, *, #8124, .T. ) ;
#3478 = ADVANCED_FACE ( 'NONE', ( #7285 ), #3145, .F. ) ;
#3479 = CARTESIAN_POINT ( 'NONE',  ( 3.765000000000007700, 0.0000000000000000000, -7.260000000000000700 ) ) ;
#3480 = MECHANICAL_DESIGN_GEOMETRIC_PRESENTATION_REPRESENTATION (  '', ( #7855 ), #2392 ) ;
#3481 = ORIENTED_EDGE ( 'NONE', *, *, #7496, .T. ) ;
#3482 = LINE ( 'NONE', #1712, #198 ) ;
#3483 = EDGE_CURVE ( 'NONE', #7300, #6513, #8244, .T. ) ;
#3484 = DIRECTION ( 'NONE',  ( -4.336808689942010800E-016, 0.0000000000000000000, 1.000000000000000000 ) ) ;
#3485 = CARTESIAN_POINT ( 'NONE',  ( 1.575000000000007300, 0.1999999999999999800, 6.200000000000000200 ) ) ;
#3486 = ORIENTED_EDGE ( 'NONE', *, *, #513, .F. ) ;
#3487 = VERTEX_POINT ( 'NONE', #8695 ) ;
#3488 = MANIFOLD_SOLID_BREP ( 'Bolt 2', #4017 ) ;
#3489 = CARTESIAN_POINT ( 'NONE',  ( 0.5750000000000077300, 18.34999999999999800, -10.89999999999999900 ) ) ;
#3490 = EDGE_CURVE ( 'NONE', #7178, #4349, #4515, .T. ) ;
#3491 = ORIENTED_EDGE ( 'NONE', *, *, #2044, .F. ) ;
#3492 = ORIENTED_EDGE ( 'NONE', *, *, #1164, .T. ) ;
#3493 = LINE ( 'NONE', #6823, #1672 ) ;
#3494 = DIRECTION ( 'NONE',  ( 0.0000000000000000000, 0.0000000000000000000, 1.000000000000000000 ) ) ;
#3495 = MECHANICAL_DESIGN_GEOMETRIC_PRESENTATION_REPRESENTATION (  '', ( #5470 ), #203 ) ;
#3496 = ORIENTED_EDGE ( 'NONE', *, *, #1946, .T. ) ;
#3497 = DIRECTION ( 'NONE',  ( 0.0000000000000000000, -1.000000000000000000, 0.0000000000000000000 ) ) ;
#3498 = PLANE ( 'NONE',  #8024 ) ;
#3499 = ORIENTED_EDGE ( 'NONE', *, *, #3419, .F. ) ;
#3500 = DIRECTION ( 'NONE',  ( 1.000000000000000000, 0.0000000000000000000, 0.0000000000000000000 ) ) ;
#3501 = ORIENTED_EDGE ( 'NONE', *, *, #7042, .F. ) ;
#3502 = PRESENTATION_LAYER_ASSIGNMENT (  '', '', ( #329 ) ) ;
#3503 = ORIENTED_EDGE ( 'NONE', *, *, #5038, .F. ) ;
#3504 = ORIENTED_EDGE ( 'NONE', *, *, #6327, .F. ) ;
#3505 = ORIENTED_EDGE ( 'NONE', *, *, #6424, .T. ) ;
#3506 = CARTESIAN_POINT ( 'NONE',  ( 1.575000000000008800, 0.6999999999999999600, -8.349999999999999600 ) ) ;
#3507 = EDGE_CURVE ( 'NONE', #6643, #3463, #5902, .T. ) ;
#3508 = CARTESIAN_POINT ( 'NONE',  ( -16.02499999999999100, 0.09999999999999975600, -3.500000000000000000 ) ) ;
#3509 = VERTEX_POINT ( 'NONE', #6005 ) ;
#3510 = VECTOR ( 'NONE', #4403, 1000.000000000000000 ) ;
#3511 = COLOUR_RGB ( '',0.7921568627450980000, 0.8196078431372548800, 0.9333333333333333500 ) ;
#3512 = DIRECTION ( 'NONE',  ( 0.0000000000000000000, 0.0000000000000000000, 1.000000000000000000 ) ) ;
#3513 = DIRECTION ( 'NONE',  ( 0.0000000000000000000, 0.0000000000000000000, 1.000000000000000000 ) ) ;
#3514 = AXIS2_PLACEMENT_3D ( 'NONE', #3004, #5006, #4413 ) ;
#3515 = FACE_OUTER_BOUND ( 'NONE', #8603, .T. ) ;
#3516 = VERTEX_POINT ( 'NONE', #8028 ) ;
#3517 = EDGE_LOOP ( 'NONE', ( #7528, #3000 ) ) ;
#3518 = LINE ( 'NONE', #83, #2884 ) ;
#3519 = CARTESIAN_POINT ( 'NONE',  ( 1.275000000000007500, 0.6000000000000000900, -7.574999999999999300 ) ) ;
#3520 = ADVANCED_FACE ( 'NONE', ( #8452 ), #1382, .F. ) ;
#3521 = CARTESIAN_POINT ( 'NONE',  ( -9.695366879089199600, 18.75000000000000000, -2.500000000000002200 ) ) ;
#3522 = EDGE_CURVE ( 'NONE', #4166, #8767, #6328, .T. ) ;
#3523 = CARTESIAN_POINT ( 'NONE',  ( -8.724999999999996100, 21.82000000000000700, 2.299999999999999800 ) ) ;
#3524 = CARTESIAN_POINT ( 'NONE',  ( -39.97500000000000100, 25.89999999999999900, 5.999999999999999100 ) ) ;
#3525 = FACE_OUTER_BOUND ( 'NONE', #6661, .T. ) ;
#3526 = CARTESIAN_POINT ( 'NONE',  ( 23.76500000000000400, -0.2999999999999999900, 2.700000000000001100 ) ) ;
#3527 = ORIENTED_EDGE ( 'NONE', *, *, #2248, .F. ) ;
#3528 = VECTOR ( 'NONE', #2754, 1000.000000000000000 ) ;
#3529 = DIRECTION ( 'NONE',  ( -0.0000000000000000000, 1.000000000000000000, -0.0000000000000000000 ) ) ;
#3530 = CARTESIAN_POINT ( 'NONE',  ( -8.951794919243109700, 0.04641016151377563200, 2.500000000000000000 ) ) ;
#3532 = ADVANCED_FACE ( 'NONE', ( #193, #2513 ), #88, .T. ) ;
#3531 = DIRECTION ( 'NONE',  ( 0.0000000000000000000, 0.0000000000000000000, -1.000000000000000000 ) ) ;
#3533 = DIRECTION ( 'NONE',  ( 0.0000000000000000000, 0.0000000000000000000, -1.000000000000000000 ) ) ;
#3534 = DIRECTION ( 'NONE',  ( 1.000000000000000000, 0.0000000000000000000, -0.0000000000000000000 ) ) ;
#3535 = VECTOR ( 'NONE', #5378, 1000.000000000000000 ) ;
#3536 = EDGE_CURVE ( 'NONE', #4466, #6010, #8133, .T. ) ;
#3537 = CIRCLE ( 'NONE', #8429, 0.1999999999999996500 ) ;
#3538 = VERTEX_POINT ( 'NONE', #8099 ) ;
#3539 = DIRECTION ( 'NONE',  ( 0.0000000000000000000, 0.0000000000000000000, -1.000000000000000000 ) ) ;
#3540 = DIRECTION ( 'NONE',  ( -0.0000000000000000000, 1.000000000000000000, -0.0000000000000000000 ) ) ;
#3541 = CARTESIAN_POINT ( 'NONE',  ( -31.90000000000001300, 25.30000000000000100, -0.8749999999996659300 ) ) ;
#3542 = VECTOR ( 'NONE', #130, 1000.000000000000000 ) ;
#3543 = CARTESIAN_POINT ( 'NONE',  ( 0.2000000000000070300, 0.6000000000000000900, 5.899999999999997700 ) ) ;
#3544 = AXIS2_PLACEMENT_3D ( 'NONE', #6416, #2348, #876 ) ;
#3545 = VECTOR ( 'NONE', #6955, 1000.000000000000000 ) ;
#3546 = ORIENTED_EDGE ( 'NONE', *, *, #8203, .F. ) ;
#3547 = LINE ( 'NONE', #7574, #8529 ) ;
#3548 = DIRECTION ( 'NONE',  ( 0.0000000000000000000, -0.0000000000000000000, -1.000000000000000000 ) ) ;
#3549 = FACE_OUTER_BOUND ( 'NONE', #8478, .T. ) ;
#3550 = AXIS2_PLACEMENT_3D ( 'NONE', #4937, #6979, #2928 ) ;
#3551 = CARTESIAN_POINT ( 'NONE',  ( -6.624999999999996400, 1.500000000000000400, 2.500000000000000000 ) ) ;
#3552 = AXIS2_PLACEMENT_3D ( 'NONE', #5399, #7547, #6174 ) ;
#3553 = ORIENTED_EDGE ( 'NONE', *, *, #5611, .F. ) ;
#3554 = VECTOR ( 'NONE', #217, 1000.000000000000000 ) ;
#3555 = DIRECTION ( 'NONE',  ( 0.0000000000000000000, 0.0000000000000000000, 1.000000000000000000 ) ) ;
#3556 = CIRCLE ( 'NONE', #7462, 2.149999999999999900 ) ;
#3557 = CARTESIAN_POINT ( 'NONE',  ( 35.77500000000001300, 7.974999999999999600, -3.100000000000000500 ) ) ;
#3558 = DIRECTION ( 'NONE',  ( 0.0000000000000000000, 0.0000000000000000000, -1.000000000000000000 ) ) ;
#3559 = VECTOR ( 'NONE', #6522, 1000.000000000000000 ) ;
#3560 = EDGE_CURVE ( 'NONE', #803, #3818, #1343, .T. ) ;
#3561 = ORIENTED_EDGE ( 'NONE', *, *, #8632, .F. ) ;
#3562 = DIRECTION ( 'NONE',  ( 0.5000000000000010000, -0.8660254037844380400, 0.0000000000000000000 ) ) ;
#3563 = ADVANCED_FACE ( 'NONE', ( #5474 ), #5690, .F. ) ;
#3564 = AXIS2_PLACEMENT_3D ( 'NONE', #1150, #5892, #4548 ) ;
#3565 = LINE ( 'NONE', #7822, #596 ) ;
#3566 = CARTESIAN_POINT ( 'NONE',  ( 30.67500000000000800, 18.75000000000000000, -10.90000000000000400 ) ) ;
#3567 = AXIS2_PLACEMENT_3D ( 'NONE', #8803, #1264, #4664 ) ;
#3568 = CARTESIAN_POINT ( 'NONE',  ( -8.924999999999997200, 21.82000000000000700, 2.500000000000000000 ) ) ;
#3569 = DIRECTION ( 'NONE',  ( 1.000000000000000000, 0.0000000000000000000, 0.0000000000000000000 ) ) ;
#3570 = VERTEX_POINT ( 'NONE', #1113 ) ;
#3571 = CARTESIAN_POINT ( 'NONE',  ( -0.8249999999999924100, 0.3000000000000016500, 10.90000000000000000 ) ) ;
#3572 = DIRECTION ( 'NONE',  ( 1.000000000000000000, 0.0000000000000000000, 0.0000000000000000000 ) ) ;
#3573 = ORIENTED_EDGE ( 'NONE', *, *, #8527, .T. ) ;
#3574 = EDGE_CURVE ( 'NONE', #8360, #4140, #2722, .T. ) ;
#3575 = ADVANCED_FACE ( 'NONE', ( #3688 ), #3156, .F. ) ;
#3576 = EDGE_LOOP ( 'NONE', ( #3496, #7553, #5600, #5726 ) ) ;
#3577 = DIRECTION ( 'NONE',  ( 0.0000000000000000000, 0.0000000000000000000, -1.000000000000000000 ) ) ;
#3578 = FACE_OUTER_BOUND ( 'NONE', #551, .T. ) ;
#3579 = VERTEX_POINT ( 'NONE', #7281 ) ;
#3580 = CARTESIAN_POINT ( 'NONE',  ( -31.90000000000000600, 21.30000000000000100, -0.5249999999996664000 ) ) ;
#3581 = CARTESIAN_POINT ( 'NONE',  ( 2.950000000000007700, 0.6000000000000000900, -5.899999999999997700 ) ) ;
#3582 = CARTESIAN_POINT ( 'NONE',  ( 39.37500000000000000, 10.77500000000000000, -2.500000000000000000 ) ) ;
#3583 = AXIS2_PLACEMENT_3D ( 'NONE', #2354, #6396, #3704 ) ;
#3584 = CARTESIAN_POINT ( 'NONE',  ( 23.76500000000000400, 0.0000000000000000000, 0.0000000000000000000 ) ) ;
#3585 = EDGE_LOOP ( 'NONE', ( #7320, #6558, #2620, #6119 ) ) ;
#3586 = CARTESIAN_POINT ( 'NONE',  ( -16.02499999999999100, 28.80000000000000100, -3.500000000000000000 ) ) ;
#3587 = ORIENTED_EDGE ( 'NONE', *, *, #7660, .T. ) ;
#3588 = CARTESIAN_POINT ( 'NONE',  ( 35.17500000000001100, 18.75000000000000000, -6.700000000000000200 ) ) ;
#3589 = VECTOR ( 'NONE', #3437, 1000.000000000000000 ) ;
#3590 = EDGE_CURVE ( 'NONE', #6865, #3803, #6860, .T. ) ;
#3591 = ORIENTED_EDGE ( 'NONE', *, *, #6250, .T. ) ;
#3592 = CARTESIAN_POINT ( 'NONE',  ( 0.0000000000000000000, 0.6999999999999999600, 0.0000000000000000000 ) ) ;
#3593 = FILL_AREA_STYLE ('',( #7617 ) ) ;
#3594 = DIRECTION ( 'NONE',  ( 1.000000000000000000, -0.0000000000000000000, -0.0000000000000000000 ) ) ;
#3595 = ORIENTED_EDGE ( 'NONE', *, *, #2559, .F. ) ;
#3596 = VECTOR ( 'NONE', #7781, 1000.000000000000000 ) ;
#3597 = EDGE_CURVE ( 'NONE', #2807, #8042, #5167, .T. ) ;
#3598 = ORIENTED_EDGE ( 'NONE', *, *, #5635, .T. ) ;
#3599 = VERTEX_POINT ( 'NONE', #3245 ) ;
#3600 = DIRECTION ( 'NONE',  ( 0.0000000000000000000, 0.0000000000000000000, 1.000000000000000000 ) ) ;
#3601 = DIRECTION ( 'NONE',  ( -0.0000000000000000000, -1.000000000000000000, -0.0000000000000000000 ) ) ;
#3602 = ORIENTED_EDGE ( 'NONE', *, *, #6477, .T. ) ;
#3603 = LINE ( 'NONE', #1658, #8583 ) ;
#3604 = ORIENTED_EDGE ( 'NONE', *, *, #5082, .T. ) ;
#3605 = ORIENTED_EDGE ( 'NONE', *, *, #5279, .F. ) ;
#3606 = CARTESIAN_POINT ( 'NONE',  ( -8.924999999999997200, 0.0000000000000000000, -2.300000000000000300 ) ) ;
#3607 = AXIS2_PLACEMENT_3D ( 'NONE', #1825, #657, #7255 ) ;
#3608 = ORIENTED_EDGE ( 'NONE', *, *, #8798, .T. ) ;
#3609 = ORIENTED_EDGE ( 'NONE', *, *, #7840, .T. ) ;
#3610 = PLANE ( 'NONE',  #8108 ) ;
#3611 = EDGE_CURVE ( 'NONE', #8243, #6463, #1554, .T. ) ;
#3612 = ORIENTED_EDGE ( 'NONE', *, *, #5162, .T. ) ;
#3613 = CYLINDRICAL_SURFACE ( 'NONE', #3685, 0.2000000000000005700 ) ;
#3614 = VERTEX_POINT ( 'NONE', #8559 ) ;
#3615 = EDGE_LOOP ( 'NONE', ( #4945, #2002 ) ) ;
#3616 = LINE ( 'NONE', #4355, #7105 ) ;
#3617 = VECTOR ( 'NONE', #983, 1000.000000000000000 ) ;
#3618 = EDGE_CURVE ( 'NONE', #610, #2285, #919, .T. ) ;
#3619 = VERTEX_POINT ( 'NONE', #4462 ) ;
#3620 = ORIENTED_EDGE ( 'NONE', *, *, #4564, .T. ) ;
#3621 = VERTEX_POINT ( 'NONE', #407 ) ;
#3622 = PLANE ( 'NONE',  #1620 ) ;
#3623 = CARTESIAN_POINT ( 'NONE',  ( -6.424999999999996300, -1.570000000000000100, 2.500000000000000000 ) ) ;
#3624 = AXIS2_PLACEMENT_3D ( 'NONE', #6806, #7369, #7483 ) ;
#3626 = ADVANCED_FACE ( 'NONE', ( #8567 ), #1141, .F. ) ;
#3625 = CARTESIAN_POINT ( 'NONE',  ( -16.02499999999999100, 20.15000000000000200, -3.500000000000000000 ) ) ;
#3627 = DIRECTION ( 'NONE',  ( 0.0000000000000000000, 0.0000000000000000000, -1.000000000000000000 ) ) ;
#3628 = AXIS2_PLACEMENT_3D ( 'NONE', #3849, #1776, #1286 ) ;
#3629 = EDGE_LOOP ( 'NONE', ( #7740, #1452, #8152, #3178, #521, #1777, #1371, #6467, #6445, #1010, #8605, #5567 ) ) ;
#3630 = VECTOR ( 'NONE', #2208, 1000.000000000000000 ) ;
#3631 = FACE_OUTER_BOUND ( 'NONE', #2211, .T. ) ;
#3632 = ORIENTED_EDGE ( 'NONE', *, *, #2350, .F. ) ;
#3633 = EDGE_CURVE ( 'NONE', #972, #835, #6306, .T. ) ;
#3634 = CARTESIAN_POINT ( 'NONE',  ( -9.124999999999998200, 20.30358983848622900, 2.500000000000000000 ) ) ;
#3635 = CIRCLE ( 'NONE', #2881, 1.000000000000000400 ) ;
#3636 = DIRECTION ( 'NONE',  ( 0.0000000000000000000, 1.000000000000000000, -0.0000000000000000000 ) ) ;
#3637 = EDGE_LOOP ( 'NONE', ( #5623, #4931, #2991, #2512 ) ) ;
#3638 = DIRECTION ( 'NONE',  ( -1.000000000000000000, 0.0000000000000000000, -0.0000000000000000000 ) ) ;
#3639 = ORIENTED_EDGE ( 'NONE', *, *, #1536, .T. ) ;
#3640 = VERTEX_POINT ( 'NONE', #5848 ) ;
#3641 = FACE_OUTER_BOUND ( 'NONE', #7213, .T. ) ;
#3642 = CARTESIAN_POINT ( 'NONE',  ( 23.76500000000000400, 27.40000000000000200, 0.0000000000000000000 ) ) ;
#3643 = AXIS2_PLACEMENT_3D ( 'NONE', #3634, #917, #4327 ) ;
#3644 = DIRECTION ( 'NONE',  ( 1.000000000000000000, 0.0000000000000000000, -9.912705577010238600E-015 ) ) ;
#3645 = DIRECTION ( 'NONE',  ( -0.0000000000000000000, 1.000000000000000000, -0.0000000000000000000 ) ) ;
#3646 = FACE_OUTER_BOUND ( 'NONE', #4142, .T. ) ;
#3647 = DIRECTION ( 'NONE',  ( 1.000000000000000000, 0.0000000000000000000, 4.336808689942010300E-016 ) ) ;
#3648 = VECTOR ( 'NONE', #4870, 1000.000000000000000 ) ;
#3649 = EDGE_CURVE ( 'NONE', #8122, #4983, #1441, .T. ) ;
#3650 = CARTESIAN_POINT ( 'NONE',  ( 0.0000000000000000000, -1.570000000000000100, -2.500000000000000000 ) ) ;
#3651 = DIRECTION ( 'NONE',  ( -0.0000000000000000000, 1.000000000000000000, -0.0000000000000000000 ) ) ;
#3652 = CIRCLE ( 'NONE', #7127, 2.700000000000001100 ) ;
#3653 = VECTOR ( 'NONE', #7276, 1000.000000000000000 ) ;
#3654 = DIRECTION ( 'NONE',  ( -1.000000000000000000, 0.0000000000000000000, 0.0000000000000000000 ) ) ;
#3655 = DIRECTION ( 'NONE',  ( 0.0000000000000000000, 0.0000000000000000000, -1.000000000000000000 ) ) ;
#3656 = DIRECTION ( 'NONE',  ( -8.068481283613054800E-016, 0.0000000000000000000, 1.000000000000000000 ) ) ;
#3657 = ORIENTED_EDGE ( 'NONE', *, *, #5277, .T. ) ;
#3658 = LINE ( 'NONE', #5823, #157 ) ;
#3659 = LINE ( 'NONE', #3796, #373 ) ;
#3660 = PLANE ( 'NONE',  #3051 ) ;
#3661 = CARTESIAN_POINT ( 'NONE',  ( -31.90000000000003400, 25.30000000000000100, -3.324999999999666200 ) ) ;
#3662 = DIRECTION ( 'NONE',  ( -0.0000000000000000000, -1.000000000000000000, 0.0000000000000000000 ) ) ;
#3663 = CARTESIAN_POINT ( 'NONE',  ( 34.87500000000000700, 18.75000000000000000, -6.700000000000000200 ) ) ;
#3664 = EDGE_LOOP ( 'NONE', ( #1116, #3157, #2482, #7951 ) ) ;
#3665 = AXIS2_PLACEMENT_3D ( 'NONE', #451, #1121, #1802 ) ;
#3666 = FACE_OUTER_BOUND ( 'NONE', #738, .T. ) ;
#3667 = EDGE_CURVE ( 'NONE', #5421, #550, #7505, .T. ) ;
#3668 = ADVANCED_FACE ( 'NONE', ( #1868, #721 ), #4593, .F. ) ;
#3669 = CYLINDRICAL_SURFACE ( 'NONE', #5457, 6.000000000000000900 ) ;
#3670 = CARTESIAN_POINT ( 'NONE',  ( 0.5750000000000076200, 18.75000000000000000, -9.799999999999997200 ) ) ;
#3671 = DIRECTION ( 'NONE',  ( -1.000000000000000000, 0.0000000000000000000, 0.0000000000000000000 ) ) ;
#3672 = VERTEX_POINT ( 'NONE', #3280 ) ;
#3673 = AXIS2_PLACEMENT_3D ( 'NONE', #3016, #6415, #1716 ) ;
#3674 = DIRECTION ( 'NONE',  ( 1.204669080539454300E-016, 0.0000000000000000000, 1.000000000000000000 ) ) ;
#3675 = VECTOR ( 'NONE', #7887, 1000.000000000000000 ) ;
#3676 = AXIS2_PLACEMENT_3D ( 'NONE', #7349, #4540, #3859 ) ;
#3677 = CARTESIAN_POINT ( 'NONE',  ( 0.0000000000000000000, 25.30000000000000100, 0.0000000000000000000 ) ) ;
#3678 = CARTESIAN_POINT ( 'NONE',  ( -34.12499999999998600, 20.15000000000000200, -5.200000000000001100 ) ) ;
#3679 = CARTESIAN_POINT ( 'NONE',  ( -6.424999999999996300, 1.500000000000000400, 2.299999999999999800 ) ) ;
#3680 = EDGE_CURVE ( 'NONE', #3298, #2546, #303, .T. ) ;
#3681 = CIRCLE ( 'NONE', #5727, 2.700000000000001100 ) ;
#3682 = VERTEX_POINT ( 'NONE', #3703 ) ;
#3683 = ORIENTED_EDGE ( 'NONE', *, *, #5572, .T. ) ;
#3684 = CARTESIAN_POINT ( 'NONE',  ( -26.62499999999998900, 25.89999999999999900, -6.000000000000000900 ) ) ;
#3685 = AXIS2_PLACEMENT_3D ( 'NONE', #5849, #7970, #8653 ) ;
#3686 = EDGE_LOOP ( 'NONE', ( #3399, #7938, #6251, #8573 ) ) ;
#3687 = DIRECTION ( 'NONE',  ( -0.0000000000000000000, 1.000000000000000000, -0.0000000000000000000 ) ) ;
#3688 = FACE_OUTER_BOUND ( 'NONE', #1227, .T. ) ;
#3689 = CARTESIAN_POINT ( 'NONE',  ( 0.2000000000000070300, 0.6000000000000000900, -5.899999999999997700 ) ) ;
#3690 = EDGE_LOOP ( 'NONE', ( #6965, #7295, #2083, #2736 ) ) ;
#3691 = EDGE_CURVE ( 'NONE', #958, #5523, #5269, .T. ) ;
#3692 = VERTEX_POINT ( 'NONE', #3880 ) ;
#3693 = FACE_OUTER_BOUND ( 'NONE', #7811, .T. ) ;
#3694 = CARTESIAN_POINT ( 'NONE',  ( -0.8249999999999924100, 18.75000000000000000, 11.19999999999999900 ) ) ;
#3695 =( NAMED_UNIT ( * ) SI_UNIT ( $, .STERADIAN. ) SOLID_ANGLE_UNIT ( ) );
#3696 = VERTEX_POINT ( 'NONE', #4509 ) ;
#3697 = DIRECTION ( 'NONE',  ( -0.5000000000000007800, -0.8660254037844381500, 0.0000000000000000000 ) ) ;
#3698 = CARTESIAN_POINT ( 'NONE',  ( -39.97500000000000100, 9.229210492142396300, 1.301042606982605300E-015 ) ) ;
#3699 = ORIENTED_EDGE ( 'NONE', *, *, #3810, .F. ) ;
#3700 = EDGE_LOOP ( 'NONE', ( #112, #1025, #3683, #8499 ) ) ;
#3701 = EDGE_CURVE ( 'NONE', #5076, #7089, #1241, .T. ) ;
#3702 = FACE_OUTER_BOUND ( 'NONE', #8776, .T. ) ;
#3703 = CARTESIAN_POINT ( 'NONE',  ( 2.950000000000007700, 0.2000000000000000100, -6.499999999999998200 ) ) ;
#3704 = DIRECTION ( 'NONE',  ( 0.0000000000000000000, 0.0000000000000000000, -1.000000000000000000 ) ) ;
#3705 = VERTEX_POINT ( 'NONE', #2537 ) ;
#3707 = ADVANCED_FACE ( 'NONE', ( #2082 ), #585, .F. ) ;
#3706 = CARTESIAN_POINT ( 'NONE',  ( -31.89999999999999900, 21.30000000000000100, 0.5250000000003337600 ) ) ;
#3708 = ORIENTED_EDGE ( 'NONE', *, *, #3406, .F. ) ;
#3709 = ORIENTED_EDGE ( 'NONE', *, *, #8405, .F. ) ;
#3710 = ORIENTED_EDGE ( 'NONE', *, *, #6060, .F. ) ;
#3711 = VECTOR ( 'NONE', #3497, 1000.000000000000000 ) ;
#3712 = AXIS2_PLACEMENT_3D ( 'NONE', #920, #5691, #7055 ) ;
#3713 = ORIENTED_EDGE ( 'NONE', *, *, #3345, .T. ) ;
#3714 = DIRECTION ( 'NONE',  ( 0.0000000000000000000, 0.0000000000000000000, -1.000000000000000000 ) ) ;
#3715 = EDGE_LOOP ( 'NONE', ( #1280, #179, #7692, #6960, #6438, #6359 ) ) ;
#3716 = ORIENTED_EDGE ( 'NONE', *, *, #2363, .F. ) ;
#3717 = CARTESIAN_POINT ( 'NONE',  ( 2.343321059990332700, 0.6999999999999999600, -8.208029568700457200 ) ) ;
#3718 = ORIENTED_EDGE ( 'NONE', *, *, #3853, .T. ) ;
#3719 = DIRECTION ( 'NONE',  ( 0.0000000000000000000, 1.000000000000000000, 0.0000000000000000000 ) ) ;
#3720 = ORIENTED_EDGE ( 'NONE', *, *, #7681, .F. ) ;
#3721 = ORIENTED_EDGE ( 'NONE', *, *, #6517, .T. ) ;
#3722 = VERTEX_POINT ( 'NONE', #1908 ) ;
#3723 = AXIS2_PLACEMENT_3D ( 'NONE', #5258, #3239, #8677 ) ;
#3724 = PLANE ( 'NONE',  #2086 ) ;
#3725 = VERTEX_POINT ( 'NONE', #502 ) ;
#3726 = LINE ( 'NONE', #934, #7848 ) ;
#3727 = FACE_OUTER_BOUND ( 'NONE', #8025, .T. ) ;
#3728 = CARTESIAN_POINT ( 'NONE',  ( -21.52499999999998800, 1.099999999999999900, -2.499999999999999600 ) ) ;
#3729 = ORIENTED_EDGE ( 'NONE', *, *, #4102, .F. ) ;
#3730 = ORIENTED_EDGE ( 'NONE', *, *, #4196, .F. ) ;
#3731 = CARTESIAN_POINT ( 'NONE',  ( -9.124999999999998200, 20.30358983848622900, -2.500000000000000000 ) ) ;
#3732 = DIRECTION ( 'NONE',  ( -1.000000000000000000, 0.0000000000000000000, 0.0000000000000000000 ) ) ;
#3733 = EDGE_CURVE ( 'NONE', #2388, #7815, #6746, .T. ) ;
#3734 = DIRECTION ( 'NONE',  ( 0.0000000000000000000, 0.0000000000000000000, -1.000000000000000000 ) ) ;
#3735 = EDGE_CURVE ( 'NONE', #2285, #2979, #711, .T. ) ;
#3736 = EDGE_LOOP ( 'NONE', ( #2005, #3620, #7181, #4536 ) ) ;
#3737 = LINE ( 'NONE', #2949, #4256 ) ;
#3738 = AXIS2_PLACEMENT_3D ( 'NONE', #8367, #1598, #7079 ) ;
#3739 = DIRECTION ( 'NONE',  ( -0.0000000000000000000, 1.000000000000000000, -0.0000000000000000000 ) ) ;
#3740 = DIRECTION ( 'NONE',  ( -0.0000000000000000000, -1.000000000000000000, 0.0000000000000000000 ) ) ;
#3741 = PRESENTATION_LAYER_ASSIGNMENT (  '', '', ( #3277 ) ) ;
#3742 = FACE_OUTER_BOUND ( 'NONE', #4541, .T. ) ;
#3743 = EDGE_LOOP ( 'NONE', ( #642, #693, #1352, #393 ) ) ;
#3744 = ORIENTED_EDGE ( 'NONE', *, *, #7221, .T. ) ;
#3745 = VECTOR ( 'NONE', #5275, 1000.000000000000000 ) ;
#3746 = DIRECTION ( 'NONE',  ( -0.0000000000000000000, -1.000000000000000000, -0.0000000000000000000 ) ) ;
#3747 = CARTESIAN_POINT ( 'NONE',  ( 1.875000000000007500, 0.6000000000000000900, -7.574999999999999300 ) ) ;
#3748 = EDGE_CURVE ( 'NONE', #5389, #8097, #7810, .T. ) ;
#3749 = PLANE ( 'NONE',  #896 ) ;
#3750 = DIRECTION ( 'NONE',  ( 0.0000000000000000000, 0.0000000000000000000, -1.000000000000000000 ) ) ;
#3751 = CARTESIAN_POINT ( 'NONE',  ( 12.76500000000000600, 0.0000000000000000000, -1.990000000000001300 ) ) ;
#3752 = VECTOR ( 'NONE', #4063, 1000.000000000000000 ) ;
#3753 = VECTOR ( 'NONE', #3908, 1000.000000000000000 ) ;
#3754 = AXIS2_PLACEMENT_3D ( 'NONE', #7578, #2143, #5553 ) ;
#3755 = ADVANCED_FACE ( 'NONE', ( #816 ), #4946, .T. ) ;
#3756 = EDGE_LOOP ( 'NONE', ( #4205, #6541, #4527, #7492 ) ) ;
#3757 = CARTESIAN_POINT ( 'NONE',  ( -0.8249999999999924100, 0.3000000000000016500, -11.19999999999999900 ) ) ;
#3758 = FACE_OUTER_BOUND ( 'NONE', #418, .T. ) ;
#3759 = EDGE_CURVE ( 'NONE', #4022, #5081, #2826, .T. ) ;
#3760 = CARTESIAN_POINT ( 'NONE',  ( 0.5750000000000099500, 18.75000000000000000, 9.800000000000004300 ) ) ;
#3761 = FACE_OUTER_BOUND ( 'NONE', #4947, .T. ) ;
#3762 = DIRECTION ( 'NONE',  ( 0.0000000000000000000, 0.0000000000000000000, 1.000000000000000000 ) ) ;
#3763 = EDGE_LOOP ( 'NONE', ( #2158, #947, #2197, #1195 ) ) ;
#3764 = DIRECTION ( 'NONE',  ( 0.0000000000000000000, 0.0000000000000000000, -1.000000000000000000 ) ) ;
#3765 = LINE ( 'NONE', #127, #2257 ) ;
#3766 = CARTESIAN_POINT ( 'NONE',  ( -6.520544919243101300, -3.764638364388060800, 2.299999999999999800 ) ) ;
#3767 = CARTESIAN_POINT ( 'NONE',  ( -26.62499999999998900, 6.442151305867749800, -3.199999999999997100 ) ) ;
#3768 = DIRECTION ( 'NONE',  ( 0.0000000000000000000, 1.251002506714043300E-016, 1.000000000000000000 ) ) ;
#3769 = DIRECTION ( 'NONE',  ( 0.0000000000000000000, 0.0000000000000000000, -1.000000000000000000 ) ) ;
#3770 = LINE ( 'NONE', #3158, #5129 ) ;
#3771 = EDGE_CURVE ( 'NONE', #5132, #3043, #1755, .T. ) ;
#3772 = LINE ( 'NONE', #7075, #903 ) ;
#3773 = VECTOR ( 'NONE', #4479, 1000.000000000000000 ) ;
#3774 = CARTESIAN_POINT ( 'NONE',  ( 1.275000000000007500, 0.6000000000000000900, -4.824999999999999300 ) ) ;
#3775 = CARTESIAN_POINT ( 'NONE',  ( 1.575000000000007300, 0.6999999999999999600, 6.200000000000000200 ) ) ;
#3776 = LINE ( 'NONE', #3807, #3559 ) ;
#3777 = DIRECTION ( 'NONE',  ( -0.0000000000000000000, 1.000000000000000000, -0.0000000000000000000 ) ) ;
#3778 = EDGE_LOOP ( 'NONE', ( #3932, #281, #129, #1120 ) ) ;
#3779 = DIRECTION ( 'NONE',  ( 1.000000000000000000, 0.0000000000000000000, 0.0000000000000000000 ) ) ;
#3780 = EDGE_CURVE ( 'NONE', #1342, #8290, #5788, .T. ) ;
#3781 = CIRCLE ( 'NONE', #8577, 0.2000000000000000900 ) ;
#3782 = CYLINDRICAL_SURFACE ( 'NONE', #1829, 0.2000000000000000900 ) ;
#3783 = EDGE_CURVE ( 'NONE', #530, #81, #3791, .T. ) ;
#3784 = DIRECTION ( 'NONE',  ( 0.0000000000000000000, 0.0000000000000000000, -1.000000000000000000 ) ) ;
#3785 = DIRECTION ( 'NONE',  ( 1.000000000000000000, 0.0000000000000000000, -0.0000000000000000000 ) ) ;
#3786 = DIRECTION ( 'NONE',  ( 0.0000000000000000000, 0.0000000000000000000, -1.000000000000000000 ) ) ;
#3787 = CARTESIAN_POINT ( 'NONE',  ( 1.575000000000007300, 0.5000000000000000000, 6.200000000000000200 ) ) ;
#3788 = ORIENTED_EDGE ( 'NONE', *, *, #1523, .F. ) ;
#3789 = AXIS2_PLACEMENT_3D ( 'NONE', #4866, #3540, #6914 ) ;
#3790 = EDGE_LOOP ( 'NONE', ( #7962, #3898, #6735, #2527 ) ) ;
#3791 = LINE ( 'NONE', #4782, #4003 ) ;
#3792 = EDGE_LOOP ( 'NONE', ( #6852, #431 ) ) ;
#3793 = CARTESIAN_POINT ( 'NONE',  ( 25.73159604392972000, -1.000000000000000000, 1.849999999999999400 ) ) ;
#3794 = DIRECTION ( 'NONE',  ( 0.0000000000000000000, 0.0000000000000000000, 1.000000000000000000 ) ) ;
#3795 = DIRECTION ( 'NONE',  ( 0.0000000000000000000, -1.000000000000000000, 0.0000000000000000000 ) ) ;
#3797 = ADVANCED_FACE ( 'NONE', ( #4207 ), #2502, .T. ) ;
#3796 = CARTESIAN_POINT ( 'NONE',  ( 35.17500000000001800, 7.974999999999999600, 3.100000000000000100 ) ) ;
#3798 = ORIENTED_EDGE ( 'NONE', *, *, #4085, .F. ) ;
#3799 = EDGE_CURVE ( 'NONE', #6782, #294, #2280, .T. ) ;
#3800 = DIRECTION ( 'NONE',  ( -1.000000000000000000, -0.0000000000000000000, -0.0000000000000000000 ) ) ;
#3801 = ORIENTED_EDGE ( 'NONE', *, *, #720, .F. ) ;
#3802 = DIRECTION ( 'NONE',  ( 0.0000000000000000000, 0.0000000000000000000, -1.000000000000000000 ) ) ;
#3803 = VERTEX_POINT ( 'NONE', #4659 ) ;
#3804 = CARTESIAN_POINT ( 'NONE',  ( 23.76500000000000400, 0.2000000000000000100, -2.700000000000001100 ) ) ;
#3805 = AXIS2_PLACEMENT_3D ( 'NONE', #7568, #2101, #1509 ) ;
#3806 = DIRECTION ( 'NONE',  ( 1.000000000000000000, 0.0000000000000000000, 0.0000000000000000000 ) ) ;
#3807 = CARTESIAN_POINT ( 'NONE',  ( -6.424999999999996300, 21.82000000000000700, 2.500000000000000000 ) ) ;
#3808 = EDGE_LOOP ( 'NONE', ( #8552, #2675, #2560, #2978 ) ) ;
#3809 = CIRCLE ( 'NONE', #168, 1.000000000000000400 ) ;
#3810 = EDGE_CURVE ( 'NONE', #3487, #12, #500, .T. ) ;
#3811 = ORIENTED_EDGE ( 'NONE', *, *, #3759, .F. ) ;
#3812 = ORIENTED_EDGE ( 'NONE', *, *, #1859, .T. ) ;
#3813 = CARTESIAN_POINT ( 'NONE',  ( 23.76500000000000400, -8.650000000000000400, 0.0000000000000000000 ) ) ;
#3814 = DIRECTION ( 'NONE',  ( 0.0000000000000000000, 0.0000000000000000000, 1.000000000000000000 ) ) ;
#3815 = ORIENTED_EDGE ( 'NONE', *, *, #7809, .T. ) ;
#3816 = CYLINDRICAL_SURFACE ( 'NONE', #4744, 1.990000000000001300 ) ;
#3817 = PLANE ( 'NONE',  #2340 ) ;
#3818 = VERTEX_POINT ( 'NONE', #7551 ) ;
#3819 = EDGE_LOOP ( 'NONE', ( #3744, #2398, #8155, #6578 ) ) ;
#3820 = ORIENTED_EDGE ( 'NONE', *, *, #1111, .F. ) ;
#3821 = EDGE_CURVE ( 'NONE', #8243, #7588, #2391, .T. ) ;
#3822 = ORIENTED_EDGE ( 'NONE', *, *, #6354, .T. ) ;
#3823 = VERTEX_POINT ( 'NONE', #5582 ) ;
#3824 = DIRECTION ( 'NONE',  ( -1.982541115402067600E-014, 0.0000000000000000000, -1.000000000000000000 ) ) ;
#3825 = DIRECTION ( 'NONE',  ( -0.0000000000000000000, 1.000000000000000000, -0.0000000000000000000 ) ) ;
#3826 = LINE ( 'NONE', #2933, #7316 ) ;
#3827 = CARTESIAN_POINT ( 'NONE',  ( -6.624999999999996400, 18.75000000000000000, -2.500000000000000000 ) ) ;
#3828 = CARTESIAN_POINT ( 'NONE',  ( -33.12499999999999300, 21.30000000000000100, -5.000000000000000900 ) ) ;
#3829 = DIRECTION ( 'NONE',  ( 0.0000000000000000000, -1.000000000000000000, 0.0000000000000000000 ) ) ;
#3830 = CARTESIAN_POINT ( 'NONE',  ( 21.79840395607028800, -8.650000000000000400, -1.850000000000000800 ) ) ;
#3831 = VERTEX_POINT ( 'NONE', #2827 ) ;
#3832 = VECTOR ( 'NONE', #4510, 1000.000000000000000 ) ;
#3833 = CIRCLE ( 'NONE', #7708, 6.000000000000000900 ) ;
#3834 = VERTEX_POINT ( 'NONE', #1518 ) ;
#3835 = ORIENTED_EDGE ( 'NONE', *, *, #4781, .F. ) ;
#3836 = AXIS2_PLACEMENT_3D ( 'NONE', #5992, #6709, #1929 ) ;
#3837 = PLANE ( 'NONE',  #3665 ) ;
#3838 = CARTESIAN_POINT ( 'NONE',  ( -31.89999999999999100, 21.30000000000000100, 0.8750000000003334000 ) ) ;
#3839 = EDGE_LOOP ( 'NONE', ( #988, #810, #8507, #8046 ) ) ;
#3840 = VECTOR ( 'NONE', #749, 1000.000000000000000 ) ;
#3841 = DIRECTION ( 'NONE',  ( -0.0000000000000000000, 1.000000000000000000, -0.0000000000000000000 ) ) ;
#3842 = CIRCLE ( 'NONE', #2995, 1.000000000000002700 ) ;
#3843 = DIRECTION ( 'NONE',  ( 0.0000000000000000000, 0.0000000000000000000, -1.000000000000000000 ) ) ;
#3844 = ADVANCED_FACE ( 'NONE', ( #4615 ), #1972, .T. ) ;
#3845 = VECTOR ( 'NONE', #1869, 1000.000000000000000 ) ;
#3846 = CARTESIAN_POINT ( 'NONE',  ( -29.52499999999998800, 21.30000000000000100, 4.599999999999999600 ) ) ;
#3847 = ORIENTED_EDGE ( 'NONE', *, *, #7779, .T. ) ;
#3848 = VERTEX_POINT ( 'NONE', #7606 ) ;
#3849 = CARTESIAN_POINT ( 'NONE',  ( 12.76500000000000600, -1.270000000000000000, 0.0000000000000000000 ) ) ;
#3850 = FACE_OUTER_BOUND ( 'NONE', #4107, .T. ) ;
#3851 = DIRECTION ( 'NONE',  ( 0.0000000000000000000, 0.0000000000000000000, 1.000000000000000000 ) ) ;
#3852 = DIRECTION ( 'NONE',  ( 0.0000000000000000000, 0.0000000000000000000, -1.000000000000000000 ) ) ;
#3853 = EDGE_CURVE ( 'NONE', #5404, #5422, #7172, .T. ) ;
#3854 = FACE_OUTER_BOUND ( 'NONE', #1145, .T. ) ;
#3855 =( NAMED_UNIT ( * ) PLANE_ANGLE_UNIT ( ) SI_UNIT ( $, .RADIAN. ) );
#3856 = VECTOR ( 'NONE', #765, 1000.000000000000000 ) ;
#3857 = CARTESIAN_POINT ( 'NONE',  ( -26.62499999999998900, 16.72320809022047400, -5.999999999999998200 ) ) ;
#3858 = AXIS2_PLACEMENT_3D ( 'NONE', #7532, #34, #5384 ) ;
#3859 = DIRECTION ( 'NONE',  ( 1.000000000000000000, 0.0000000000000000000, -0.0000000000000000000 ) ) ;
#3860 = VECTOR ( 'NONE', #7495, 1000.000000000000000 ) ;
#3861 = CARTESIAN_POINT ( 'NONE',  ( -16.02499999999999100, 0.09999999999999972800, -4.500000000000000900 ) ) ;
#3862 = FACE_BOUND ( 'NONE', #6350, .T. ) ;
#3863 = EDGE_CURVE ( 'NONE', #5056, #3071, #6966, .T. ) ;
#3864 = VERTEX_POINT ( 'NONE', #138 ) ;
#3865 = DIRECTION ( 'NONE',  ( 0.0000000000000000000, -1.000000000000000000, 0.0000000000000000000 ) ) ;
#3866 = DIRECTION ( 'NONE',  ( -1.000000000000000000, 0.0000000000000000000, 8.068481283613054800E-016 ) ) ;
#3867 = DIRECTION ( 'NONE',  ( -1.000000000000000000, 0.0000000000000000000, 0.0000000000000000000 ) ) ;
#3868 = LINE ( 'NONE', #4918, #1313 ) ;
#3869 = FACE_OUTER_BOUND ( 'NONE', #6730, .T. ) ;
#3870 = CARTESIAN_POINT ( 'NONE',  ( -6.624999999999996400, 18.75000000000000000, 2.299999999999999800 ) ) ;
#3871 = CARTESIAN_POINT ( 'NONE',  ( 23.76500000000000400, 27.40000000000000200, 0.0000000000000000000 ) ) ;
#3872 = EDGE_LOOP ( 'NONE', ( #8352, #3716, #4145, #941 ) ) ;
#3873 = EDGE_CURVE ( 'NONE', #1986, #2289, #3357, .T. ) ;
#3874 = CARTESIAN_POINT ( 'NONE',  ( -25.12499999999998900, 18.55000000000000100, -3.499999999999997300 ) ) ;
#3875 =( NAMED_UNIT ( * ) SI_UNIT ( $, .STERADIAN. ) SOLID_ANGLE_UNIT ( ) );
#3876 = LINE ( 'NONE', #3588, #4927 ) ;
#3877 = CARTESIAN_POINT ( 'NONE',  ( 1.275000000000007500, 0.6000000000000000900, -5.899999999999997700 ) ) ;
#3878 = VECTOR ( 'NONE', #8357, 1000.000000000000000 ) ;
#3879 = FILL_AREA_STYLE ('',( #7045 ) ) ;
#3880 = CARTESIAN_POINT ( 'NONE',  ( -9.791025403784438200, 1.500000000000000400, 2.299999999999999800 ) ) ;
#3881 = CARTESIAN_POINT ( 'NONE',  ( 35.17500000000001100, 0.3000000000000016500, -6.700000000000000200 ) ) ;
#3882 = DIRECTION ( 'NONE',  ( 1.000000000000000000, 0.0000000000000000000, 0.0000000000000000000 ) ) ;
#3883 = ADVANCED_FACE ( 'NONE', ( #607 ), #3724, .T. ) ;
#3884 = ORIENTED_EDGE ( 'NONE', *, *, #4822, .T. ) ;
#3885 = EDGE_CURVE ( 'NONE', #5767, #1831, #8555, .T. ) ;
#3886 = FACE_OUTER_BOUND ( 'NONE', #4032, .T. ) ;
#3887 = FACE_OUTER_BOUND ( 'NONE', #2204, .T. ) ;
#3888 = ORIENTED_EDGE ( 'NONE', *, *, #4477, .F. ) ;
#3889 = DIRECTION ( 'NONE',  ( 0.0000000000000000000, 0.0000000000000000000, -1.000000000000000000 ) ) ;
#3890 = VECTOR ( 'NONE', #3687, 1000.000000000000000 ) ;
#3891 = AXIS2_PLACEMENT_3D ( 'NONE', #3586, #8324, #2286 ) ;
#3892 = ADVANCED_FACE ( 'NONE', ( #394, #184 ), #960, .F. ) ;
#3893 = DIRECTION ( 'NONE',  ( 0.0000000000000000000, 0.0000000000000000000, -1.000000000000000000 ) ) ;
#3894 = ORIENTED_EDGE ( 'NONE', *, *, #2091, .T. ) ;
#3895 = DIRECTION ( 'NONE',  ( 0.0000000000000000000, -1.000000000000000000, 0.0000000000000000000 ) ) ;
#3896 = AXIS2_PLACEMENT_3D ( 'NONE', #8059, #8087, #2628 ) ;
#3897 = ORIENTED_EDGE ( 'NONE', *, *, #6177, .T. ) ;
#3898 = ORIENTED_EDGE ( 'NONE', *, *, #382, .F. ) ;
#3899 = DIRECTION ( 'NONE',  ( 1.000000000000000000, 0.0000000000000000000, -8.068481283613052800E-016 ) ) ;
#3900 = VERTEX_POINT ( 'NONE', #5015 ) ;
#3901 = EDGE_CURVE ( 'NONE', #4555, #3538, #5366, .T. ) ;
#3902 = VECTOR ( 'NONE', #8683, 1000.000000000000000 ) ;
#3903 = DIRECTION ( 'NONE',  ( 1.000000000000000000, 0.0000000000000000000, -1.982541115402067900E-014 ) ) ;
#3904 = DIRECTION ( 'NONE',  ( 0.0000000000000000000, 0.0000000000000000000, 1.000000000000000000 ) ) ;
#3905 = SURFACE_STYLE_USAGE ( .BOTH. , #3208 ) ;
#3906 = CARTESIAN_POINT ( 'NONE',  ( -25.12499999999998900, 6.442151305867749800, -5.200000000000001100 ) ) ;
#3907 = AXIS2_PLACEMENT_3D ( 'NONE', #8696, #5246, #8062 ) ;
#3908 = DIRECTION ( 'NONE',  ( -1.000000000000000000, 0.0000000000000000000, 0.0000000000000000000 ) ) ;
#3909 = EDGE_LOOP ( 'NONE', ( #1127, #468, #2621, #3527 ) ) ;
#3910 = LINE ( 'NONE', #5571, #518 ) ;
#3911 = CARTESIAN_POINT ( 'NONE',  ( -29.12499999999998900, 20.89999999999999900, 5.000000000000001800 ) ) ;
#3912 = PLANE ( 'NONE',  #1563 ) ;
#3913 = ORIENTED_EDGE ( 'NONE', *, *, #8124, .F. ) ;
#3914 = DIRECTION ( 'NONE',  ( 0.0000000000000000000, 0.0000000000000000000, -1.000000000000000000 ) ) ;
#3915 = EDGE_CURVE ( 'NONE', #7602, #4466, #7712, .T. ) ;
#3916 = ORIENTED_EDGE ( 'NONE', *, *, #4843, .F. ) ;
#3917 = ORIENTED_EDGE ( 'NONE', *, *, #1769, .T. ) ;
#3918 = FACE_OUTER_BOUND ( 'NONE', #5901, .T. ) ;
#3919 = EDGE_LOOP ( 'NONE', ( #2306, #1754, #5386, #4886 ) ) ;
#3920 = AXIS2_PLACEMENT_3D ( 'NONE', #6462, #5121, #2390 ) ;
#3921 = DIRECTION ( 'NONE',  ( 0.0000000000000000000, 0.0000000000000000000, -1.000000000000000000 ) ) ;
#3922 = CARTESIAN_POINT ( 'NONE',  ( 32.67500000000000400, 18.55000000000000100, -9.499999999999998200 ) ) ;
#3923 = VERTEX_POINT ( 'NONE', #8737 ) ;
#3924 = VERTEX_POINT ( 'NONE', #5964 ) ;
#3925 = CARTESIAN_POINT ( 'NONE',  ( 35.17500000000001100, 7.474999999999998800, 6.700000000000000200 ) ) ;
#3926 = ORIENTED_EDGE ( 'NONE', *, *, #673, .F. ) ;
#3927 = EDGE_CURVE ( 'NONE', #626, #3579, #5158, .T. ) ;
#3928 = LINE ( 'NONE', #3530, #3395 ) ;
#3929 = ADVANCED_FACE ( 'NONE', ( #8348 ), #4132, .T. ) ;
#3930 = ORIENTED_EDGE ( 'NONE', *, *, #796, .F. ) ;
#3931 = CLOSED_SHELL ( 'NONE', ( #2720, #3707, #335, #2810, #2052, #4705 ) ) ;
#3932 = ORIENTED_EDGE ( 'NONE', *, *, #1340, .T. ) ;
#3933 = CARTESIAN_POINT ( 'NONE',  ( -6.624999999999996400, -1.570000000000000100, 2.299999999999999800 ) ) ;
#3934 = DIRECTION ( 'NONE',  ( 0.9659258262890688700, 0.0000000000000000000, 0.2588190451025185700 ) ) ;
#3935 = ORIENTED_EDGE ( 'NONE', *, *, #6769, .F. ) ;
#3936 = EDGE_CURVE ( 'NONE', #294, #2427, #5894, .T. ) ;
#3937 = FILL_AREA_STYLE ('',( #1202 ) ) ;
#3938 = ORIENTED_EDGE ( 'NONE', *, *, #3507, .T. ) ;
#3939 = PLANE ( 'NONE',  #7057 ) ;
#3940 = VERTEX_POINT ( 'NONE', #3233 ) ;
#3941 = VECTOR ( 'NONE', #3307, 1000.000000000000000 ) ;
#3942 =( NAMED_UNIT ( * ) PLANE_ANGLE_UNIT ( ) SI_UNIT ( $, .RADIAN. ) );
#3943 = DIRECTION ( 'NONE',  ( -0.0000000000000000000, -1.000000000000000000, 2.125886612716674300E-017 ) ) ;
#3944 = DIRECTION ( 'NONE',  ( 0.0000000000000000000, 0.0000000000000000000, 1.000000000000000000 ) ) ;
#3945 = VECTOR ( 'NONE', #8628, 1000.000000000000000 ) ;
#3946 = AXIS2_PLACEMENT_3D ( 'NONE', #7160, #3101, #7790 ) ;
#3947 = ORIENTED_EDGE ( 'NONE', *, *, #2414, .F. ) ;
#3948 = FACE_OUTER_BOUND ( 'NONE', #3173, .T. ) ;
#3949 = EDGE_CURVE ( 'NONE', #8547, #8604, #7605, .T. ) ;
#3950 = DIRECTION ( 'NONE',  ( 0.0000000000000000000, 0.0000000000000000000, 1.000000000000000000 ) ) ;
#3951 = DIRECTION ( 'NONE',  ( -1.000000000000000000, 0.0000000000000000000, -0.0000000000000000000 ) ) ;
#3952 = CARTESIAN_POINT ( 'NONE',  ( 1.275000000000007500, 0.6000000000000000900, -4.824999999999999300 ) ) ;
#3953 = CIRCLE ( 'NONE', #8159, 4.200000000000002000 ) ;
#3954 = DIRECTION ( 'NONE',  ( 0.0000000000000000000, 0.0000000000000000000, -1.000000000000000000 ) ) ;
#3955 = EDGE_CURVE ( 'NONE', #2875, #1831, #4101, .T. ) ;
#3956 = DIRECTION ( 'NONE',  ( 0.0000000000000000000, 0.0000000000000000000, -1.000000000000000000 ) ) ;
#3957 = ORIENTED_EDGE ( 'NONE', *, *, #2248, .T. ) ;
#3958 = ORIENTED_EDGE ( 'NONE', *, *, #7701, .T. ) ;
#3959 = ORIENTED_EDGE ( 'NONE', *, *, #4614, .T. ) ;
#3960 = LINE ( 'NONE', #4607, #4263 ) ;
#3961 = AXIS2_PLACEMENT_3D ( 'NONE', #173, #237, #4313 ) ;
#3962 = PLANE ( 'NONE',  #7319 ) ;
#3963 = AXIS2_PLACEMENT_3D ( 'NONE', #7711, #7739, #6247 ) ;
#3964 = VECTOR ( 'NONE', #6566, 1000.000000000000000 ) ;
#3965 = CARTESIAN_POINT ( 'NONE',  ( -29.12499999999998900, 20.89999999999999900, -5.000000000000000900 ) ) ;
#3966 = CARTESIAN_POINT ( 'NONE',  ( -16.02499999999999100, 1.099999999999999900, 2.499999999999999600 ) ) ;
#3967 = FACE_OUTER_BOUND ( 'NONE', #1739, .T. ) ;
#3968 = CARTESIAN_POINT ( 'NONE',  ( 35.67500000000001100, 10.77500000000000000, 2.508392021690040600 ) ) ;
#3969 = ORIENTED_EDGE ( 'NONE', *, *, #183, .T. ) ;
#3970 = EDGE_CURVE ( 'NONE', #1831, #8158, #8023, .T. ) ;
#3971 = DIRECTION ( 'NONE',  ( 1.000000000000000000, -0.0000000000000000000, -1.204669080539454300E-016 ) ) ;
#3972 = LINE ( 'NONE', #3294, #3436 ) ;
#3973 = DIRECTION ( 'NONE',  ( 1.000000000000000000, -0.0000000000000000000, -0.0000000000000000000 ) ) ;
#3974 = ADVANCED_FACE ( 'NONE', ( #3578 ), #6532, .F. ) ;
#3975 = DIRECTION ( 'NONE',  ( -0.0000000000000000000, -0.0000000000000000000, 1.000000000000000000 ) ) ;
#3976 = CIRCLE ( 'NONE', #4666, 0.2999999999999999300 ) ;
#3977 = LINE ( 'NONE', #3360, #5126 ) ;
#3978 = DIRECTION ( 'NONE',  ( 0.0000000000000000000, -0.0000000000000000000, -1.000000000000000000 ) ) ;
#3979 = EDGE_CURVE ( 'NONE', #2968, #4534, #7394, .T. ) ;
#3980 = LINE ( 'NONE', #6536, #6088 ) ;
#3981 = DIRECTION ( 'NONE',  ( -0.0000000000000000000, -1.000000000000000000, -0.0000000000000000000 ) ) ;
#3983 = ADVANCED_FACE ( 'NONE', ( #1333 ), #7629, .F. ) ;
#3982 = DIRECTION ( 'NONE',  ( 0.0000000000000000000, 0.0000000000000000000, -1.000000000000000000 ) ) ;
#3984 = CARTESIAN_POINT ( 'NONE',  ( 16.61500000000000600, 0.6999999999999999600, -8.749999999999998200 ) ) ;
#3985 = DIRECTION ( 'NONE',  ( -1.982541115402067900E-014, 0.0000000000000000000, -1.000000000000000000 ) ) ;
#3986 = DIRECTION ( 'NONE',  ( -0.0000000000000000000, -1.000000000000000000, -0.0000000000000000000 ) ) ;
#3987 = ORIENTED_EDGE ( 'NONE', *, *, #6744, .T. ) ;
#3988 = LINE ( 'NONE', #2987, #3232 ) ;
#3989 = CARTESIAN_POINT ( 'NONE',  ( 30.67500000000000800, 18.75000000000000000, 6.700000000000000200 ) ) ;
#3990 = CYLINDRICAL_SURFACE ( 'NONE', #6429, 9.599999999999999600 ) ;
#3991 = ORIENTED_EDGE ( 'NONE', *, *, #4612, .F. ) ;
#3992 = EDGE_CURVE ( 'NONE', #8789, #3940, #6217, .T. ) ;
#3993 = CARTESIAN_POINT ( 'NONE',  ( -8.924999999999997200, 20.30358983848622900, 2.299999999999999800 ) ) ;
#3994 = DIRECTION ( 'NONE',  ( 0.0000000000000000000, 0.0000000000000000000, -1.000000000000000000 ) ) ;
#3995 = DIRECTION ( 'NONE',  ( -0.0000000000000000000, -1.000000000000000000, -0.0000000000000000000 ) ) ;
#3996 = CIRCLE ( 'NONE', #4819, 1.900000000000000600 ) ;
#3997 = ORIENTED_EDGE ( 'NONE', *, *, #853, .T. ) ;
#3998 = DIRECTION ( 'NONE',  ( 1.000000000000000000, 0.0000000000000000000, -9.912705577010238600E-015 ) ) ;
#3999 = CARTESIAN_POINT ( 'NONE',  ( 16.61500000000000600, 0.0000000000000000000, -10.75000000000000200 ) ) ;
#4000 = CARTESIAN_POINT ( 'NONE',  ( -8.924999999999997200, 21.82000000000000700, 2.299999999999999800 ) ) ;
#4001 = DIRECTION ( 'NONE',  ( 0.0000000000000000000, 1.000000000000000000, 0.0000000000000000000 ) ) ;
#4002 = VERTEX_POINT ( 'NONE', #2135 ) ;
#4003 = VECTOR ( 'NONE', #5344, 1000.000000000000000 ) ;
#4004 = ORIENTED_EDGE ( 'NONE', *, *, #1080, .F. ) ;
#4005 = CARTESIAN_POINT ( 'NONE',  ( 23.76500000000000400, 27.40000000000000200, 1.250000000000001100 ) ) ;
#4006 = ORIENTED_EDGE ( 'NONE', *, *, #6427, .F. ) ;
#4007 = CARTESIAN_POINT ( 'NONE',  ( -0.8249999999999924100, 18.75000000000000000, 11.19999999999999900 ) ) ;
#4008 = DIRECTION ( 'NONE',  ( 0.0000000000000000000, 0.0000000000000000000, 1.000000000000000000 ) ) ;
#4009 = VERTEX_POINT ( 'NONE', #5515 ) ;
#4010 = FACE_OUTER_BOUND ( 'NONE', #5914, .T. ) ;
#4011 = DIRECTION ( 'NONE',  ( -0.0000000000000000000, -1.000000000000000000, -0.0000000000000000000 ) ) ;
#4012 = AXIS2_PLACEMENT_3D ( 'NONE', #6756, #4637, #3954 ) ;
#4013 = ORIENTED_EDGE ( 'NONE', *, *, #6939, .F. ) ;
#4014 = ADVANCED_FACE ( 'NONE', ( #4720 ), #2937, .F. ) ;
#4015 = EDGE_CURVE ( 'NONE', #6121, #8473, #5685, .T. ) ;
#4016 = DIRECTION ( 'NONE',  ( -0.0000000000000000000, -1.000000000000000000, 2.125886612716674300E-017 ) ) ;
#4017 = CLOSED_SHELL ( 'NONE', ( #5438, #4154, #3532, #410, #5306, #5336, #7070, #937, #461, #5509, #7576, #4280, #1517, #8774, #3398, #7439, #3247, #1259, #987 ) ) ;
#4018 = VECTOR ( 'NONE', #2389, 1000.000000000000000 ) ;
#4019 = CARTESIAN_POINT ( 'NONE',  ( -34.12499999999998600, 0.1000000000000002600, 5.200000000000001100 ) ) ;
#4020 = AXIS2_PLACEMENT_3D ( 'NONE', #2595, #3973, #1296 ) ;
#4021 = ORIENTED_EDGE ( 'NONE', *, *, #2308, .T. ) ;
#4022 = VERTEX_POINT ( 'NONE', #5668 ) ;
#4023 = ADVANCED_FACE ( 'NONE', ( #8126 ), #1448, .T. ) ;
#4024 = ORIENTED_EDGE ( 'NONE', *, *, #7866, .T. ) ;
#4025 = CARTESIAN_POINT ( 'NONE',  ( 0.0000000000000000000, 0.0000000000000000000, 0.0000000000000000000 ) ) ;
#4026 = VECTOR ( 'NONE', #28, 1000.000000000000000 ) ;
#4027 = DIRECTION ( 'NONE',  ( 0.5000000000000010000, -0.8660254037844380400, 0.0000000000000000000 ) ) ;
#4028 = CARTESIAN_POINT ( 'NONE',  ( -25.12499999999998900, 18.55000000000000100, 3.499999999999997300 ) ) ;
#4029 = EDGE_CURVE ( 'NONE', #769, #5450, #2717, .T. ) ;
#4030 = ORIENTED_EDGE ( 'NONE', *, *, #7291, .F. ) ;
#4031 = ORIENTED_EDGE ( 'NONE', *, *, #7941, .F. ) ;
#4032 = EDGE_LOOP ( 'NONE', ( #4223, #8238, #5393, #6637 ) ) ;
#4033 = VERTEX_POINT ( 'NONE', #8451 ) ;
#4034 = EDGE_LOOP ( 'NONE', ( #719, #1063, #5688, #3504 ) ) ;
#4035 = FACE_OUTER_BOUND ( 'NONE', #488, .T. ) ;
#4036 = AXIS2_PLACEMENT_3D ( 'NONE', #8669, #7955, #6671 ) ;
#4037 = DIRECTION ( 'NONE',  ( 0.0000000000000000000, 0.0000000000000000000, -1.000000000000000000 ) ) ;
#4038 = DIRECTION ( 'NONE',  ( 0.0000000000000000000, 0.0000000000000000000, -1.000000000000000000 ) ) ;
#4039 = ORIENTED_EDGE ( 'NONE', *, *, #2838, .T. ) ;
#4040 = ORIENTED_EDGE ( 'NONE', *, *, #8678, .T. ) ;
#4042 = UNCERTAINTY_MEASURE_WITH_UNIT (LENGTH_MEASURE( 1.000000000000000100E-005 ), #6144, 'distance_accuracy_value', 'NONE');
#4041 = LINE ( 'NONE', #3881, #3832 ) ;
#4043 = FACE_BOUND ( 'NONE', #1630, .T. ) ;
#4044 = ORIENTED_EDGE ( 'NONE', *, *, #1252, .T. ) ;
#4045 = EDGE_CURVE ( 'NONE', #6906, #4871, #1024, .T. ) ;
#4046 = ORIENTED_EDGE ( 'NONE', *, *, #1515, .F. ) ;
#4047 = COLOUR_RGB ( '',0.7921568627450980000, 0.8196078431372548800, 0.9333333333333333500 ) ;
#4048 = ORIENTED_EDGE ( 'NONE', *, *, #3069, .T. ) ;
#4049 = DIRECTION ( 'NONE',  ( -0.0000000000000000000, -1.000000000000000000, -0.0000000000000000000 ) ) ;
#4050 = FACE_OUTER_BOUND ( 'NONE', #7343, .T. ) ;
#4051 = FACE_OUTER_BOUND ( 'NONE', #8493, .T. ) ;
#4052 = CARTESIAN_POINT ( 'NONE',  ( 35.38513732153781200, 10.86121332341412700, -2.637483635857618100 ) ) ;
#4053 = EDGE_CURVE ( 'NONE', #6014, #5544, #1125, .T. ) ;
#4054 = DIRECTION ( 'NONE',  ( -0.0000000000000000000, 1.000000000000000000, -0.0000000000000000000 ) ) ;
#4055 = CARTESIAN_POINT ( 'NONE',  ( -34.12499999999998600, 20.10662966309981300, -6.000000000000000900 ) ) ;
#4056 = FACE_OUTER_BOUND ( 'NONE', #2535, .T. ) ;
#4057 = CARTESIAN_POINT ( 'NONE',  ( 23.76500000000000400, -0.2999999999999999900, -3.500000000000000000 ) ) ;
#4058 = ORIENTED_EDGE ( 'NONE', *, *, #4483, .F. ) ;
#4059 = SPHERICAL_SURFACE ( 'NONE', #1383, 0.2000000000000000100 ) ;
#4060 = FILL_AREA_STYLE ('',( #8019 ) ) ;
#4061 = CARTESIAN_POINT ( 'NONE',  ( -21.52499999999998800, 1.099999999999999900, -3.500000000000000000 ) ) ;
#4062 = ADVANCED_FACE ( 'NONE', ( #2073 ), #984, .F. ) ;
#4063 = DIRECTION ( 'NONE',  ( -0.0000000000000000000, -1.000000000000000000, -0.0000000000000000000 ) ) ;
#4064 = CARTESIAN_POINT ( 'NONE',  ( 32.67500000000000400, 18.75000000000000000, 7.500000000000002700 ) ) ;
#4065 = LINE ( 'NONE', #4028, #6382 ) ;
#4066 = EDGE_CURVE ( 'NONE', #3251, #1293, #5356, .T. ) ;
#4067 = CYLINDRICAL_SURFACE ( 'NONE', #8545, 2.700000000000001100 ) ;
#4068 = EDGE_CURVE ( 'NONE', #848, #6295, #5040, .T. ) ;
#4069 = CARTESIAN_POINT ( 'NONE',  ( 1.275000000000007500, 0.6000000000000000900, 5.899999999999997700 ) ) ;
#4070 = DIRECTION ( 'NONE',  ( 0.0000000000000000000, 0.0000000000000000000, -1.000000000000000000 ) ) ;
#4071 = EDGE_CURVE ( 'NONE', #2968, #7393, #8339, .T. ) ;
#4072 = CARTESIAN_POINT ( 'NONE',  ( -8.724999999999996100, 20.30358983848622900, -2.300000000000000300 ) ) ;
#4073 = CARTESIAN_POINT ( 'NONE',  ( -8.724999999999996100, -1.570000000000000100, -2.500000000000000000 ) ) ;
#4074 = LINE ( 'NONE', #5883, #354 ) ;
#4075 = LINE ( 'NONE', #403, #7682 ) ;
#4076 = PRESENTATION_LAYER_ASSIGNMENT (  '', '', ( #1172 ) ) ;
#4077 = FILL_AREA_STYLE ('',( #8036 ) ) ;
#4078 = AXIS2_PLACEMENT_3D ( 'NONE', #1335, #6170, #2763 ) ;
#4079 = CARTESIAN_POINT ( 'NONE',  ( -9.791025403784438200, 18.75000000000000400, 2.299999999999999800 ) ) ;
#4080 = CARTESIAN_POINT ( 'NONE',  ( 30.67500000000000800, 18.44999999999999900, -10.90000000000000400 ) ) ;
#4081 = DIRECTION ( 'NONE',  ( 0.0000000000000000000, 0.0000000000000000000, -1.000000000000000000 ) ) ;
#4082 = VECTOR ( 'NONE', #8533, 1000.000000000000000 ) ;
#4083 = CARTESIAN_POINT ( 'NONE',  ( 23.76500000000000400, -1.000000000000000000, 0.0000000000000000000 ) ) ;
#4084 = LINE ( 'NONE', #4511, #889 ) ;
#4085 = EDGE_CURVE ( 'NONE', #3251, #8206, #3565, .T. ) ;
#4086 = EDGE_LOOP ( 'NONE', ( #3947, #5716, #6033, #2220 ) ) ;
#4087 = DIRECTION ( 'NONE',  ( -1.000000000000000000, 0.0000000000000000000, -0.0000000000000000000 ) ) ;
#4088 = DIRECTION ( 'NONE',  ( 1.000000000000000000, -0.0000000000000000000, 0.0000000000000000000 ) ) ;
#4089 = UNCERTAINTY_MEASURE_WITH_UNIT (LENGTH_MEASURE( 1.000000000000000100E-005 ), #7963, 'distance_accuracy_value', 'NONE');
#4090 = VECTOR ( 'NONE', #4726, 1000.000000000000000 ) ;
#4091 = CARTESIAN_POINT ( 'NONE',  ( 1.875000000000007500, 0.2000000000000000100, -6.499999999999999100 ) ) ;
#4092 = EDGE_CURVE ( 'NONE', #3696, #3346, #4712, .T. ) ;
#4093 = CIRCLE ( 'NONE', #679, 0.9999999999999995600 ) ;
#4094 = DIRECTION ( 'NONE',  ( -1.982541115402066300E-014, 0.0000000000000000000, -1.000000000000000000 ) ) ;
#4095 = CARTESIAN_POINT ( 'NONE',  ( 0.0000000000000000000, 25.30000000000000100, 0.0000000000000000000 ) ) ;
#4096 = VECTOR ( 'NONE', #3030, 1000.000000000000000 ) ;
#4097 = ORIENTED_EDGE ( 'NONE', *, *, #2147, .F. ) ;
#4098 = ORIENTED_EDGE ( 'NONE', *, *, #3250, .F. ) ;
#4099 = ADVANCED_FACE ( 'NONE', ( #6850 ), #486, .T. ) ;
#4100 = CARTESIAN_POINT ( 'NONE',  ( -8.924999999999997200, 22.02000000000000300, -2.300000000000000300 ) ) ;
#4101 = LINE ( 'NONE', #7365, #7497 ) ;
#4102 = EDGE_CURVE ( 'NONE', #3621, #7541, #2927, .T. ) ;
#4103 = CARTESIAN_POINT ( 'NONE',  ( 35.21138127703675700, 11.04929025618900000, -2.853049824449517500 ) ) ;
#4104 = VERTEX_POINT ( 'NONE', #2459 ) ;
#4105 = CARTESIAN_POINT ( 'NONE',  ( 23.76500000000000400, 26.39999999999999900, 0.0000000000000000000 ) ) ;
#4106 = DIRECTION ( 'NONE',  ( 0.0000000000000000000, 0.0000000000000000000, -1.000000000000000000 ) ) ;
#4107 = EDGE_LOOP ( 'NONE', ( #8777, #6335, #3991, #8717 ) ) ;
#4108 = ADVANCED_FACE ( 'NONE', ( #4409 ), #1073, .T. ) ;
#4109 = EDGE_LOOP ( 'NONE', ( #3165, #7626, #5035, #2547, #7104, #6202, #3365, #2062 ) ) ;
#4110 = LINE ( 'NONE', #5187, #1130 ) ;
#4111 = VERTEX_POINT ( 'NONE', #7266 ) ;
#4112 = CARTESIAN_POINT ( 'NONE',  ( -29.52499999999998800, 25.89999999999999900, 4.599999999999999600 ) ) ;
#4113 = CARTESIAN_POINT ( 'NONE',  ( -17.32499999999998500, 28.80000000000000100, -4.500000000000000000 ) ) ;
#4114 = CARTESIAN_POINT ( 'NONE',  ( 1.575000000000007100, 0.1999999999999999800, -7.800000000000000700 ) ) ;
#4115 = ORIENTED_EDGE ( 'NONE', *, *, #8750, .F. ) ;
#4116 = CIRCLE ( 'NONE', #619, 1.000000000000000400 ) ;
#4117 = CARTESIAN_POINT ( 'NONE',  ( 23.76500000000000400, 0.2000000000000000100, 0.0000000000000000000 ) ) ;
#4118 = AXIS2_PLACEMENT_3D ( 'NONE', #1431, #7465, #4751 ) ;
#4119 = VERTEX_POINT ( 'NONE', #2516 ) ;
#4120 = DIRECTION ( 'NONE',  ( -0.0000000000000000000, -0.0000000000000000000, 1.000000000000000000 ) ) ;
#4121 = PRODUCT ( 'ROB-16413', 'ROB-16413', '', ( #5491 ) ) ;
#4122 = CARTESIAN_POINT ( 'NONE',  ( -8.724999999999996100, 21.82000000000000700, -2.300000000000000300 ) ) ;
#4123 = AXIS2_PLACEMENT_3D ( 'NONE', #6870, #6131, #4889 ) ;
#4124 = VERTEX_POINT ( 'NONE', #455 ) ;
#4125 = FACE_OUTER_BOUND ( 'NONE', #3066, .T. ) ;
#4126 = ORIENTED_EDGE ( 'NONE', *, *, #2147, .T. ) ;
#4127 = FILL_AREA_STYLE ('',( #4160 ) ) ;
#4128 = EDGE_CURVE ( 'NONE', #7644, #3831, #3996, .T. ) ;
#4129 = ORIENTED_EDGE ( 'NONE', *, *, #5339, .F. ) ;
#4130 = ORIENTED_EDGE ( 'NONE', *, *, #2089, .F. ) ;
#4131 = CARTESIAN_POINT ( 'NONE',  ( -21.52499999999998800, 1.099999999999999900, -4.500000000000000900 ) ) ;
#4132 = PLANE ( 'NONE',  #6296 ) ;
#4133 = ORIENTED_EDGE ( 'NONE', *, *, #7716, .F. ) ;
#4134 = CARTESIAN_POINT ( 'NONE',  ( 35.17500000000001100, 0.3000000000000016500, 6.700000000000000200 ) ) ;
#4135 = VERTEX_POINT ( 'NONE', #5860 ) ;
#4136 = AXIS2_PLACEMENT_3D ( 'NONE', #4723, #4794, #5354 ) ;
#4137 = CYLINDRICAL_SURFACE ( 'NONE', #5546, 1.539999999999999600 ) ;
#4138 = AXIS2_PLACEMENT_3D ( 'NONE', #359, #5740, #1666 ) ;
#4139 = ORIENTED_EDGE ( 'NONE', *, *, #7444, .T. ) ;
#4140 = VERTEX_POINT ( 'NONE', #2488 ) ;
#4141 = SURFACE_SIDE_STYLE ('',( #6460 ) ) ;
#4142 = EDGE_LOOP ( 'NONE', ( #3126, #1267, #5618, #4974 ) ) ;
#4143 = DIRECTION ( 'NONE',  ( -0.0000000000000000000, -0.0000000000000000000, 1.000000000000000000 ) ) ;
#4144 = ADVANCED_FACE ( 'NONE', ( #8661 ), #1738, .F. ) ;
#4145 = ORIENTED_EDGE ( 'NONE', *, *, #2238, .F. ) ;
#4146 = EDGE_CURVE ( 'NONE', #6797, #6262, #1745, .T. ) ;
#4147 = CARTESIAN_POINT ( 'NONE',  ( 0.2000000000000070300, 0.6000000000000000900, -6.499999999999998200 ) ) ;
#4148 = ORIENTED_EDGE ( 'NONE', *, *, #7044, .T. ) ;
#4149 = FACE_OUTER_BOUND ( 'NONE', #6025, .T. ) ;
#4150 = VECTOR ( 'NONE', #3934, 1000.000000000000100 ) ;
#4151 = ORIENTED_EDGE ( 'NONE', *, *, #2677, .T. ) ;
#4152 = CARTESIAN_POINT ( 'NONE',  ( -31.89999999999997700, 25.30000000000000100, 2.275000000000333400 ) ) ;
#4154 = ADVANCED_FACE ( 'NONE', ( #4831 ), #1015, .T. ) ;
#4153 = DIRECTION ( 'NONE',  ( 1.982541115402067600E-014, -0.0000000000000000000, 1.000000000000000000 ) ) ;
#4155 = FACE_OUTER_BOUND ( 'NONE', #7155, .T. ) ;
#4156 = DIRECTION ( 'NONE',  ( 0.0000000000000000000, 0.0000000000000000000, -1.000000000000000000 ) ) ;
#4157 = VERTEX_POINT ( 'NONE', #1861 ) ;
#4158 = ORIENTED_EDGE ( 'NONE', *, *, #4240, .F. ) ;
#4159 = EDGE_CURVE ( 'NONE', #4119, #8789, #3461, .T. ) ;
#4160 = FILL_AREA_STYLE_COLOUR ( '', #857 ) ;
#4161 = DIRECTION ( 'NONE',  ( 0.0000000000000000000, -1.000000000000000000, 0.0000000000000000000 ) ) ;
#4162 = LINE ( 'NONE', #5771, #447 ) ;
#4163 = CARTESIAN_POINT ( 'NONE',  ( -31.89999999999995600, 25.30000000000000100, 3.675000000000333800 ) ) ;
#4164 = DIRECTION ( 'NONE',  ( 0.0000000000000000000, 0.0000000000000000000, -1.000000000000000000 ) ) ;
#4165 = CARTESIAN_POINT ( 'NONE',  ( 23.76500000000000400, 27.40000000000000200, 0.0000000000000000000 ) ) ;
#4166 = VERTEX_POINT ( 'NONE', #7288 ) ;
#4167 = ORIENTED_EDGE ( 'NONE', *, *, #4469, .F. ) ;
#4168 = DIRECTION ( 'NONE',  ( 0.0000000000000000000, -1.000000000000000000, 0.0000000000000000000 ) ) ;
#4169 = VECTOR ( 'NONE', #7209, 1000.000000000000000 ) ;
#4170 = CARTESIAN_POINT ( 'NONE',  ( 23.76500000000000400, 26.39999999999999900, 0.0000000000000000000 ) ) ;
#4171 = AXIS2_PLACEMENT_3D ( 'NONE', #5723, #3719, #1650 ) ;
#4172 = LINE ( 'NONE', #2742, #2351 ) ;
#4173 = PLANE ( 'NONE',  #608 ) ;
#4174 = VECTOR ( 'NONE', #6808, 1000.000000000000000 ) ;
#4175 = CARTESIAN_POINT ( 'NONE',  ( -31.90000000000000600, 25.30000000000000100, -0.5249999999996664000 ) ) ;
#4176 = VERTEX_POINT ( 'NONE', #3922 ) ;
#4177 = DIRECTION ( 'NONE',  ( 0.0000000000000000000, 0.0000000000000000000, -1.000000000000000000 ) ) ;
#4178 = AXIS2_PLACEMENT_3D ( 'NONE', #8245, #2879, #3627 ) ;
#4179 = CIRCLE ( 'NONE', #6724, 0.2000000000000005100 ) ;
#4180 = FACE_OUTER_BOUND ( 'NONE', #17, .T. ) ;
#4181 = DIRECTION ( 'NONE',  ( 0.5000000000000007800, 0.8660254037844381500, -0.0000000000000000000 ) ) ;
#4182 = CARTESIAN_POINT ( 'NONE',  ( -6.624999999999996400, -1.570000000000000100, 2.299999999999999800 ) ) ;
#4183 = DIRECTION ( 'NONE',  ( -0.0000000000000000000, 1.000000000000000000, 0.0000000000000000000 ) ) ;
#4184 = EDGE_CURVE ( 'NONE', #422, #6479, #5995, .T. ) ;
#4185 = ADVANCED_FACE ( 'NONE', ( #6736 ), #1640, .F. ) ;
#4186 = CIRCLE ( 'NONE', #4178, 1.250000000000001100 ) ;
#4187 = AXIS2_PLACEMENT_3D ( 'NONE', #2515, #5922, #1190 ) ;
#4188 = CARTESIAN_POINT ( 'NONE',  ( -21.52499999999998800, 0.09999999999999972800, -4.500000000000000900 ) ) ;
#4189 = LINE ( 'NONE', #8751, #2915 ) ;
#4190 = CARTESIAN_POINT ( 'NONE',  ( 32.67500000000000400, 18.55000000000000100, -7.500000000000002700 ) ) ;
#4191 = AXIS2_PLACEMENT_3D ( 'NONE', #3775, #342, #310 ) ;
#4192 = CARTESIAN_POINT ( 'NONE',  ( 1.575000000000008800, 0.6999999999999999600, -6.200000000000000200 ) ) ;
#4193 = DIRECTION ( 'NONE',  ( 0.0000000000000000000, 0.0000000000000000000, -1.000000000000000000 ) ) ;
#4194 = DIRECTION ( 'NONE',  ( -0.0000000000000000000, 1.000000000000000000, -0.0000000000000000000 ) ) ;
#4195 = VERTEX_POINT ( 'NONE', #5593 ) ;
#4196 = EDGE_CURVE ( 'NONE', #4262, #5048, #3034, .T. ) ;
#4197 = VECTOR ( 'NONE', #201, 1000.000000000000000 ) ;
#4198 = ADVANCED_FACE ( 'NONE', ( #3240 ), #1862, .F. ) ;
#4199 = LINE ( 'NONE', #3139, #3675 ) ;
#4200 = DIRECTION ( 'NONE',  ( -0.0000000000000000000, -1.000000000000000000, 0.0000000000000000000 ) ) ;
#4201 = VECTOR ( 'NONE', #8415, 1000.000000000000000 ) ;
#4202 = CARTESIAN_POINT ( 'NONE',  ( -13.82499999999999400, 20.15000000000000200, -5.200000000000001100 ) ) ;
#4203 = EDGE_LOOP ( 'NONE', ( #6790, #6362, #7204, #8334, #1332, #8267, #1163 ) ) ;
#4204 = EDGE_CURVE ( 'NONE', #8473, #1766, #8769, .T. ) ;
#4205 = ORIENTED_EDGE ( 'NONE', *, *, #3057, .F. ) ;
#4206 = VERTEX_POINT ( 'NONE', #333 ) ;
#4207 = FACE_OUTER_BOUND ( 'NONE', #6048, .T. ) ;
#4208 = DIRECTION ( 'NONE',  ( -1.000000000000000000, 0.0000000000000000000, 0.0000000000000000000 ) ) ;
#4209 = ORIENTED_EDGE ( 'NONE', *, *, #5332, .F. ) ;
#4210 = CARTESIAN_POINT ( 'NONE',  ( 1.575000000000007500, 0.6999999999999999600, 8.349999999999999600 ) ) ;
#4211 = VERTEX_POINT ( 'NONE', #7657 ) ;
#4212 = VECTOR ( 'NONE', #8366, 1000.000000000000000 ) ;
#4213 = DIRECTION ( 'NONE',  ( -1.000000000000000000, -0.0000000000000000000, 9.912705577010238600E-015 ) ) ;
#4214 = ORIENTED_EDGE ( 'NONE', *, *, #1589, .T. ) ;
#4215 = DIRECTION ( 'NONE',  ( -1.000000000000000000, -0.0000000000000000000, -0.0000000000000000000 ) ) ;
#4216 = AXIS2_PLACEMENT_3D ( 'NONE', #8139, #2744, #6818 ) ;
#4217 = EDGE_LOOP ( 'NONE', ( #1337, #3897, #5937, #7745, #5149, #7337 ) ) ;
#4218 = DIRECTION ( 'NONE',  ( 1.000000000000000000, 0.0000000000000000000, -9.912705577010238600E-015 ) ) ;
#4219 = ADVANCED_FACE ( 'NONE', ( #1325 ), #7131, .F. ) ;
#4220 = DIRECTION ( 'NONE',  ( -1.982541115402067600E-014, 0.0000000000000000000, -1.000000000000000000 ) ) ;
#4221 = ORIENTED_EDGE ( 'NONE', *, *, #5012, .F. ) ;
#4222 = CARTESIAN_POINT ( 'NONE',  ( 0.0000000000000000000, 21.30000000000000100, 0.0000000000000000000 ) ) ;
#4223 = ORIENTED_EDGE ( 'NONE', *, *, #5765, .T. ) ;
#4224 = EDGE_CURVE ( 'NONE', #1005, #4411, #2604, .T. ) ;
#4225 = ORIENTED_EDGE ( 'NONE', *, *, #3252, .F. ) ;
#4226 = LINE ( 'NONE', #1546, #2639 ) ;
#4227 = CARTESIAN_POINT ( 'NONE',  ( 1.575000000000009100, 0.0000000000000000000, -4.049999999999999800 ) ) ;
#4228 = AXIS2_PLACEMENT_3D ( 'NONE', #3006, #4982, #7719 ) ;
#4229 = VERTEX_POINT ( 'NONE', #7812 ) ;
#4231 = ADVANCED_FACE ( 'NONE', ( #69 ), #2385, .T. ) ;
#4230 = PLANE ( 'NONE',  #7747 ) ;
#4232 = ORIENTED_EDGE ( 'NONE', *, *, #2640, .F. ) ;
#4233 = DIRECTION ( 'NONE',  ( 0.0000000000000000000, 0.0000000000000000000, 1.000000000000000000 ) ) ;
#4234 = ORIENTED_EDGE ( 'NONE', *, *, #8232, .T. ) ;
#4235 = EDGE_LOOP ( 'NONE', ( #8171, #2000, #426, #7986 ) ) ;
#4236 = AXIS2_PLACEMENT_3D ( 'NONE', #7226, #7877, #2448 ) ;
#4237 = ORIENTED_EDGE ( 'NONE', *, *, #3318, .F. ) ;
#4238 = ORIENTED_EDGE ( 'NONE', *, *, #4458, .T. ) ;
#4239 = CARTESIAN_POINT ( 'NONE',  ( 34.87500000000000700, 18.44999999999999900, -6.700000000000000200 ) ) ;
#4240 = EDGE_CURVE ( 'NONE', #6649, #12, #386, .T. ) ;
#4241 = CARTESIAN_POINT ( 'NONE',  ( -26.62499999999998900, 18.55000000000000100, 3.199999999999998000 ) ) ;
#4242 = ORIENTED_EDGE ( 'NONE', *, *, #4204, .T. ) ;
#4243 = ORIENTED_EDGE ( 'NONE', *, *, #7562, .T. ) ;
#4244 = LINE ( 'NONE', #2507, #6685 ) ;
#4245 = VECTOR ( 'NONE', #6851, 1000.000000000000000 ) ;
#4246 = DIRECTION ( 'NONE',  ( 0.8660254037844405900, -0.4999999999999966700, 0.0000000000000000000 ) ) ;
#4247 = ORIENTED_EDGE ( 'NONE', *, *, #3035, .T. ) ;
#4248 = DIRECTION ( 'NONE',  ( -1.000000000000000000, 0.0000000000000000000, 0.0000000000000000000 ) ) ;
#4249 = EDGE_LOOP ( 'NONE', ( #854, #1575, #606, #5346 ) ) ;
#4250 = VERTEX_POINT ( 'NONE', #1027 ) ;
#4251 = DIRECTION ( 'NONE',  ( -0.0000000000000000000, 1.000000000000000000, -0.0000000000000000000 ) ) ;
#4252 = AXIS2_PLACEMENT_3D ( 'NONE', #8340, #222, #866 ) ;
#4253 = FACE_OUTER_BOUND ( 'NONE', #7850, .T. ) ;
#4254 = ORIENTED_EDGE ( 'NONE', *, *, #8098, .F. ) ;
#4255 = CIRCLE ( 'NONE', #3858, 1.495000000000005700 ) ;
#4256 = VECTOR ( 'NONE', #2902, 1000.000000000000000 ) ;
#4257 = ORIENTED_EDGE ( 'NONE', *, *, #2484, .F. ) ;
#4258 = EDGE_CURVE ( 'NONE', #4009, #6028, #3348, .T. ) ;
#4259 = DIRECTION ( 'NONE',  ( -0.0000000000000000000, -1.000000000000000000, -0.0000000000000000000 ) ) ;
#4260 = DIRECTION ( 'NONE',  ( 0.0000000000000000000, -0.0000000000000000000, 1.000000000000000000 ) ) ;
#4261 = CIRCLE ( 'NONE', #7251, 0.5999999999999985300 ) ;
#4262 = VERTEX_POINT ( 'NONE', #5053 ) ;
#4263 = VECTOR ( 'NONE', #5982, 1000.000000000000000 ) ;
#4264 = EDGE_CURVE ( 'NONE', #8699, #2432, #8442, .T. ) ;
#4265 = ORIENTED_EDGE ( 'NONE', *, *, #957, .T. ) ;
#4266 = DIRECTION ( 'NONE',  ( 0.0000000000000000000, 0.0000000000000000000, -1.000000000000000000 ) ) ;
#4267 = CARTESIAN_POINT ( 'NONE',  ( -11.82499999999999200, 12.75000000000000200, -5.200000000000001100 ) ) ;
#4268 = CARTESIAN_POINT ( 'NONE',  ( 23.76500000000000400, -1.000000000000000000, 0.0000000000000000000 ) ) ;
#4269 = PLANE ( 'NONE',  #7985 ) ;
#4270 = EDGE_CURVE ( 'NONE', #1976, #427, #5259, .T. ) ;
#4271 = FACE_OUTER_BOUND ( 'NONE', #5552, .T. ) ;
#4272 = CARTESIAN_POINT ( 'NONE',  ( -26.62499999999998900, 9.229210492142396300, 1.301042606982605300E-015 ) ) ;
#4273 = CARTESIAN_POINT ( 'NONE',  ( 30.67500000000000800, 18.44999999999999900, -6.700000000000000200 ) ) ;
#4274 = DIRECTION ( 'NONE',  ( 1.000000000000000000, 0.0000000000000000000, 2.205236150722681400E-016 ) ) ;
#4275 = LINE ( 'NONE', #53, #5853 ) ;
#4276 = DIRECTION ( 'NONE',  ( 0.0000000000000000000, -1.000000000000000000, 0.0000000000000000000 ) ) ;
#4277 = AXIS2_PLACEMENT_3D ( 'NONE', #1338, #641, #8163 ) ;
#4278 = VECTOR ( 'NONE', #3434, 1000.000000000000000 ) ;
#4279 = EDGE_CURVE ( 'NONE', #8259, #4622, #5778, .T. ) ;
#4280 = ADVANCED_FACE ( 'NONE', ( #1117 ), #1282, .F. ) ;
#4281 = CARTESIAN_POINT ( 'NONE',  ( -33.12499999999999300, 25.89999999999999900, 5.000000000000000000 ) ) ;
#4282 = LINE ( 'NONE', #5517, #886 ) ;
#4283 = CARTESIAN_POINT ( 'NONE',  ( 0.2000000000000070300, 0.6000000000000000900, 6.499999999999998200 ) ) ;
#4284 = DIRECTION ( 'NONE',  ( 0.0000000000000000000, 0.0000000000000000000, -1.000000000000000000 ) ) ;
#4285 = FACE_OUTER_BOUND ( 'NONE', #1896, .T. ) ;
#4286 = CARTESIAN_POINT ( 'NONE',  ( 0.2000000000000070300, 0.6000000000000000900, 5.899999999999997700 ) ) ;
#4287 = AXIS2_PLACEMENT_3D ( 'NONE', #4268, #5027, #2246 ) ;
#4288 = VERTEX_POINT ( 'NONE', #1724 ) ;
#4289 = PLANE ( 'NONE',  #7542 ) ;
#4290 = LINE ( 'NONE', #8375, #8111 ) ;
#4291 = CARTESIAN_POINT ( 'NONE',  ( -21.52499999999998800, 1.099999999999999900, -4.500000000000000900 ) ) ;
#4292 = LINE ( 'NONE', #1899, #1109 ) ;
#4293 = CARTESIAN_POINT ( 'NONE',  ( -31.54999999999999400, 21.30000000000000100, 0.5250000000003303100 ) ) ;
#4294 = CARTESIAN_POINT ( 'NONE',  ( 1.875000000000007500, 0.6000000000000000900, -6.499999999999999100 ) ) ;
#4295 = CIRCLE ( 'NONE', #1939, 1.000000000000000400 ) ;
#4296 = EDGE_CURVE ( 'NONE', #953, #2965, #1432, .T. ) ;
#4297 = CARTESIAN_POINT ( 'NONE',  ( 23.76500000000000400, -7.649999999999999500, 0.0000000000000000000 ) ) ;
#4298 = AXIS2_PLACEMENT_3D ( 'NONE', #2040, #6787, #8144 ) ;
#4299 = VERTEX_POINT ( 'NONE', #2175 ) ;
#4300 = CIRCLE ( 'NONE', #8790, 1.540000000000001400 ) ;
#4301 = CARTESIAN_POINT ( 'NONE',  ( 35.59162246973738800, 7.974999999999997900, -2.522485396580082200 ) ) ;
#4302 = AXIS2_PLACEMENT_3D ( 'NONE', #6814, #3366, #8748 ) ;
#4303 = CARTESIAN_POINT ( 'NONE',  ( 30.67500000000000800, 18.44999999999999900, -10.90000000000000000 ) ) ;
#4304 = CIRCLE ( 'NONE', #4171, 1.100000000000000300 ) ;
#4305 = DIRECTION ( 'NONE',  ( 0.0000000000000000000, 0.0000000000000000000, 1.000000000000000000 ) ) ;
#4306 = ORIENTED_EDGE ( 'NONE', *, *, #6821, .T. ) ;
#4307 = DIRECTION ( 'NONE',  ( -0.0000000000000000000, 1.000000000000000000, -0.0000000000000000000 ) ) ;
#4308 = EDGE_LOOP ( 'NONE', ( #218, #5505 ) ) ;
#4309 = EDGE_CURVE ( 'NONE', #3823, #6958, #1960, .T. ) ;
#4310 = VECTOR ( 'NONE', #3645, 1000.000000000000000 ) ;
#4311 = ORIENTED_EDGE ( 'NONE', *, *, #5898, .F. ) ;
#4312 = CARTESIAN_POINT ( 'NONE',  ( 3.765000000000005500, 0.6999999999999999600, 7.260000000000000700 ) ) ;
#4313 = DIRECTION ( 'NONE',  ( 0.0000000000000000000, -0.0000000000000000000, 1.000000000000000000 ) ) ;
#4314 = EDGE_LOOP ( 'NONE', ( #715, #1803, #7939, #6372 ) ) ;
#4315 = VERTEX_POINT ( 'NONE', #3526 ) ;
#4316 = EDGE_CURVE ( 'NONE', #5408, #8606, #4604, .T. ) ;
#4317 = ORIENTED_EDGE ( 'NONE', *, *, #430, .F. ) ;
#4318 = DIRECTION ( 'NONE',  ( 0.0000000000000000000, 0.0000000000000000000, -1.000000000000000000 ) ) ;
#4319 = DIRECTION ( 'NONE',  ( -1.000000000000000000, -0.0000000000000000000, -0.0000000000000000000 ) ) ;
#4321 = ADVANCED_FACE ( 'NONE', ( #2171 ), #5463, .F. ) ;
#4320 = CARTESIAN_POINT ( 'NONE',  ( 0.2000000000000070300, 0.6000000000000000900, -6.499999999999998200 ) ) ;
#4322 = DIRECTION ( 'NONE',  ( 1.000000000000000000, 0.0000000000000000000, -1.224646799147353200E-016 ) ) ;
#4323 = VERTEX_POINT ( 'NONE', #2871 ) ;
#4324 = FACE_OUTER_BOUND ( 'NONE', #4235, .T. ) ;
#4325 = EDGE_LOOP ( 'NONE', ( #207, #6212, #6905, #7957 ) ) ;
#4326 = ORIENTED_EDGE ( 'NONE', *, *, #2990, .F. ) ;
#4327 = DIRECTION ( 'NONE',  ( 1.000000000000000000, 0.0000000000000000000, 0.0000000000000000000 ) ) ;
#4328 = DIRECTION ( 'NONE',  ( 0.0000000000000000000, 0.0000000000000000000, 1.000000000000000000 ) ) ;
#4329 = CARTESIAN_POINT ( 'NONE',  ( 0.5750000000000100600, 18.34999999999999800, 8.700000000000004600 ) ) ;
#4330 = CARTESIAN_POINT ( 'NONE',  ( -6.624999999999996400, 22.02000000000000300, 2.299999999999999800 ) ) ;
#4331 = EDGE_LOOP ( 'NONE', ( #7436, #6158, #1039, #6996 ) ) ;
#4332 = LINE ( 'NONE', #1910, #8474 ) ;
#4333 = DIRECTION ( 'NONE',  ( -1.000000000000000000, -0.0000000000000000000, -0.0000000000000000000 ) ) ;
#4334 = ORIENTED_EDGE ( 'NONE', *, *, #2160, .F. ) ;
#4335 = PLANE ( 'NONE',  #4910 ) ;
#4336 = AXIS2_PLACEMENT_3D ( 'NONE', #6358, #4398, #7064 ) ;
#4337 = ORIENTED_EDGE ( 'NONE', *, *, #834, .T. ) ;
#4338 = ORIENTED_EDGE ( 'NONE', *, *, #1654, .T. ) ;
#4339 = DIRECTION ( 'NONE',  ( -0.0000000000000000000, -1.000000000000000000, 2.125886612716674300E-017 ) ) ;
#4340 = AXIS2_PLACEMENT_3D ( 'NONE', #764, #4812, #103 ) ;
#4341 = DIRECTION ( 'NONE',  ( -0.0000000000000000000, 1.000000000000000000, -0.0000000000000000000 ) ) ;
#4342 = ORIENTED_EDGE ( 'NONE', *, *, #2661, .F. ) ;
#4343 = DIRECTION ( 'NONE',  ( -1.000000000000000000, -0.0000000000000000000, 0.0000000000000000000 ) ) ;
#4344 = LINE ( 'NONE', #7132, #6879 ) ;
#4345 = CARTESIAN_POINT ( 'NONE',  ( 30.67500000000000800, 18.75000000000000000, -10.90000000000000000 ) ) ;
#4346 = ORIENTED_EDGE ( 'NONE', *, *, #2131, .F. ) ;
#4347 = DIRECTION ( 'NONE',  ( 1.000000000000000000, 0.0000000000000000000, -1.204669080539454300E-016 ) ) ;
#4348 = ORIENTED_EDGE ( 'NONE', *, *, #3386, .F. ) ;
#4349 = VERTEX_POINT ( 'NONE', #243 ) ;
#4350 = EDGE_CURVE ( 'NONE', #2117, #8564, #6209, .T. ) ;
#4351 = ORIENTED_EDGE ( 'NONE', *, *, #7832, .T. ) ;
#4352 = VERTEX_POINT ( 'NONE', #3489 ) ;
#4353 = CARTESIAN_POINT ( 'NONE',  ( 12.76500000000000600, 0.0000000000000000000, 0.0000000000000000000 ) ) ;
#4354 = ORIENTED_EDGE ( 'NONE', *, *, #5096, .F. ) ;
#4355 = CARTESIAN_POINT ( 'NONE',  ( -34.12499999999997900, 20.15000000000000200, -2.500000000000011500 ) ) ;
#4356 = AXIS2_PLACEMENT_3D ( 'NONE', #5272, #6662, #8727 ) ;
#4357 = DIRECTION ( 'NONE',  ( -0.0000000000000000000, -1.000000000000000000, -0.0000000000000000000 ) ) ;
#4358 = UNCERTAINTY_MEASURE_WITH_UNIT (LENGTH_MEASURE( 1.000000000000000100E-005 ), #5997, 'distance_accuracy_value', 'NONE');
#4359 = CARTESIAN_POINT ( 'NONE',  ( 1.275000000000007500, 0.6000000000000000900, 6.499999999999999100 ) ) ;
#4360 = ORIENTED_EDGE ( 'NONE', *, *, #4264, .F. ) ;
#4361 = VECTOR ( 'NONE', #3555, 1000.000000000000000 ) ;
#4362 = ORIENTED_EDGE ( 'NONE', *, *, #5704, .T. ) ;
#4363 = EDGE_CURVE ( 'NONE', #3621, #6886, #3681, .T. ) ;
#4364 = CARTESIAN_POINT ( 'NONE',  ( 39.97500000000000100, 7.974999999999999600, 1.900000000000000100 ) ) ;
#4365 = VECTOR ( 'NONE', #7279, 1000.000000000000000 ) ;
#4366 = PLANE ( 'NONE',  #8254 ) ;
#4367 = ORIENTED_EDGE ( 'NONE', *, *, #3873, .T. ) ;
#4368 = VECTOR ( 'NONE', #1459, 1000.000000000000000 ) ;
#4369 = DIRECTION ( 'NONE',  ( -1.000000000000000000, -0.0000000000000000000, 9.912705577010238600E-015 ) ) ;
#4370 = VERTEX_POINT ( 'NONE', #7138 ) ;
#4371 = ADVANCED_FACE ( 'NONE', ( #5570 ), #7905, .T. ) ;
#4372 = CARTESIAN_POINT ( 'NONE',  ( -8.924999999999997200, -0.05358983848622472800, -2.500000000000000000 ) ) ;
#4373 = DIRECTION ( 'NONE',  ( 1.000000000000000000, 0.0000000000000000000, 0.0000000000000000000 ) ) ;
#4374 = ORIENTED_EDGE ( 'NONE', *, *, #7146, .F. ) ;
#4375 = VECTOR ( 'NONE', #1807, 1000.000000000000000 ) ;
#4376 = EDGE_CURVE ( 'NONE', #6010, #4466, #8017, .T. ) ;
#4377 = CARTESIAN_POINT ( 'NONE',  ( 1.875000000000007500, 0.6000000000000000900, 5.899999999999997700 ) ) ;
#4378 = DIRECTION ( 'NONE',  ( 0.0000000000000000000, 0.0000000000000000000, -1.000000000000000000 ) ) ;
#4379 = VERTEX_POINT ( 'NONE', #1846 ) ;
#4380 = VECTOR ( 'NONE', #5089, 1000.000000000000000 ) ;
#4381 = FACE_OUTER_BOUND ( 'NONE', #1601, .T. ) ;
#4382 = DIRECTION ( 'NONE',  ( 0.0000000000000000000, 1.000000000000000000, 0.0000000000000000000 ) ) ;
#4383 = VERTEX_POINT ( 'NONE', #5877 ) ;
#4384 = CIRCLE ( 'NONE', #2466, 6.864101615137759200 ) ;
#4385 = FACE_BOUND ( 'NONE', #3062, .T. ) ;
#4386 = DIRECTION ( 'NONE',  ( -0.0000000000000000000, -1.000000000000000000, -0.0000000000000000000 ) ) ;
#4387 = AXIS2_PLACEMENT_3D ( 'NONE', #5412, #6070, #1792 ) ;
#4388 = DIRECTION ( 'NONE',  ( -9.912705577010238600E-015, 0.0000000000000000000, -1.000000000000000000 ) ) ;
#4389 = EDGE_CURVE ( 'NONE', #6059, #5715, #3781, .T. ) ;
#4390 = FACE_BOUND ( 'NONE', #5791, .T. ) ;
#4391 = CIRCLE ( 'NONE', #1319, 2.700000000000001100 ) ;
#4392 = EDGE_CURVE ( 'NONE', #5784, #6797, #7163, .T. ) ;
#4393 = CARTESIAN_POINT ( 'NONE',  ( 21.79840395607028800, 27.40000000000000200, -1.850000000000000800 ) ) ;
#4394 = CARTESIAN_POINT ( 'NONE',  ( -31.55000000000003600, 25.30000000000000100, -3.674999999999669400 ) ) ;
#4395 = EDGE_LOOP ( 'NONE', ( #7417, #5984, #1914, #4221 ) ) ;
#4396 = CYLINDRICAL_SURFACE ( 'NONE', #116, 0.9999999999999974500 ) ;
#4397 = AXIS2_PLACEMENT_3D ( 'NONE', #4072, #5449, #1388 ) ;
#4398 = DIRECTION ( 'NONE',  ( -0.0000000000000000000, 1.000000000000000000, -0.0000000000000000000 ) ) ;
#4399 = LINE ( 'NONE', #3952, #56 ) ;
#4400 = VERTEX_POINT ( 'NONE', #2196 ) ;
#4401 = VERTEX_POINT ( 'NONE', #6753 ) ;
#4402 = AXIS2_PLACEMENT_3D ( 'NONE', #5179, #5822, #2384 ) ;
#4403 = DIRECTION ( 'NONE',  ( -1.982541115402067600E-014, 0.0000000000000000000, -1.000000000000000000 ) ) ;
#4404 = DIRECTION ( 'NONE',  ( 0.0000000000000000000, 0.0000000000000000000, 1.000000000000000000 ) ) ;
#4406 = ADVANCED_FACE ( 'NONE', ( #3886 ), #4396, .F. ) ;
#4405 = CARTESIAN_POINT ( 'NONE',  ( 2.950000000000007700, 0.6000000000000000900, 5.899999999999997700 ) ) ;
#4407 = DIRECTION ( 'NONE',  ( -0.0000000000000000000, -1.000000000000000000, -0.0000000000000000000 ) ) ;
#4408 = EDGE_CURVE ( 'NONE', #3722, #5896, #174, .T. ) ;
#4409 = FACE_OUTER_BOUND ( 'NONE', #5952, .T. ) ;
#4410 = MANIFOLD_SOLID_BREP ( 'Header Contact [6]', #6794 ) ;
#4411 = VERTEX_POINT ( 'NONE', #3479 ) ;
#4412 = VERTEX_POINT ( 'NONE', #1699 ) ;
#4413 = DIRECTION ( 'NONE',  ( 0.0000000000000000000, 0.0000000000000000000, 1.000000000000000000 ) ) ;
#4414 = AXIS2_PLACEMENT_3D ( 'NONE', #3108, #6544, #7943 ) ;
#4415 = ORIENTED_EDGE ( 'NONE', *, *, #2708, .T. ) ;
#4416 = DIRECTION ( 'NONE',  ( -1.000000000000000000, 0.0000000000000000000, 0.0000000000000000000 ) ) ;
#4417 = VECTOR ( 'NONE', #6610, 1000.000000000000000 ) ;
#4418 = CARTESIAN_POINT ( 'NONE',  ( -31.90000000000002000, 21.30000000000000100, -1.924999999999666300 ) ) ;
#4419 = VERTEX_POINT ( 'NONE', #5163 ) ;
#4420 = CARTESIAN_POINT ( 'NONE',  ( 32.67500000000000400, 0.6999999999999999600, 8.500000000000000000 ) ) ;
#4421 = EDGE_CURVE ( 'NONE', #7539, #6133, #7385, .T. ) ;
#4422 = EDGE_LOOP ( 'NONE', ( #5210, #2738, #815, #8759 ) ) ;
#4423 = ORIENTED_EDGE ( 'NONE', *, *, #7832, .F. ) ;
#4424 = VECTOR ( 'NONE', #6994, 1000.000000000000000 ) ;
#4425 = CARTESIAN_POINT ( 'NONE',  ( 25.73159604392972000, 27.40000000000000200, -1.849999999999999900 ) ) ;
#4426 = DIRECTION ( 'NONE',  ( 0.0000000000000000000, 0.0000000000000000000, -1.000000000000000000 ) ) ;
#4427 = DIRECTION ( 'NONE',  ( 0.0000000000000000000, -0.0000000000000000000, 1.000000000000000000 ) ) ;
#4428 = DIRECTION ( 'NONE',  ( 0.0000000000000000000, 0.0000000000000000000, -1.000000000000000000 ) ) ;
#4429 = ORIENTED_EDGE ( 'NONE', *, *, #1021, .T. ) ;
#4430 = EDGE_CURVE ( 'NONE', #7335, #4315, #7488, .T. ) ;
#4431 = LINE ( 'NONE', #1228, #1456 ) ;
#4432 = CARTESIAN_POINT ( 'NONE',  ( 3.765000000000007700, 0.0000000000000000000, -10.34000000000000000 ) ) ;
#4433 = CARTESIAN_POINT ( 'NONE',  ( -8.778589838486221100, 0.1464101615137758400, -2.300000000000000300 ) ) ;
#4434 = ORIENTED_EDGE ( 'NONE', *, *, #43, .T. ) ;
#4435 = ORIENTED_EDGE ( 'NONE', *, *, #2799, .F. ) ;
#4436 = VECTOR ( 'NONE', #1490, 1000.000000000000100 ) ;
#4437 = ORIENTED_EDGE ( 'NONE', *, *, #2872, .F. ) ;
#4438 = DIRECTION ( 'NONE',  ( -0.0000000000000000000, 1.000000000000000000, -0.0000000000000000000 ) ) ;
#4439 = ORIENTED_EDGE ( 'NONE', *, *, #270, .F. ) ;
#4440 = ORIENTED_EDGE ( 'NONE', *, *, #2308, .F. ) ;
#4441 = CARTESIAN_POINT ( 'NONE',  ( -17.32499999999998500, 20.15000000000000200, 2.499999999999999600 ) ) ;
#4442 = EDGE_CURVE ( 'NONE', #7815, #1057, #5454, .T. ) ;
#4443 = ORIENTED_EDGE ( 'NONE', *, *, #3597, .F. ) ;
#4444 = CARTESIAN_POINT ( 'NONE',  ( 32.67500000000000400, 0.0000000000000000000, 7.500000000000002700 ) ) ;
#4445 = ORIENTED_EDGE ( 'NONE', *, *, #8738, .F. ) ;
#4446 = DIRECTION ( 'NONE',  ( -0.5000000000000010000, 0.8660254037844380400, -0.0000000000000000000 ) ) ;
#4447 = ORIENTED_EDGE ( 'NONE', *, *, #2793, .F. ) ;
#4448 = ADVANCED_FACE ( 'NONE', ( #5251 ), #7765, .F. ) ;
#4449 = EDGE_LOOP ( 'NONE', ( #3604, #2053, #3235, #8285 ) ) ;
#4450 = VECTOR ( 'NONE', #383, 1000.000000000000000 ) ;
#4451 = CIRCLE ( 'NONE', #3789, 2.149999999999999900 ) ;
#4452 = ORIENTED_EDGE ( 'NONE', *, *, #3266, .F. ) ;
#4453 = CARTESIAN_POINT ( 'NONE',  ( -31.90000000000002700, 25.30000000000000100, -2.274999999999666400 ) ) ;
#4454 = ORIENTED_EDGE ( 'NONE', *, *, #3490, .T. ) ;
#4455 = EDGE_CURVE ( 'NONE', #8097, #2659, #1223, .T. ) ;
#4456 = CARTESIAN_POINT ( 'NONE',  ( -32.72499999999999400, 25.89999999999999900, 4.599999999999999600 ) ) ;
#4457 = LINE ( 'NONE', #2505, #2124 ) ;
#4458 = EDGE_CURVE ( 'NONE', #8097, #5870, #2494, .T. ) ;
#4459 = ORIENTED_EDGE ( 'NONE', *, *, #1164, .F. ) ;
#4460 = VECTOR ( 'NONE', #7265, 1000.000000000000000 ) ;
#4461 = CIRCLE ( 'NONE', #5312, 1.250000000000001100 ) ;
#4462 = CARTESIAN_POINT ( 'NONE',  ( -39.97500000000000100, 0.1099999999999997200, 3.000000000000002700 ) ) ;
#4463 = PRESENTATION_LAYER_ASSIGNMENT (  '', '', ( #6448 ) ) ;
#4464 = AXIS2_PLACEMENT_3D ( 'NONE', #4061, #5998, #6689 ) ;
#4465 = VECTOR ( 'NONE', #4049, 1000.000000000000000 ) ;
#4466 = VERTEX_POINT ( 'NONE', #239 ) ;
#4467 = LINE ( 'NONE', #6496, #2676 ) ;
#4468 = EDGE_LOOP ( 'NONE', ( #2790, #5929 ) ) ;
#4469 = EDGE_CURVE ( 'NONE', #6681, #1884, #60, .T. ) ;
#4470 = DIRECTION ( 'NONE',  ( 0.0000000000000000000, 0.0000000000000000000, -1.000000000000000000 ) ) ;
#4471 = DIRECTION ( 'NONE',  ( 0.8660254037844380400, 0.5000000000000010000, -0.0000000000000000000 ) ) ;
#4472 = CARTESIAN_POINT ( 'NONE',  ( 37.57500000000000300, 7.974999999999999600, 0.0000000000000000000 ) ) ;
#4473 = LINE ( 'NONE', #76, #3203 ) ;
#4474 = AXIS2_PLACEMENT_3D ( 'NONE', #2822, #7571, #4193 ) ;
#4475 = CIRCLE ( 'NONE', #5934, 0.9999999999999983300 ) ;
#4476 = CARTESIAN_POINT ( 'NONE',  ( -31.55000000000001500, 25.30000000000000100, -1.924999999999669900 ) ) ;
#4477 = EDGE_CURVE ( 'NONE', #7851, #3705, #5677, .T. ) ;
#4478 = DIRECTION ( 'NONE',  ( 0.0000000000000000000, 0.0000000000000000000, -1.000000000000000000 ) ) ;
#4479 = DIRECTION ( 'NONE',  ( -0.0000000000000000000, 1.000000000000000000, -0.0000000000000000000 ) ) ;
#4480 = FACE_OUTER_BOUND ( 'NONE', #8022, .T. ) ;
#4481 = CARTESIAN_POINT ( 'NONE',  ( -31.55000000000002200, 21.30000000000000100, -2.274999999999669500 ) ) ;
#4482 = ORIENTED_EDGE ( 'NONE', *, *, #2691, .F. ) ;
#4483 = EDGE_CURVE ( 'NONE', #3263, #1866, #2709, .T. ) ;
#4484 = LINE ( 'NONE', #4418, #7890 ) ;
#4485 = DIRECTION ( 'NONE',  ( 2.040851148208002900E-015, -0.0000000000000000000, 1.000000000000000000 ) ) ;
#4486 = ADVANCED_FACE ( 'NONE', ( #705 ), #904, .T. ) ;
#4487 = CARTESIAN_POINT ( 'NONE',  ( 23.76500000000000400, -7.649999999999999500, 0.0000000000000000000 ) ) ;
#4488 = VECTOR ( 'NONE', #7103, 1000.000000000000000 ) ;
#4489 = ORIENTED_EDGE ( 'NONE', *, *, #7019, .F. ) ;
#4490 = VECTOR ( 'NONE', #2229, 1000.000000000000000 ) ;
#4491 = FACE_OUTER_BOUND ( 'NONE', #6988, .T. ) ;
#4492 = CARTESIAN_POINT ( 'NONE',  ( -6.424999999999996300, 1.500000000000000400, -2.500000000000000000 ) ) ;
#4493 = LINE ( 'NONE', #6189, #4820 ) ;
#4494 = DIRECTION ( 'NONE',  ( 0.0000000000000000000, 0.0000000000000000000, 1.000000000000000000 ) ) ;
#4495 = DIRECTION ( 'NONE',  ( 1.000000000000000000, 0.0000000000000000000, -9.912705577010238600E-015 ) ) ;
#4496 = DIRECTION ( 'NONE',  ( 0.0000000000000000000, 0.0000000000000000000, -1.000000000000000000 ) ) ;
#4497 = EDGE_CURVE ( 'NONE', #7560, #5404, #589, .T. ) ;
#4498 = VERTEX_POINT ( 'NONE', #5651 ) ;
#4499 = FACE_OUTER_BOUND ( 'NONE', #1974, .T. ) ;
#4500 = FACE_OUTER_BOUND ( 'NONE', #424, .T. ) ;
#4501 = EDGE_CURVE ( 'NONE', #7636, #670, #3988, .T. ) ;
#4502 = ORIENTED_EDGE ( 'NONE', *, *, #6718, .T. ) ;
#4503 = DIRECTION ( 'NONE',  ( -0.0000000000000000000, -1.000000000000000000, 2.125886612716674300E-017 ) ) ;
#4504 = ORIENTED_EDGE ( 'NONE', *, *, #7518, .F. ) ;
#4505 = CARTESIAN_POINT ( 'NONE',  ( 1.875000000000007500, 0.6000000000000000900, 6.499999999999999100 ) ) ;
#4506 = VECTOR ( 'NONE', #5338, 1000.000000000000000 ) ;
#4507 = EDGE_LOOP ( 'NONE', ( #7373, #223, #8389, #4768 ) ) ;
#4508 = CARTESIAN_POINT ( 'NONE',  ( 1.575000000000009100, 0.6999999999999999600, -4.049999999999999800 ) ) ;
#4509 = CARTESIAN_POINT ( 'NONE',  ( -6.624999999999996400, -1.770000000000000000, 2.299999999999999800 ) ) ;
#4510 = DIRECTION ( 'NONE',  ( 0.0000000000000000000, 0.0000000000000000000, -1.000000000000000000 ) ) ;
#4511 = CARTESIAN_POINT ( 'NONE',  ( 1.575000000000007500, 0.1999999999999999800, 4.299999999999998900 ) ) ;
#4512 = DIRECTION ( 'NONE',  ( -1.000000000000000000, 0.0000000000000000000, -0.0000000000000000000 ) ) ;
#4513 = EDGE_CURVE ( 'NONE', #4736, #4883, #5031, .T. ) ;
#4514 = ORIENTED_EDGE ( 'NONE', *, *, #4928, .T. ) ;
#4515 = CIRCLE ( 'NONE', #8051, 1.540000000000000500 ) ;
#4516 = VERTEX_POINT ( 'NONE', #5019 ) ;
#4517 =( GEOMETRIC_REPRESENTATION_CONTEXT ( 3 ) GLOBAL_UNCERTAINTY_ASSIGNED_CONTEXT ( ( #3214 ) ) GLOBAL_UNIT_ASSIGNED_CONTEXT ( ( #6138, #5367, #6053 ) ) REPRESENTATION_CONTEXT ( 'NONE', 'WORKASPACE' ) );
#4518 = DIRECTION ( 'NONE',  ( -0.0000000000000000000, -1.000000000000000000, -0.0000000000000000000 ) ) ;
#4519 = CARTESIAN_POINT ( 'NONE',  ( 1.275000000000007500, 0.6000000000000000900, 4.824999999999999300 ) ) ;
#4520 = EDGE_LOOP ( 'NONE', ( #5022, #4021, #5467, #4792 ) ) ;
#4521 = VECTOR ( 'NONE', #4161, 1000.000000000000000 ) ;
#4522 = EDGE_CURVE ( 'NONE', #1271, #2205, #4825, .T. ) ;
#4523 = ORIENTED_EDGE ( 'NONE', *, *, #4653, .T. ) ;
#4524 = ADVANCED_FACE ( 'NONE', ( #2809 ), #968, .F. ) ;
#4525 = EDGE_LOOP ( 'NONE', ( #2964, #3068, #4158, #5295 ) ) ;
#4526 = DIRECTION ( 'NONE',  ( -0.0000000000000000000, -1.000000000000000000, 0.0000000000000000000 ) ) ;
#4527 = ORIENTED_EDGE ( 'NONE', *, *, #6002, .T. ) ;
#4528 = DIRECTION ( 'NONE',  ( 1.982541115402067600E-014, -0.0000000000000000000, 1.000000000000000000 ) ) ;
#4529 = LINE ( 'NONE', #3580, #6775 ) ;
#4530 = CARTESIAN_POINT ( 'NONE',  ( -31.90000000000004100, 25.30000000000000100, -3.674999999999665900 ) ) ;
#4531 = ORIENTED_EDGE ( 'NONE', *, *, #7482, .F. ) ;
#4532 = ORIENTED_EDGE ( 'NONE', *, *, #8350, .F. ) ;
#4533 = ADVANCED_FACE ( 'NONE', ( #2378 ), #1135, .F. ) ;
#4534 = VERTEX_POINT ( 'NONE', #435 ) ;
#4535 = ORIENTED_EDGE ( 'NONE', *, *, #6433, .T. ) ;
#4536 = ORIENTED_EDGE ( 'NONE', *, *, #142, .F. ) ;
#4537 = CARTESIAN_POINT ( 'NONE',  ( -9.791025403784438200, 1.500000000000000400, 2.299999999999999800 ) ) ;
#4538 = VECTOR ( 'NONE', #4967, 1000.000000000000000 ) ;
#4539 = CARTESIAN_POINT ( 'NONE',  ( -8.751794919243108600, 20.15000000000000600, -2.500000000000000000 ) ) ;
#4540 = DIRECTION ( 'NONE',  ( 0.0000000000000000000, 0.0000000000000000000, 1.000000000000000000 ) ) ;
#4541 = EDGE_LOOP ( 'NONE', ( #6739, #6953, #4938, #3969 ) ) ;
#4542 = AXIS2_PLACEMENT_3D ( 'NONE', #6161, #91, #8213 ) ;
#4543 = EDGE_LOOP ( 'NONE', ( #2141, #8072, #1361, #3608 ) ) ;
#4544 = ORIENTED_EDGE ( 'NONE', *, *, #3780, .T. ) ;
#4545 = AXIS2_PLACEMENT_3D ( 'NONE', #8447, #7352, #1148 ) ;
#4546 = ORIENTED_EDGE ( 'NONE', *, *, #3386, .T. ) ;
#4547 = PLANE ( 'NONE',  #2254 ) ;
#4548 = DIRECTION ( 'NONE',  ( -1.000000000000000000, 0.0000000000000000000, 0.0000000000000000000 ) ) ;
#4549 = DIRECTION ( 'NONE',  ( 0.0000000000000000000, -1.000000000000000000, 0.0000000000000000000 ) ) ;
#4550 = VERTEX_POINT ( 'NONE', #5872 ) ;
#4551 = VERTEX_POINT ( 'NONE', #8495 ) ;
#4552 = CIRCLE ( 'NONE', #999, 2.700000000000001100 ) ;
#4553 = VECTOR ( 'NONE', #7991, 1000.000000000000000 ) ;
#4554 = CARTESIAN_POINT ( 'NONE',  ( -26.62499999999998600, 18.55000000000000100, 5.200000000000002000 ) ) ;
#4555 = VERTEX_POINT ( 'NONE', #6556 ) ;
#4556 = PRESENTATION_STYLE_ASSIGNMENT (( #1138 ) ) ;
#4557 = AXIS2_PLACEMENT_3D ( 'NONE', #1414, #92, #4156 ) ;
#4558 = ORIENTED_EDGE ( 'NONE', *, *, #8750, .T. ) ;
#4559 = CYLINDRICAL_SURFACE ( 'NONE', #1224, 1.000000000000000400 ) ;
#4560 =( LENGTH_UNIT ( ) NAMED_UNIT ( * ) SI_UNIT ( .MILLI., .METRE. ) );
#4561 = VERTEX_POINT ( 'NONE', #7834 ) ;
#4562 = CARTESIAN_POINT ( 'NONE',  ( 35.17500000000001100, 18.44999999999999900, 6.700000000000000200 ) ) ;
#4563 = DIRECTION ( 'NONE',  ( 0.0000000000000000000, 0.0000000000000000000, 1.000000000000000000 ) ) ;
#4564 = EDGE_CURVE ( 'NONE', #2034, #3083, #489, .T. ) ;
#4565 = ORIENTED_EDGE ( 'NONE', *, *, #7690, .T. ) ;
#4566 = VERTEX_POINT ( 'NONE', #465 ) ;
#4567 = FACE_OUTER_BOUND ( 'NONE', #3872, .T. ) ;
#4568 = DIRECTION ( 'NONE',  ( 0.0000000000000000000, -1.000000000000000000, 0.0000000000000000000 ) ) ;
#4569 = CARTESIAN_POINT ( 'NONE',  ( 35.67500000000001100, 7.474999999999998800, -3.100000000000000500 ) ) ;
#4570 =( GEOMETRIC_REPRESENTATION_CONTEXT ( 3 ) GLOBAL_UNCERTAINTY_ASSIGNED_CONTEXT ( ( #292 ) ) GLOBAL_UNIT_ASSIGNED_CONTEXT ( ( #1234, #7493, #6090 ) ) REPRESENTATION_CONTEXT ( 'NONE', 'WORKASPACE' ) );
#4571 = ADVANCED_FACE ( 'NONE', ( #4499 ), #2500, .T. ) ;
#4572 = DIRECTION ( 'NONE',  ( 0.0000000000000000000, 0.0000000000000000000, 1.000000000000000000 ) ) ;
#4573 = AXIS2_PLACEMENT_3D ( 'NONE', #1297, #3314, #4747 ) ;
#4574 = CIRCLE ( 'NONE', #930, 2.149999999999999900 ) ;
#4575 = CARTESIAN_POINT ( 'NONE',  ( 0.0000000000000000000, 0.6999999999999999600, 0.0000000000000000000 ) ) ;
#4576 = TOROIDAL_SURFACE ( 'NONE', #8608, 4.200000000000002000, 0.2999999999999999900 ) ;
#4577 = EDGE_CURVE ( 'NONE', #228, #1155, #6627, .T. ) ;
#4578 = ORIENTED_EDGE ( 'NONE', *, *, #3522, .T. ) ;
#4579 = CARTESIAN_POINT ( 'NONE',  ( -31.54999999999998600, 25.30000000000000100, 0.8750000000003299600 ) ) ;
#4581 = ADVANCED_FACE ( 'NONE', ( #7590 ), #6841, .F. ) ;
#4580 = DIRECTION ( 'NONE',  ( -0.0000000000000000000, 1.000000000000000000, -0.0000000000000000000 ) ) ;
#4582 = DIRECTION ( 'NONE',  ( -0.0000000000000000000, -0.0000000000000000000, -1.000000000000000000 ) ) ;
#4583 = FACE_OUTER_BOUND ( 'NONE', #1997, .T. ) ;
#4584 = LINE ( 'NONE', #2866, #3545 ) ;
#4585 = DIRECTION ( 'NONE',  ( 0.0000000000000000000, 1.000000000000000000, -0.0000000000000000000 ) ) ;
#4586 = DIRECTION ( 'NONE',  ( 0.0000000000000000000, 0.0000000000000000000, 1.000000000000000000 ) ) ;
#4587 = EDGE_CURVE ( 'NONE', #8301, #2202, #1855, .T. ) ;
#4588 = CARTESIAN_POINT ( 'NONE',  ( 2.950000000000007700, 0.6000000000000000900, -5.899999999999997700 ) ) ;
#4589 = CARTESIAN_POINT ( 'NONE',  ( -31.55000000000002200, 25.30000000000000100, -2.274999999999669500 ) ) ;
#4590 = FACE_OUTER_BOUND ( 'NONE', #1681, .T. ) ;
#4591 = FILL_AREA_STYLE ('',( #8044 ) ) ;
#4592 = VERTEX_POINT ( 'NONE', #5079 ) ;
#4593 = PLANE ( 'NONE',  #8637 ) ;
#4594 = CARTESIAN_POINT ( 'NONE',  ( -9.791025403784438200, 1.500000000000000400, -2.300000000000000300 ) ) ;
#4595 = AXIS2_PLACEMENT_3D ( 'NONE', #402, #352, #6480 ) ;
#4596 = EDGE_LOOP ( 'NONE', ( #4546, #2443, #7964, #8032 ) ) ;
#4597 = DIRECTION ( 'NONE',  ( 2.710505431213754200E-016, -0.0000000000000000000, 1.000000000000000000 ) ) ;
#4598 = LINE ( 'NONE', #4394, #5885 ) ;
#4599 = EDGE_CURVE ( 'NONE', #1998, #8378, #4598, .T. ) ;
#4600 = CIRCLE ( 'NONE', #6206, 1.539999999999999600 ) ;
#4601 = ORIENTED_EDGE ( 'NONE', *, *, #2396, .T. ) ;
#4602 = FILL_AREA_STYLE ('',( #1916 ) ) ;
#4603 = DIRECTION ( 'NONE',  ( -0.0000000000000000000, 0.0000000000000000000, 1.000000000000000000 ) ) ;
#4604 = LINE ( 'NONE', #5654, #2817 ) ;
#4605 = AXIS2_PLACEMENT_3D ( 'NONE', #4083, #8167, #4106 ) ;
#4606 = CARTESIAN_POINT ( 'NONE',  ( -17.32499999999998500, 20.15000000000000200, -4.500000000000000000 ) ) ;
#4607 = CARTESIAN_POINT ( 'NONE',  ( -11.82499999999999200, 0.6358983848622386000, -5.200000000000000200 ) ) ;
#4608 = DIRECTION ( 'NONE',  ( -0.0000000000000000000, -1.000000000000000000, -0.0000000000000000000 ) ) ;
#4609 = AXIS2_PLACEMENT_3D ( 'NONE', #7111, #5010, #7824 ) ;
#4610 = ADVANCED_FACE ( 'NONE', ( #6418 ), #2598, .T. ) ;
#4611 = EDGE_LOOP ( 'NONE', ( #298, #7165, #4868, #6884 ) ) ;
#4612 = EDGE_CURVE ( 'NONE', #5767, #7024, #8011, .T. ) ;
#4613 = ORIENTED_EDGE ( 'NONE', *, *, #2575, .T. ) ;
#4614 = EDGE_CURVE ( 'NONE', #3231, #7393, #5768, .T. ) ;
#4615 = FACE_OUTER_BOUND ( 'NONE', #8485, .T. ) ;
#4616 = CARTESIAN_POINT ( 'NONE',  ( -6.624999999999996400, 1.500000000000000400, 2.500000000000000000 ) ) ;
#4617 = CARTESIAN_POINT ( 'NONE',  ( -16.02499999999999100, 28.80000000000000100, -2.499999999999999600 ) ) ;
#4618 = EDGE_LOOP ( 'NONE', ( #561, #6130, #8256, #2980 ) ) ;
#4619 = CARTESIAN_POINT ( 'NONE',  ( -8.951794919243109700, 20.20358983848623100, 2.299999999999999800 ) ) ;
#4620 = DIRECTION ( 'NONE',  ( 0.0000000000000000000, 0.0000000000000000000, 1.000000000000000000 ) ) ;
#4621 = AXIS2_PLACEMENT_3D ( 'NONE', #6554, #5843, #3851 ) ;
#4622 = VERTEX_POINT ( 'NONE', #1048 ) ;
#4623 = AXIS2_PLACEMENT_3D ( 'NONE', #4, #1500, #2959 ) ;
#4624 = ADVANCED_FACE ( 'NONE', ( #7381 ), #5783, .T. ) ;
#4625 = ORIENTED_EDGE ( 'NONE', *, *, #7136, .T. ) ;
#4626 = LINE ( 'NONE', #4241, #8680 ) ;
#4627 = DIRECTION ( 'NONE',  ( -0.9659258262890690900, 0.0000000000000000000, 0.2588190451025178000 ) ) ;
#4628 = PLANE ( 'NONE',  #3567 ) ;
#4629 = CARTESIAN_POINT ( 'NONE',  ( 1.575000000000007300, 0.6999999999999999600, 6.200000000000000200 ) ) ;
#4630 = EDGE_CURVE ( 'NONE', #7383, #2180, #379, .T. ) ;
#4631 = ORIENTED_EDGE ( 'NONE', *, *, #1572, .T. ) ;
#4632 = LINE ( 'NONE', #8672, #8467 ) ;
#4633 = ORIENTED_EDGE ( 'NONE', *, *, #209, .F. ) ;
#4634 = AXIS2_PLACEMENT_3D ( 'NONE', #3199, #7910, #6521 ) ;
#4635 = ORIENTED_EDGE ( 'NONE', *, *, #6300, .F. ) ;
#4636 = DIRECTION ( 'NONE',  ( 0.0000000000000000000, -1.000000000000000000, 0.0000000000000000000 ) ) ;
#4637 = DIRECTION ( 'NONE',  ( 1.000000000000000000, 0.0000000000000000000, 0.0000000000000000000 ) ) ;
#4638 = DIRECTION ( 'NONE',  ( 1.000000000000000000, 0.0000000000000000000, 0.0000000000000000000 ) ) ;
#4639 = DIRECTION ( 'NONE',  ( 0.0000000000000000000, 1.000000000000000000, 0.0000000000000000000 ) ) ;
#4640 = ORIENTED_EDGE ( 'NONE', *, *, #6231, .F. ) ;
#4641 = EDGE_CURVE ( 'NONE', #5703, #7661, #5350, .T. ) ;
#4642 = VECTOR ( 'NONE', #965, 1000.000000000000000 ) ;
#4643 = DIRECTION ( 'NONE',  ( -1.982541115402067600E-014, 0.0000000000000000000, -1.000000000000000000 ) ) ;
#4644 = ORIENTED_EDGE ( 'NONE', *, *, #2936, .F. ) ;
#4645 = ORIENTED_EDGE ( 'NONE', *, *, #7044, .F. ) ;
#4646 = ORIENTED_EDGE ( 'NONE', *, *, #148, .T. ) ;
#4647 = CARTESIAN_POINT ( 'NONE',  ( -6.424999999999996300, 21.82000000000000700, 2.299999999999999800 ) ) ;
#4648 = DIRECTION ( 'NONE',  ( 0.0000000000000000000, -1.000000000000000000, 0.0000000000000000000 ) ) ;
#4649 = ORIENTED_EDGE ( 'NONE', *, *, #3560, .T. ) ;
#4650 = SURFACE_STYLE_USAGE ( .BOTH. , #1170 ) ;
#4651 = ORIENTED_EDGE ( 'NONE', *, *, #5752, .T. ) ;
#4652 = CARTESIAN_POINT ( 'NONE',  ( -16.02499999999999100, 0.09999999999999986700, 2.499999999999999600 ) ) ;
#4653 = EDGE_CURVE ( 'NONE', #4401, #5421, #1951, .T. ) ;
#4654 = ORIENTED_EDGE ( 'NONE', *, *, #8026, .T. ) ;
#4655 = ORIENTED_EDGE ( 'NONE', *, *, #8203, .T. ) ;
#4656 = ORIENTED_EDGE ( 'NONE', *, *, #5884, .F. ) ;
#4657 = LINE ( 'NONE', #1878, #5406 ) ;
#4658 = CIRCLE ( 'NONE', #7250, 1.100000000000000300 ) ;
#4659 = CARTESIAN_POINT ( 'NONE',  ( -34.12499999999998600, 16.72320809022047400, 6.000000000000000900 ) ) ;
#4660 = ORIENTED_EDGE ( 'NONE', *, *, #5611, .T. ) ;
#4661 = EDGE_LOOP ( 'NONE', ( #5779, #6230, #962, #1971 ) ) ;
#4662 = CARTESIAN_POINT ( 'NONE',  ( 0.0000000000000000000, 0.6999999999999999600, 0.0000000000000000000 ) ) ;
#4663 = EDGE_LOOP ( 'NONE', ( #7715, #3067, #4680, #2882 ) ) ;
#4664 = DIRECTION ( 'NONE',  ( 0.0000000000000000000, -0.0000000000000000000, 1.000000000000000000 ) ) ;
#4665 = ADVANCED_FACE ( 'NONE', ( #6203, #5563 ), #3209, .F. ) ;
#4666 = AXIS2_PLACEMENT_3D ( 'NONE', #7526, #4821, #4177 ) ;
#4667 = DIRECTION ( 'NONE',  ( -0.0000000000000000000, 1.000000000000000000, -0.0000000000000000000 ) ) ;
#4668 = CLOSED_SHELL ( 'NONE', ( #8686, #4524, #6815, #5777, #783, #6092 ) ) ;
#4669 = EDGE_LOOP ( 'NONE', ( #8780, #4326, #2715, #3505 ) ) ;
#4670 = FACE_OUTER_BOUND ( 'NONE', #8228, .T. ) ;
#4671 = CYLINDRICAL_SURFACE ( 'NONE', #1499, 1.899999999999999700 ) ;
#4672 = DIRECTION ( 'NONE',  ( 1.000000000000000000, -0.0000000000000000000, -0.0000000000000000000 ) ) ;
#4674 = ADVANCED_FACE ( 'NONE', ( #7152 ), #1229, .F. ) ;
#4673 = DIRECTION ( 'NONE',  ( 0.0000000000000000000, 1.000000000000000000, 0.0000000000000000000 ) ) ;
#4675 = CYLINDRICAL_SURFACE ( 'NONE', #5597, 1.000000000000000400 ) ;
#4676 = MANIFOLD_SOLID_BREP ( 'Housing', #408 ) ;
#4677 = CARTESIAN_POINT ( 'NONE',  ( -0.8249999999999924100, 18.44999999999999900, 10.90000000000000000 ) ) ;
#4678 = EDGE_CURVE ( 'NONE', #1998, #7300, #6313, .T. ) ;
#4679 = DIRECTION ( 'NONE',  ( 1.000000000000000000, -0.0000000000000000000, -0.0000000000000000000 ) ) ;
#4680 = ORIENTED_EDGE ( 'NONE', *, *, #3335, .T. ) ;
#4681 = PRESENTATION_STYLE_ASSIGNMENT (( #2261 ) ) ;
#4682 = AXIS2_PLACEMENT_3D ( 'NONE', #2566, #7899, #8590 ) ;
#4683 = VECTOR ( 'NONE', #4526, 1000.000000000000000 ) ;
#4684 = CARTESIAN_POINT ( 'NONE',  ( 32.67500000000000400, 28.80000000000000100, -9.499999999999998200 ) ) ;
#4685 = DIRECTION ( 'NONE',  ( 0.0000000000000000000, -1.000000000000000000, 0.0000000000000000000 ) ) ;
#4686 = LINE ( 'NONE', #2770, #6710 ) ;
#4687 = CARTESIAN_POINT ( 'NONE',  ( 1.875000000000007500, 0.6000000000000000900, 6.499999999999999100 ) ) ;
#4688 = EDGE_CURVE ( 'NONE', #3725, #2423, #3352, .T. ) ;
#4689 = FACE_OUTER_BOUND ( 'NONE', #4663, .T. ) ;
#4690 = CARTESIAN_POINT ( 'NONE',  ( 1.875000000000007500, 0.2000000000000000100, 7.574999999999999300 ) ) ;
#4691 = DIRECTION ( 'NONE',  ( 0.0000000000000000000, 0.0000000000000000000, -1.000000000000000000 ) ) ;
#4692 = CARTESIAN_POINT ( 'NONE',  ( -0.8249999999999924100, 1.500000000000000400, 5.200000000000003700 ) ) ;
#4693 = LINE ( 'NONE', #4202, #7364 ) ;
#4694 = AXIS2_PLACEMENT_3D ( 'NONE', #2132, #6876, #3600 ) ;
#4695 = DIRECTION ( 'NONE',  ( -1.000000000000000000, -0.0000000000000000000, 9.912705577010238600E-015 ) ) ;
#4696 = VECTOR ( 'NONE', #5002, 1000.000000000000000 ) ;
#4697 = EDGE_CURVE ( 'NONE', #1898, #3346, #3123, .T. ) ;
#4698 = VERTEX_POINT ( 'NONE', #5234 ) ;
#4699 = CIRCLE ( 'NONE', #2857, 1.539999999999999600 ) ;
#4700 = CARTESIAN_POINT ( 'NONE',  ( -31.55000000000001500, 21.30000000000000100, -1.924999999999669900 ) ) ;
#4701 = CARTESIAN_POINT ( 'NONE',  ( -33.12499999999999300, 20.89999999999999900, -5.000000000000000900 ) ) ;
#4702 = DIRECTION ( 'NONE',  ( 9.912705577010238600E-015, -0.0000000000000000000, 1.000000000000000000 ) ) ;
#4703 = ORIENTED_EDGE ( 'NONE', *, *, #122, .T. ) ;
#4704 = EDGE_CURVE ( 'NONE', #8468, #528, #4292, .T. ) ;
#4705 = ADVANCED_FACE ( 'NONE', ( #4500 ), #2563, .F. ) ;
#4706 = VECTOR ( 'NONE', #2923, 1000.000000000000000 ) ;
#4707 = PRESENTATION_STYLE_ASSIGNMENT (( #4650 ) ) ;
#4708 = FACE_OUTER_BOUND ( 'NONE', #6145, .T. ) ;
#4709 = EDGE_CURVE ( 'NONE', #5924, #6509, #4714, .T. ) ;
#4710 = PLANE ( 'NONE',  #549 ) ;
#4711 = ORIENTED_EDGE ( 'NONE', *, *, #3633, .T. ) ;
#4712 = CIRCLE ( 'NONE', #4634, 0.2000000000000000900 ) ;
#4713 = ADVANCED_FACE ( 'NONE', ( #8121 ), #7341, .F. ) ;
#4714 = LINE ( 'NONE', #6614, #1119 ) ;
#4715 = ORIENTED_EDGE ( 'NONE', *, *, #824, .F. ) ;
#4716 = DIRECTION ( 'NONE',  ( -0.0000000000000000000, 1.000000000000000000, -0.0000000000000000000 ) ) ;
#4717 = AXIS2_PLACEMENT_3D ( 'NONE', #3149, #5134, #3064 ) ;
#4718 = PLANE ( 'NONE',  #6847 ) ;
#4719 = VERTEX_POINT ( 'NONE', #3966 ) ;
#4720 = FACE_OUTER_BOUND ( 'NONE', #7233, .T. ) ;
#4721 = DIRECTION ( 'NONE',  ( -0.0000000000000000000, 1.000000000000000000, -0.0000000000000000000 ) ) ;
#4722 = EDGE_LOOP ( 'NONE', ( #6603, #1992, #5099, #7637 ) ) ;
#4723 = CARTESIAN_POINT ( 'NONE',  ( -13.82499999999999400, 12.75000000000000200, -12.60000000000000100 ) ) ;
#4724 = AXIS2_PLACEMENT_3D ( 'NONE', #7144, #1768, #3088 ) ;
#4725 = DIRECTION ( 'NONE',  ( -0.0000000000000000000, -1.000000000000000000, -0.0000000000000000000 ) ) ;
#4726 = DIRECTION ( 'NONE',  ( 0.0000000000000000000, 0.0000000000000000000, 1.000000000000000000 ) ) ;
#4727 = DIRECTION ( 'NONE',  ( 0.0000000000000000000, 0.0000000000000000000, 1.000000000000000000 ) ) ;
#4728 = ORIENTED_EDGE ( 'NONE', *, *, #7114, .T. ) ;
#4729 = VECTOR ( 'NONE', #3002, 1000.000000000000000 ) ;
#4730 = DIRECTION ( 'NONE',  ( 1.000000000000000000, 0.0000000000000000000, -9.912705577010238600E-015 ) ) ;
#4731 = ORIENTED_EDGE ( 'NONE', *, *, #772, .T. ) ;
#4732 = EDGE_CURVE ( 'NONE', #1954, #6654, #697, .T. ) ;
#4733 = DIRECTION ( 'NONE',  ( 4.336808689942010800E-016, 0.0000000000000000000, -1.000000000000000000 ) ) ;
#4734 = EDGE_CURVE ( 'NONE', #3509, #2828, #3556, .T. ) ;
#4735 = DIRECTION ( 'NONE',  ( -1.982541115402067900E-014, 0.0000000000000000000, -1.000000000000000000 ) ) ;
#4736 = VERTEX_POINT ( 'NONE', #7275 ) ;
#4737 = LINE ( 'NONE', #7168, #6758 ) ;
#4738 = DIRECTION ( 'NONE',  ( -1.000000000000000000, 0.0000000000000000000, -6.672013369141588900E-016 ) ) ;
#4739 = ORIENTED_EDGE ( 'NONE', *, *, #524, .F. ) ;
#4740 = AXIS2_PLACEMENT_3D ( 'NONE', #7589, #3529, #2178 ) ;
#4741 = ORIENTED_EDGE ( 'NONE', *, *, #5279, .T. ) ;
#4742 = CARTESIAN_POINT ( 'NONE',  ( 3.765000000000007700, 0.0000000000000000000, -8.800000000000000700 ) ) ;
#4743 = VERTEX_POINT ( 'NONE', #4619 ) ;
#4744 = AXIS2_PLACEMENT_3D ( 'NONE', #8773, #4716, #7579 ) ;
#4745 = VERTEX_POINT ( 'NONE', #8041 ) ;
#4746 = FACE_OUTER_BOUND ( 'NONE', #4507, .T. ) ;
#4747 = DIRECTION ( 'NONE',  ( 0.0000000000000000000, 0.0000000000000000000, -1.000000000000000000 ) ) ;
#4748 = ADVANCED_FACE ( 'NONE', ( #1734 ), #388, .T. ) ;
#4749 = DIRECTION ( 'NONE',  ( -0.0000000000000000000, -1.000000000000000000, 0.0000000000000000000 ) ) ;
#4750 = EDGE_CURVE ( 'NONE', #4195, #4592, #5148, .T. ) ;
#4751 = DIRECTION ( 'NONE',  ( -1.000000000000000000, 0.0000000000000000000, 9.912705577010238600E-015 ) ) ;
#4752 = ORIENTED_EDGE ( 'NONE', *, *, #5789, .T. ) ;
#4753 = DIRECTION ( 'NONE',  ( 0.0000000000000000000, 0.0000000000000000000, -1.000000000000000000 ) ) ;
#4754 = ORIENTED_EDGE ( 'NONE', *, *, #2696, .T. ) ;
#4755 = ORIENTED_EDGE ( 'NONE', *, *, #7268, .T. ) ;
#4756 = ORIENTED_EDGE ( 'NONE', *, *, #2824, .T. ) ;
#4757 = LINE ( 'NONE', #6598, #105 ) ;
#4758 = DIRECTION ( 'NONE',  ( 0.0000000000000000000, 0.0000000000000000000, -1.000000000000000000 ) ) ;
#4759 = CARTESIAN_POINT ( 'NONE',  ( -11.82499999999999200, 18.75000000000000400, -5.200000000000001100 ) ) ;
#4760 = ORIENTED_EDGE ( 'NONE', *, *, #7703, .T. ) ;
#4762 = ADVANCED_FACE ( 'NONE', ( #7386 ), #2265, .F. ) ;
#4761 = CARTESIAN_POINT ( 'NONE',  ( -11.82499999999999200, 12.75000000000000400, 11.20000000000000100 ) ) ;
#4763 = EDGE_LOOP ( 'NONE', ( #5190, #7396, #6969, #4342 ) ) ;
#4764 = LINE ( 'NONE', #1261, #8053 ) ;
#4765 = CARTESIAN_POINT ( 'NONE',  ( -9.791025403784438200, 1.500000000000000400, -2.300000000000000300 ) ) ;
#4766 = LINE ( 'NONE', #3717, #2970 ) ;
#4767 = CARTESIAN_POINT ( 'NONE',  ( -6.424999999999996300, 22.02000000000000300, 2.299999999999999800 ) ) ;
#4768 = ORIENTED_EDGE ( 'NONE', *, *, #8760, .T. ) ;
#4769 = EDGE_CURVE ( 'NONE', #8057, #6550, #3340, .T. ) ;
#4770 = ORIENTED_EDGE ( 'NONE', *, *, #4732, .F. ) ;
#4771 = VERTEX_POINT ( 'NONE', #2024 ) ;
#4772 = DIRECTION ( 'NONE',  ( 0.0000000000000000000, 0.0000000000000000000, 1.000000000000000000 ) ) ;
#4773 = ORIENTED_EDGE ( 'NONE', *, *, #8781, .F. ) ;
#4774 = DIRECTION ( 'NONE',  ( -0.0000000000000000000, 1.000000000000000000, -0.0000000000000000000 ) ) ;
#4775 = CIRCLE ( 'NONE', #7664, 1.000000000000000400 ) ;
#4776 = FACE_OUTER_BOUND ( 'NONE', #4034, .T. ) ;
#4777 = DIRECTION ( 'NONE',  ( -0.0000000000000000000, 0.0000000000000000000, 1.000000000000000000 ) ) ;
#4778 = DIRECTION ( 'NONE',  ( 0.0000000000000000000, 0.0000000000000000000, -1.000000000000000000 ) ) ;
#4779 = ORIENTED_EDGE ( 'NONE', *, *, #7291, .T. ) ;
#4780 = DIRECTION ( 'NONE',  ( 0.0000000000000000000, -0.0000000000000000000, 1.000000000000000000 ) ) ;
#4781 = EDGE_CURVE ( 'NONE', #1574, #5314, #2921, .T. ) ;
#4782 = CARTESIAN_POINT ( 'NONE',  ( -34.12499999999998600, 20.10662966309981300, -6.000000000000000900 ) ) ;
#4783 = ORIENTED_EDGE ( 'NONE', *, *, #4599, .F. ) ;
#4784 = LINE ( 'NONE', #6208, #2338 ) ;
#4785 = DIRECTION ( 'NONE',  ( -1.000000000000000000, 0.0000000000000000000, 0.0000000000000000000 ) ) ;
#4786 = DIRECTION ( 'NONE',  ( 6.672013369141588900E-016, 0.0000000000000000000, 1.000000000000000000 ) ) ;
#4787 = CARTESIAN_POINT ( 'NONE',  ( -33.12499999999999300, 25.89999999999999900, -5.000000000000000900 ) ) ;
#4788 = AXIS2_PLACEMENT_3D ( 'NONE', #7785, #1051, #3734 ) ;
#4789 = DIRECTION ( 'NONE',  ( -1.000000000000000000, 0.0000000000000000000, 1.982541115402067900E-014 ) ) ;
#4790 = CYLINDRICAL_SURFACE ( 'NONE', #6218, 1.000000000000000400 ) ;
#4791 = AXIS2_PLACEMENT_3D ( 'NONE', #4105, #2106, #7515 ) ;
#4792 = ORIENTED_EDGE ( 'NONE', *, *, #8113, .F. ) ;
#4793 = FACE_OUTER_BOUND ( 'NONE', #3756, .T. ) ;
#4794 = DIRECTION ( 'NONE',  ( -0.2588190451025178000, 0.0000000000000000000, 0.9659258262890692000 ) ) ;
#4795 = PLANE ( 'NONE',  #4623 ) ;
#4796 = CARTESIAN_POINT ( 'NONE',  ( 23.76500000000000400, -0.2999999999999999900, 2.700000000000001100 ) ) ;
#4797 = B_SPLINE_CURVE_WITH_KNOTS ( 'NONE', 3,
 ( #1289, #8039, #4103, #8078, #4052, #6731, #45, #7425 ),
 .UNSPECIFIED., .F., .F.,
 ( 4, 2, 2, 4 ),
 ( -4.898991632022189900E-006, 0.0004967012084734713400, 0.0007475013085262170800, 0.0009983014085789626000 ),
 .UNSPECIFIED. ) ;
#4798 = CARTESIAN_POINT ( 'NONE',  ( 32.67500000000000400, 18.75000000000000000, 8.500000000000000000 ) ) ;
#4799 = EDGE_CURVE ( 'NONE', #4135, #2875, #6946, .T. ) ;
#4800 = CARTESIAN_POINT ( 'NONE',  ( -31.90000000000000600, 25.30000000000000100, -0.5249999999996664000 ) ) ;
#4801 = CARTESIAN_POINT ( 'NONE',  ( -34.12499999999998600, 9.229210492142396300, 1.301042606982605300E-015 ) ) ;
#4802 = FACE_OUTER_BOUND ( 'NONE', #219, .T. ) ;
#4803 = ADVANCED_FACE ( 'NONE', ( #8114 ), #5573, .T. ) ;
#4804 = FACE_OUTER_BOUND ( 'NONE', #638, .T. ) ;
#4805 = DIRECTION ( 'NONE',  ( 0.0000000000000000000, 0.0000000000000000000, -1.000000000000000000 ) ) ;
#4806 = DIRECTION ( 'NONE',  ( -1.000000000000000000, 0.0000000000000000000, -0.0000000000000000000 ) ) ;
#4807 = ORIENTED_EDGE ( 'NONE', *, *, #4128, .F. ) ;
#4808 = DIRECTION ( 'NONE',  ( 0.0000000000000000000, 1.000000000000000000, -0.0000000000000000000 ) ) ;
#4809 = CARTESIAN_POINT ( 'NONE',  ( -29.12499999999998900, 25.89999999999999900, 5.000000000000001800 ) ) ;
#4810 = CARTESIAN_POINT ( 'NONE',  ( -31.55000000000002900, 25.30000000000000100, -3.324999999999669800 ) ) ;
#4811 = CIRCLE ( 'NONE', #3963, 0.3999999999999993000 ) ;
#4812 = DIRECTION ( 'NONE',  ( 1.000000000000000000, 0.0000000000000000000, -0.0000000000000000000 ) ) ;
#4813 = CYLINDRICAL_SURFACE ( 'NONE', #3891, 1.000000000000000400 ) ;
#4814 = EDGE_CURVE ( 'NONE', #5798, #8035, #8762, .T. ) ;
#4815 = ADVANCED_FACE ( 'NONE', ( #5672 ), #1529, .F. ) ;
#4816 = DIRECTION ( 'NONE',  ( 0.0000000000000000000, 0.0000000000000000000, -1.000000000000000000 ) ) ;
#4817 = SURFACE_STYLE_FILL_AREA ( #3275 ) ;
#4818 = CARTESIAN_POINT ( 'NONE',  ( 0.0000000000000000000, 0.6999999999999999600, 0.0000000000000000000 ) ) ;
#4819 = AXIS2_PLACEMENT_3D ( 'NONE', #8638, #4549, #4038 ) ;
#4820 = VECTOR ( 'NONE', #6869, 1000.000000000000000 ) ;
#4821 = DIRECTION ( 'NONE',  ( -1.000000000000000000, 0.0000000000000000000, -0.0000000000000000000 ) ) ;
#4822 = EDGE_CURVE ( 'NONE', #4498, #769, #6727, .T. ) ;
#4823 = ORIENTED_EDGE ( 'NONE', *, *, #696, .F. ) ;
#4824 = CARTESIAN_POINT ( 'NONE',  ( 12.76500000000000600, -1.770000000000000000, 0.0000000000000000000 ) ) ;
#4825 = CIRCLE ( 'NONE', #3544, 6.000000000000000000 ) ;
#4826 = DIRECTION ( 'NONE',  ( 0.0000000000000000000, 0.0000000000000000000, -1.000000000000000000 ) ) ;
#4827 = CARTESIAN_POINT ( 'NONE',  ( -20.42499999999999000, 18.55000000000000100, -3.499999999999997300 ) ) ;
#4828 = LINE ( 'NONE', #1979, #7052 ) ;
#4829 = ORIENTED_EDGE ( 'NONE', *, *, #4843, .T. ) ;
#4830 = EDGE_CURVE ( 'NONE', #1643, #7718, #6738, .T. ) ;
#4831 = FACE_OUTER_BOUND ( 'NONE', #4970, .T. ) ;
#4832 = CARTESIAN_POINT ( 'NONE',  ( 21.79840395607028800, 19.75000000000000000, -1.850000000000000800 ) ) ;
#4833 = ORIENTED_EDGE ( 'NONE', *, *, #694, .T. ) ;
#4834 = CARTESIAN_POINT ( 'NONE',  ( 21.79840395607028800, -8.650000000000000400, -1.850000000000000800 ) ) ;
#4835 = DIRECTION ( 'NONE',  ( 0.0000000000000000000, -0.0000000000000000000, -1.000000000000000000 ) ) ;
#4836 = CARTESIAN_POINT ( 'NONE',  ( -8.724999999999996100, -1.570000000000000100, 2.299999999999999800 ) ) ;
#4837 = ORIENTED_EDGE ( 'NONE', *, *, #1281, .F. ) ;
#4838 =( BOUNDED_CURVE ( )  B_SPLINE_CURVE ( 3, ( #992, #2316, #1750, #1659 ),
 .UNSPECIFIED., .F., .F. ) 
 B_SPLINE_CURVE_WITH_KNOTS ( ( 4, 4 ),
 ( 4.712388980384689700, 6.283185307179586200 ),
 .UNSPECIFIED. ) 
 CURVE ( )  GEOMETRIC_REPRESENTATION_ITEM ( )  RATIONAL_B_SPLINE_CURVE ( ( 1.000000000000000000, 0.8047378541243649400, 0.8047378541243649400, 1.000000000000000000 ) ) 
 REPRESENTATION_ITEM ( '' )  );
#4839 = ORIENTED_EDGE ( 'NONE', *, *, #5852, .F. ) ;
#4840 = LINE ( 'NONE', #1567, #293 ) ;
#4841 = ORIENTED_EDGE ( 'NONE', *, *, #4258, .T. ) ;
#4842 = ADVANCED_FACE ( 'NONE', ( #5874 ), #8129, .T. ) ;
#4843 = EDGE_CURVE ( 'NONE', #4719, #6525, #3132, .T. ) ;
#4844 = CARTESIAN_POINT ( 'NONE',  ( -25.12499999999998600, 6.442151305867749800, 5.200000000000002000 ) ) ;
#4845 = CARTESIAN_POINT ( 'NONE',  ( 35.21137405742652500, 11.04930329220430400, 2.853064319519973000 ) ) ;
#4846 = ORIENTED_EDGE ( 'NONE', *, *, #5107, .F. ) ;
#4847 = DIRECTION ( 'NONE',  ( -0.0000000000000000000, -1.000000000000000000, -0.0000000000000000000 ) ) ;
#4848 = ORIENTED_EDGE ( 'NONE', *, *, #1327, .T. ) ;
#4849 = EDGE_CURVE ( 'NONE', #1391, #4516, #1326, .T. ) ;
#4850 = FACE_BOUND ( 'NONE', #3517, .T. ) ;
#4851 = ORIENTED_EDGE ( 'NONE', *, *, #6073, .T. ) ;
#4852 = DIRECTION ( 'NONE',  ( 0.0000000000000000000, -0.0000000000000000000, -1.000000000000000000 ) ) ;
#4853 = AXIS2_PLACEMENT_3D ( 'NONE', #5928, #7388, #3985 ) ;
#4854 = DIRECTION ( 'NONE',  ( 0.0000000000000000000, 0.0000000000000000000, 1.000000000000000000 ) ) ;
#4856 = ADVANCED_FACE ( 'NONE', ( #4929 ), #3782, .T. ) ;
#4855 = CARTESIAN_POINT ( 'NONE',  ( -31.89999999999997700, 25.30000000000000100, 2.275000000000333400 ) ) ;
#4857 = DIRECTION ( 'NONE',  ( -1.000000000000000000, 0.0000000000000000000, 0.0000000000000000000 ) ) ;
#4858 = AXIS2_PLACEMENT_3D ( 'NONE', #385, #3740, #361 ) ;
#4859 = ORIENTED_EDGE ( 'NONE', *, *, #8488, .T. ) ;
#4860 = FACE_OUTER_BOUND ( 'NONE', #5598, .T. ) ;
#4861 = ORIENTED_EDGE ( 'NONE', *, *, #5029, .F. ) ;
#4862 = CARTESIAN_POINT ( 'NONE',  ( 23.76500000000000400, 26.39999999999999900, 0.0000000000000000000 ) ) ;
#4863 = EDGE_CURVE ( 'NONE', #3231, #849, #8328, .T. ) ;
#4864 = ORIENTED_EDGE ( 'NONE', *, *, #1327, .F. ) ;
#4865 = CARTESIAN_POINT ( 'NONE',  ( 34.87500000000000700, 18.44999999999999900, 6.700000000000000200 ) ) ;
#4866 = CARTESIAN_POINT ( 'NONE',  ( 1.575000000000008800, 0.6999999999999999600, -6.200000000000000200 ) ) ;
#4867 = DIRECTION ( 'NONE',  ( 0.0000000000000000000, 0.0000000000000000000, 1.000000000000000000 ) ) ;
#4868 = ORIENTED_EDGE ( 'NONE', *, *, #5065, .T. ) ;
#4869 = TOROIDAL_SURFACE ( 'NONE', #5032, 0.4000000000000000200, 0.2000000000000000100 ) ;
#4870 = DIRECTION ( 'NONE',  ( -0.0000000000000000000, -1.000000000000000000, 2.125886612716674300E-017 ) ) ;
#4871 = VERTEX_POINT ( 'NONE', #7484 ) ;
#4872 = EDGE_LOOP ( 'NONE', ( #6309, #6182, #49, #7232 ) ) ;
#4873 = EDGE_CURVE ( 'NONE', #3834, #1998, #8536, .T. ) ;
#4874 = PRESENTATION_LAYER_ASSIGNMENT (  '', '', ( #4987 ) ) ;
#4875 = EDGE_LOOP ( 'NONE', ( #2545, #3561, #7838, #4558 ) ) ;
#4876 = VERTEX_POINT ( 'NONE', #1484 ) ;
#4877 = ORIENTED_EDGE ( 'NONE', *, *, #2430, .T. ) ;
#4878 = VERTEX_POINT ( 'NONE', #4019 ) ;
#4879 = DIRECTION ( 'NONE',  ( 1.000000000000000000, 0.0000000000000000000, 0.0000000000000000000 ) ) ;
#4880 = VERTEX_POINT ( 'NONE', #2823 ) ;
#4881 = EDGE_CURVE ( 'NONE', #5575, #3202, #894, .T. ) ;
#4882 = DIRECTION ( 'NONE',  ( 0.9659258262890690900, -0.2588190451025178000, 0.0000000000000000000 ) ) ;
#4883 = VERTEX_POINT ( 'NONE', #2251 ) ;
#4884 = EDGE_LOOP ( 'NONE', ( #4504, #1443, #6991, #215 ) ) ;
#4885 = FACE_OUTER_BOUND ( 'NONE', #4422, .T. ) ;
#4886 = ORIENTED_EDGE ( 'NONE', *, *, #8505, .F. ) ;
#4887 = EDGE_LOOP ( 'NONE', ( #3284, #2386, #4225, #2209 ) ) ;
#4888 = CARTESIAN_POINT ( 'NONE',  ( -8.778589838486221100, 0.1464101615137757300, -2.500000000000000000 ) ) ;
#4889 = DIRECTION ( 'NONE',  ( 0.0000000000000000000, 0.0000000000000000000, -1.000000000000000000 ) ) ;
#4890 = CARTESIAN_POINT ( 'NONE',  ( 35.17500000000001800, 7.474999999999998800, 3.100000000000000100 ) ) ;
#4891 = ORIENTED_EDGE ( 'NONE', *, *, #6557, .F. ) ;
#4892 = VECTOR ( 'NONE', #4672, 1000.000000000000000 ) ;
#4893 = CIRCLE ( 'NONE', #5197, 0.2999999999999999300 ) ;
#4894 = EDGE_CURVE ( 'NONE', #3705, #3682, #7694, .T. ) ;
#4895 = ADVANCED_FACE ( 'NONE', ( #1746 ), #7904, .T. ) ;
#4896 = DIRECTION ( 'NONE',  ( 0.0000000000000000000, 0.0000000000000000000, -1.000000000000000000 ) ) ;
#4897 = LINE ( 'NONE', #759, #4465 ) ;
#4898 = CARTESIAN_POINT ( 'NONE',  ( 0.0000000000000000000, 0.6999999999999999600, 0.0000000000000000000 ) ) ;
#4899 = ORIENTED_EDGE ( 'NONE', *, *, #902, .T. ) ;
#4900 = ORIENTED_EDGE ( 'NONE', *, *, #7988, .F. ) ;
#4901 = VECTOR ( 'NONE', #10, 1000.000000000000000 ) ;
#4902 = PLANE ( 'NONE',  #6271 ) ;
#4903 = ADVANCED_FACE ( 'NONE', ( #2701 ), #3990, .T. ) ;
#4904 = FACE_OUTER_BOUND ( 'NONE', #5400, .T. ) ;
#4905 = DIRECTION ( 'NONE',  ( 0.0000000000000000000, 0.0000000000000000000, 1.000000000000000000 ) ) ;
#4906 = CARTESIAN_POINT ( 'NONE',  ( -31.90000000000002700, 25.30000000000000100, -2.274999999999666400 ) ) ;
#4907 = CIRCLE ( 'NONE', #6722, 1.250000000000001100 ) ;
#4908 = VERTEX_POINT ( 'NONE', #2917 ) ;
#4909 = CARTESIAN_POINT ( 'NONE',  ( -13.82499999999999400, 0.09999999999999939500, -5.200000000000001100 ) ) ;
#4910 = AXIS2_PLACEMENT_3D ( 'NONE', #7756, #7640, #7675 ) ;
#4911 = CYLINDRICAL_SURFACE ( 'NONE', #6273, 0.5999999999999985300 ) ;
#4912 = CARTESIAN_POINT ( 'NONE',  ( -31.55000000000003600, 25.30000000000000100, -3.674999999999669400 ) ) ;
#4913 = CYLINDRICAL_SURFACE ( 'NONE', #8090, 6.000000000000000000 ) ;
#4914 = DIRECTION ( 'NONE',  ( -0.0000000000000000000, 1.000000000000000000, -0.0000000000000000000 ) ) ;
#4915 = CARTESIAN_POINT ( 'NONE',  ( 1.875000000000007500, 0.6000000000000000900, 4.824999999999999300 ) ) ;
#4916 = CARTESIAN_POINT ( 'NONE',  ( -8.951794919243109700, 0.04641016151377561100, 2.299999999999999800 ) ) ;
#4917 = EDGE_CURVE ( 'NONE', #4908, #6014, #7702, .T. ) ;
#4918 = CARTESIAN_POINT ( 'NONE',  ( 1.875000000000007500, 0.6000000000000000900, -4.824999999999999300 ) ) ;
#4919 = FACE_OUTER_BOUND ( 'NONE', #935, .T. ) ;
#4920 = AXIS2_PLACEMENT_3D ( 'NONE', #7227, #6486, #7157 ) ;
#4921 = CYLINDRICAL_SURFACE ( 'NONE', #1765, 1.495000000000005700 ) ;
#4922 = AXIS2_PLACEMENT_3D ( 'NONE', #1944, #627, #3258 ) ;
#4923 = DIRECTION ( 'NONE',  ( -0.0000000000000000000, -1.000000000000000000, -0.0000000000000000000 ) ) ;
#4924 = CARTESIAN_POINT ( 'NONE',  ( -31.55000000000000100, 25.30000000000000100, -0.5249999999996698400 ) ) ;
#4925 = ORIENTED_EDGE ( 'NONE', *, *, #2730, .T. ) ;
#4926 = DIRECTION ( 'NONE',  ( 0.0000000000000000000, 0.0000000000000000000, 1.000000000000000000 ) ) ;
#4927 = VECTOR ( 'NONE', #8554, 1000.000000000000000 ) ;
#4928 = EDGE_CURVE ( 'NONE', #8353, #534, #5886, .T. ) ;
#4929 = FACE_OUTER_BOUND ( 'NONE', #1398, .T. ) ;
#4930 = LINE ( 'NONE', #801, #8428 ) ;
#4931 = ORIENTED_EDGE ( 'NONE', *, *, #2115, .T. ) ;
#4932 = DIRECTION ( 'NONE',  ( 0.0000000000000000000, 0.0000000000000000000, -1.000000000000000000 ) ) ;
#4933 = AXIS2_PLACEMENT_3D ( 'NONE', #6227, #2367, #7945 ) ;
#4934 = DIRECTION ( 'NONE',  ( 0.0000000000000000000, 0.0000000000000000000, 1.000000000000000000 ) ) ;
#4935 = ORIENTED_EDGE ( 'NONE', *, *, #6210, .T. ) ;
#4936 = VECTOR ( 'NONE', #6268, 1000.000000000000000 ) ;
#4937 = CARTESIAN_POINT ( 'NONE',  ( 0.0000000000000000000, 25.30000000000000100, 0.0000000000000000000 ) ) ;
#4938 = ORIENTED_EDGE ( 'NONE', *, *, #2, .T. ) ;
#4939 = ORIENTED_EDGE ( 'NONE', *, *, #4068, .T. ) ;
#4940 = EDGE_CURVE ( 'NONE', #3864, #2911, #2495, .T. ) ;
#4941 = VERTEX_POINT ( 'NONE', #163 ) ;
#4942 = CARTESIAN_POINT ( 'NONE',  ( 1.575000000000008800, 0.6999999999999999600, -6.200000000000000200 ) ) ;
#4944 = ADVANCED_FACE ( 'NONE', ( #3027 ), #2794, .T. ) ;
#4943 = SURFACE_STYLE_USAGE ( .BOTH. , #6984 ) ;
#4945 = ORIENTED_EDGE ( 'NONE', *, *, #973, .T. ) ;
#4946 = CYLINDRICAL_SURFACE ( 'NONE', #2491, 0.2000000000000005100 ) ;
#4947 = EDGE_LOOP ( 'NONE', ( #3710, #3273, #6783, #6778, #4997, #535 ) ) ;
#4948 = VERTEX_POINT ( 'NONE', #830 ) ;
#4949 = DIRECTION ( 'NONE',  ( -1.000000000000000000, 0.0000000000000000000, -0.0000000000000000000 ) ) ;
#4950 = CYLINDRICAL_SURFACE ( 'NONE', #6069, 0.1999999999999996500 ) ;
#4951 = EDGE_LOOP ( 'NONE', ( #1534, #5062, #6740, #831 ) ) ;
#4952 = AXIS2_PLACEMENT_3D ( 'NONE', #1973, #8562, #1999 ) ;
#4953 = ORIENTED_EDGE ( 'NONE', *, *, #3318, .T. ) ;
#4954 = CYLINDRICAL_SURFACE ( 'NONE', #8745, 1.000000000000000400 ) ;
#4955 = DIRECTION ( 'NONE',  ( 0.0000000000000000000, 1.000000000000000000, 0.0000000000000000000 ) ) ;
#4956 = AXIS2_PLACEMENT_3D ( 'NONE', #1732, #5153, #5060 ) ;
#4957 = FILL_AREA_STYLE ('',( #322 ) ) ;
#4958 = CARTESIAN_POINT ( 'NONE',  ( 23.76500000000000400, -0.2999999999999999900, -2.700000000000001100 ) ) ;
#4959 = DIRECTION ( 'NONE',  ( 0.0000000000000000000, 0.0000000000000000000, -1.000000000000000000 ) ) ;
#4960 = ORIENTED_EDGE ( 'NONE', *, *, #7622, .T. ) ;
#4961 = CARTESIAN_POINT ( 'NONE',  ( -26.62499999999998600, 18.55000000000000100, 5.200000000000002000 ) ) ;
#4962 = EDGE_CURVE ( 'NONE', #4771, #3446, #6628, .T. ) ;
#4963 = EDGE_LOOP ( 'NONE', ( #1483, #4415, #6315 ) ) ;
#4964 = LINE ( 'NONE', #140, #832 ) ;
#4965 = CARTESIAN_POINT ( 'NONE',  ( 1.875000000000007500, 0.6000000000000000900, 5.899999999999997700 ) ) ;
#4966 = DIRECTION ( 'NONE',  ( -0.0000000000000000000, -1.000000000000000000, -0.0000000000000000000 ) ) ;
#4967 = DIRECTION ( 'NONE',  ( -0.0000000000000000000, -1.000000000000000000, -0.0000000000000000000 ) ) ;
#4968 = CARTESIAN_POINT ( 'NONE',  ( 23.76500000000000400, 19.75000000000000000, 0.0000000000000000000 ) ) ;
#4969 = CARTESIAN_POINT ( 'NONE',  ( 2.343321059990330900, 0.0000000000000000000, 8.208029568700457200 ) ) ;
#4970 = EDGE_LOOP ( 'NONE', ( #128, #3417, #7035, #6369 ) ) ;
#4971 = CARTESIAN_POINT ( 'NONE',  ( -6.624999999999996400, -1.770000000000000000, 2.500000000000000000 ) ) ;
#4972 = AXIS2_PLACEMENT_3D ( 'NONE', #7169, #4608, #6795 ) ;
#4973 = ORIENTED_EDGE ( 'NONE', *, *, #4442, .F. ) ;
#4974 = ORIENTED_EDGE ( 'NONE', *, *, #2593, .F. ) ;
#4975 = FACE_OUTER_BOUND ( 'NONE', #4884, .T. ) ;
#4976 = EDGE_CURVE ( 'NONE', #4979, #1663, #6421, .T. ) ;
#4977 = DIRECTION ( 'NONE',  ( -0.0000000000000000000, -1.000000000000000000, -0.0000000000000000000 ) ) ;
#4978 = ORIENTED_EDGE ( 'NONE', *, *, #233, .F. ) ;
#4979 = VERTEX_POINT ( 'NONE', #4924 ) ;
#4980 = FACE_OUTER_BOUND ( 'NONE', #2938, .T. ) ;
#4981 = CIRCLE ( 'NONE', #5137, 0.2000000000000000900 ) ;
#4982 = DIRECTION ( 'NONE',  ( 0.0000000000000000000, -1.000000000000000000, 0.0000000000000000000 ) ) ;
#4983 = VERTEX_POINT ( 'NONE', #1450 ) ;
#4984 = EDGE_LOOP ( 'NONE', ( #1594, #5051, #6155, #5687, #5829, #5824, #3059, #3411 ) ) ;
#4985 = CARTESIAN_POINT ( 'NONE',  ( -9.124999999999998200, 20.30358983848622900, 2.500000000000000000 ) ) ;
#4986 = ORIENTED_EDGE ( 'NONE', *, *, #3144, .T. ) ;
#4987 = STYLED_ITEM ( 'NONE', ( #3055 ), #3103 ) ;
#4988 = ADVANCED_FACE ( 'NONE', ( #5033 ), #283, .T. ) ;
#4989 = ORIENTED_EDGE ( 'NONE', *, *, #7863, .T. ) ;
#4990 = LINE ( 'NONE', #485, #1287 ) ;
#4991 = LINE ( 'NONE', #1133, #1811 ) ;
#4992 = EDGE_LOOP ( 'NONE', ( #6225, #5931, #3708, #3046 ) ) ;
#4993 = EDGE_CURVE ( 'NONE', #5485, #1985, #5252, .T. ) ;
#4994 = CARTESIAN_POINT ( 'NONE',  ( -29.12499999999998900, 20.89999999999999900, 5.000000000000001800 ) ) ;
#4995 = DIRECTION ( 'NONE',  ( -0.0000000000000000000, -0.0000000000000000000, 1.000000000000000000 ) ) ;
#4996 = LINE ( 'NONE', #44, #2888 ) ;
#4997 = ORIENTED_EDGE ( 'NONE', *, *, #1753, .T. ) ;
#4998 = ORIENTED_EDGE ( 'NONE', *, *, #7033, .F. ) ;
#4999 = VECTOR ( 'NONE', #8788, 1000.000000000000000 ) ;
#5000 = EDGE_CURVE ( 'NONE', #2168, #3390, #8227, .T. ) ;
#5001 = DIRECTION ( 'NONE',  ( 0.0000000000000000000, -1.000000000000000000, 0.0000000000000000000 ) ) ;
#5002 = DIRECTION ( 'NONE',  ( -0.0000000000000000000, -1.000000000000000000, -0.0000000000000000000 ) ) ;
#5003 = LINE ( 'NONE', #5131, #4683 ) ;
#5004 = EDGE_LOOP ( 'NONE', ( #6343, #4837, #4532, #819 ) ) ;
#5005 = VECTOR ( 'NONE', #1314, 1000.000000000000000 ) ;
#5006 = DIRECTION ( 'NONE',  ( -1.000000000000000000, 0.0000000000000000000, 0.0000000000000000000 ) ) ;
#5007 = DIRECTION ( 'NONE',  ( 0.0000000000000000000, 1.000000000000000000, 0.0000000000000000000 ) ) ;
#5008 = DIRECTION ( 'NONE',  ( -0.0000000000000000000, -0.0000000000000000000, -1.000000000000000000 ) ) ;
#5009 = VECTOR ( 'NONE', #3975, 1000.000000000000000 ) ;
#5010 = DIRECTION ( 'NONE',  ( 0.0000000000000000000, 1.000000000000000000, 0.0000000000000000000 ) ) ;
#5011 = DIRECTION ( 'NONE',  ( 0.0000000000000000000, 0.0000000000000000000, -1.000000000000000000 ) ) ;
#5012 = EDGE_CURVE ( 'NONE', #5835, #7054, #1634, .T. ) ;
#5013 = CIRCLE ( 'NONE', #1606, 1.539999999999999600 ) ;
#5014 = ORIENTED_EDGE ( 'NONE', *, *, #5493, .T. ) ;
#5015 = CARTESIAN_POINT ( 'NONE',  ( -0.8249999999999924100, 18.44999999999999900, 11.19999999999999900 ) ) ;
#5016 = DIRECTION ( 'NONE',  ( 0.0000000000000000000, -1.000000000000000000, 9.451687981113238900E-017 ) ) ;
#5017 = CIRCLE ( 'NONE', #6896, 0.2999999999999999300 ) ;
#5018 = PLANE ( 'NONE',  #490 ) ;
#5019 = CARTESIAN_POINT ( 'NONE',  ( 2.950000000000007700, 0.6000000000000000900, -6.499999999999998200 ) ) ;
#5020 = VECTOR ( 'NONE', #5653, 1000.000000000000000 ) ;
#5021 = AXIS2_PLACEMENT_3D ( 'NONE', #667, #8757, #3415 ) ;
#5022 = ORIENTED_EDGE ( 'NONE', *, *, #7188, .F. ) ;
#5023 = LINE ( 'NONE', #2256, #997 ) ;
#5024 = PLANE ( 'NONE',  #1725 ) ;
#5026 = ADVANCED_FACE ( 'NONE', ( #8012 ), #2336, .F. ) ;
#5025 = CARTESIAN_POINT ( 'NONE',  ( -8.951794919243109700, 20.20358983848623100, -2.500000000000000000 ) ) ;
#5027 = DIRECTION ( 'NONE',  ( 0.0000000000000000000, -1.000000000000000000, 0.0000000000000000000 ) ) ;
#5028 = LINE ( 'NONE', #543, #5245 ) ;
#5029 = EDGE_CURVE ( 'NONE', #4555, #4211, #8656, .T. ) ;
#5030 = ORIENTED_EDGE ( 'NONE', *, *, #2294, .T. ) ;
#5031 = CIRCLE ( 'NONE', #8084, 1.000000000000000400 ) ;
#5032 = AXIS2_PLACEMENT_3D ( 'NONE', #2712, #8720, #5347 ) ;
#5033 = FACE_OUTER_BOUND ( 'NONE', #1162, .T. ) ;
#5034 = CARTESIAN_POINT ( 'NONE',  ( 32.67500000000000400, 0.0000000000000000000, -8.500000000000000000 ) ) ;
#5035 = ORIENTED_EDGE ( 'NONE', *, *, #1805, .F. ) ;
#5036 = DIRECTION ( 'NONE',  ( 0.0000000000000000000, -1.000000000000000000, 0.0000000000000000000 ) ) ;
#5037 = PLANE ( 'NONE',  #6549 ) ;
#5038 = EDGE_CURVE ( 'NONE', #6886, #7541, #6105, .T. ) ;
#5039 = CARTESIAN_POINT ( 'NONE',  ( 25.73159604392972000, -8.650000000000000400, 1.849999999999999400 ) ) ;
#5040 = CIRCLE ( 'NONE', #3920, 1.540000000000001400 ) ;
#5041 = ORIENTED_EDGE ( 'NONE', *, *, #8350, .T. ) ;
#5042 = SURFACE_SIDE_STYLE ('',( #2779 ) ) ;
#5043 = DIRECTION ( 'NONE',  ( -0.0000000000000000000, -1.000000000000000000, -0.0000000000000000000 ) ) ;
#5044 = VERTEX_POINT ( 'NONE', #6436 ) ;
#5045 = CARTESIAN_POINT ( 'NONE',  ( 23.76500000000000400, -0.2999999999999999900, 0.0000000000000000000 ) ) ;
#5046 = ORIENTED_EDGE ( 'NONE', *, *, #624, .F. ) ;
#5047 = CARTESIAN_POINT ( 'NONE',  ( 0.0000000000000000000, 21.82000000000000700, 2.500000000000000000 ) ) ;
#5048 = VERTEX_POINT ( 'NONE', #6408 ) ;
#5049 = FACE_OUTER_BOUND ( 'NONE', #2262, .T. ) ;
#5050 = EDGE_CURVE ( 'NONE', #923, #2836, #2601, .T. ) ;
#5051 = ORIENTED_EDGE ( 'NONE', *, *, #6111, .T. ) ;
#5052 = CARTESIAN_POINT ( 'NONE',  ( 1.275000000000007500, 0.6000000000000000900, -4.824999999999999300 ) ) ;
#5053 = CARTESIAN_POINT ( 'NONE',  ( 32.67500000000000400, 0.6999999999999999600, 9.499999999999998200 ) ) ;
#5054 = PLANE ( 'NONE',  #3946 ) ;
#5055 = CARTESIAN_POINT ( 'NONE',  ( -31.89999999999999900, 25.30000000000000100, 0.5250000000003337600 ) ) ;
#5056 = VERTEX_POINT ( 'NONE', #4330 ) ;
#5057 = LINE ( 'NONE', #3684, #4424 ) ;
#5058 = EDGE_CURVE ( 'NONE', #5715, #3864, #2710, .T. ) ;
#5059 = EDGE_LOOP ( 'NONE', ( #7098, #177, #8272, #5724 ) ) ;
#5060 = DIRECTION ( 'NONE',  ( 1.000000000000000000, 0.0000000000000000000, -9.912705577010238600E-015 ) ) ;
#5061 = EDGE_CURVE ( 'NONE', #1353, #1889, #2167, .T. ) ;
#5062 = ORIENTED_EDGE ( 'NONE', *, *, #7701, .F. ) ;
#5063 = CARTESIAN_POINT ( 'NONE',  ( -21.52499999999998800, 0.09999999999999977000, -2.499999999999999600 ) ) ;
#5064 = DIRECTION ( 'NONE',  ( 0.0000000000000000000, 0.0000000000000000000, 1.000000000000000000 ) ) ;
#5065 = EDGE_CURVE ( 'NONE', #1884, #7466, #6845, .T. ) ;
#5066 = CARTESIAN_POINT ( 'NONE',  ( 1.575000000000008800, 0.6999999999999999600, -6.200000000000000200 ) ) ;
#5067 = VERTEX_POINT ( 'NONE', #7799 ) ;
#5068 = LINE ( 'NONE', #4616, #405 ) ;
#5069 = DIRECTION ( 'NONE',  ( 0.0000000000000000000, -1.000000000000000000, 0.0000000000000000000 ) ) ;
#5070 = ORIENTED_EDGE ( 'NONE', *, *, #391, .F. ) ;
#5071 = ADVANCED_FACE ( 'NONE', ( #1953 ), #2305, .F. ) ;
#5072 = AXIS2_PLACEMENT_3D ( 'NONE', #3308, #3995, #8105 ) ;
#5073 = ORIENTED_EDGE ( 'NONE', *, *, #6821, .F. ) ;
#5074 = CARTESIAN_POINT ( 'NONE',  ( 39.97500000000000100, 7.974999999999999600, 1.900000000000000100 ) ) ;
#5075 = AXIS2_PLACEMENT_3D ( 'NONE', #7174, #2555, #7859 ) ;
#5076 = VERTEX_POINT ( 'NONE', #3007 ) ;
#5077 = CARTESIAN_POINT ( 'NONE',  ( -32.72499999999999400, 25.89999999999999900, 4.599999999999999600 ) ) ;
#5078 = CYLINDRICAL_SURFACE ( 'NONE', #387, 0.2000000000000000900 ) ;
#5079 = CARTESIAN_POINT ( 'NONE',  ( 37.57500000000000300, 10.77500000000000000, 1.495000000000005700 ) ) ;
#5080 = ORIENTED_EDGE ( 'NONE', *, *, #2091, .F. ) ;
#5081 = VERTEX_POINT ( 'NONE', #2942 ) ;
#5082 = EDGE_CURVE ( 'NONE', #3696, #4119, #5986, .T. ) ;
#5083 = EDGE_LOOP ( 'NONE', ( #5166, #925, #3211, #5728 ) ) ;
#5084 = EDGE_LOOP ( 'NONE', ( #5193, #4115, #1474, #6034 ) ) ;
#5085 = DIRECTION ( 'NONE',  ( 0.0000000000000000000, -1.000000000000000000, 0.0000000000000000000 ) ) ;
#5086 = ORIENTED_EDGE ( 'NONE', *, *, #2195, .T. ) ;
#5087 = DIRECTION ( 'NONE',  ( 0.0000000000000000000, 0.0000000000000000000, -1.000000000000000000 ) ) ;
#5088 = AXIS2_PLACEMENT_3D ( 'NONE', #472, #5211, #6741 ) ;
#5089 = DIRECTION ( 'NONE',  ( 1.000000000000000000, 0.0000000000000000000, -7.350523203291557500E-017 ) ) ;
#5090 = AXIS2_PLACEMENT_3D ( 'NONE', #1131, #2436, #1016 ) ;
#5091 = ORIENTED_EDGE ( 'NONE', *, *, #7518, .T. ) ;
#5092 = LINE ( 'NONE', #8558, #5729 ) ;
#5093 = FACE_OUTER_BOUND ( 'NONE', #3373, .T. ) ;
#5094 = ORIENTED_EDGE ( 'NONE', *, *, #2474, .T. ) ;
#5095 =( LENGTH_UNIT ( ) NAMED_UNIT ( * ) SI_UNIT ( .MILLI., .METRE. ) );
#5096 = EDGE_CURVE ( 'NONE', #230, #4135, #5772, .T. ) ;
#5097 = PRESENTATION_STYLE_ASSIGNMENT (( #5478 ) ) ;
#5098 = DIRECTION ( 'NONE',  ( 1.982541115402067600E-014, -0.0000000000000000000, 1.000000000000000000 ) ) ;
#5099 = ORIENTED_EDGE ( 'NONE', *, *, #5318, .T. ) ;
#5100 = VERTEX_POINT ( 'NONE', #3751 ) ;
#5101 = VECTOR ( 'NONE', #4094, 1000.000000000000000 ) ;
#5102 = CYLINDRICAL_SURFACE ( 'NONE', #3329, 0.2000000000000000900 ) ;
#5103 = DIRECTION ( 'NONE',  ( -0.9659258262890690900, -0.2588190451025178500, 0.0000000000000000000 ) ) ;
#5104 = ORIENTED_EDGE ( 'NONE', *, *, #6872, .F. ) ;
#5105 = DIRECTION ( 'NONE',  ( -0.0000000000000000000, -0.0000000000000000000, -1.000000000000000000 ) ) ;
#5106 = COLOUR_RGB ( '',0.7921568627450980000, 0.8196078431372548800, 0.9333333333333333500 ) ;
#5107 = EDGE_CURVE ( 'NONE', #4352, #8268, #4304, .T. ) ;
#5108 = DIRECTION ( 'NONE',  ( 0.0000000000000000000, 0.0000000000000000000, 1.000000000000000000 ) ) ;
#5109 = DIRECTION ( 'NONE',  ( 0.0000000000000000000, -1.000000000000000000, 0.0000000000000000000 ) ) ;
#5110 = CIRCLE ( 'NONE', #885, 0.2000000000000000900 ) ;
#5111 = FACE_OUTER_BOUND ( 'NONE', #2323, .T. ) ;
#5112 = DIRECTION ( 'NONE',  ( 1.000000000000000000, 0.0000000000000000000, -9.912705577010238600E-015 ) ) ;
#5113 = ADVANCED_FACE ( 'NONE', ( #7382 ), #4366, .T. ) ;
#5114 = ORIENTED_EDGE ( 'NONE', *, *, #7941, .T. ) ;
#5115 = EDGE_CURVE ( 'NONE', #8223, #4880, #7270, .T. ) ;
#5116 = FACE_OUTER_BOUND ( 'NONE', #3778, .T. ) ;
#5117 = CARTESIAN_POINT ( 'NONE',  ( 23.76500000000000400, -0.2999999999999999900, 0.0000000000000000000 ) ) ;
#5118 = FACE_BOUND ( 'NONE', #5289, .T. ) ;
#5119 = DIRECTION ( 'NONE',  ( 0.0000000000000000000, 0.0000000000000000000, -1.000000000000000000 ) ) ;
#5120 = DIRECTION ( 'NONE',  ( 0.0000000000000000000, 0.0000000000000000000, -1.000000000000000000 ) ) ;
#5121 = DIRECTION ( 'NONE',  ( 0.0000000000000000000, -1.000000000000000000, 0.0000000000000000000 ) ) ;
#5122 = AXIS2_PLACEMENT_3D ( 'NONE', #8240, #125, #4070 ) ;
#5123 = CARTESIAN_POINT ( 'NONE',  ( -34.12499999999998600, 12.75000000000000400, 5.200000000000002000 ) ) ;
#5124 = CARTESIAN_POINT ( 'NONE',  ( -31.90000000000000600, 21.30000000000000100, -0.5249999999996664000 ) ) ;
#5125 = EDGE_CURVE ( 'NONE', #3725, #3071, #3776, .T. ) ;
#5126 = VECTOR ( 'NONE', #8222, 1000.000000000000000 ) ;
#5127 = ORIENTED_EDGE ( 'NONE', *, *, #4442, .T. ) ;
#5128 = EDGE_CURVE ( 'NONE', #7602, #2226, #2274, .T. ) ;
#5129 = VECTOR ( 'NONE', #5178, 1000.000000000000000 ) ;
#5130 = EDGE_CURVE ( 'NONE', #7588, #3487, #169, .T. ) ;
#5131 = CARTESIAN_POINT ( 'NONE',  ( 1.275000000000007500, 0.6000000000000000900, -7.574999999999999300 ) ) ;
#5132 = VERTEX_POINT ( 'NONE', #2393 ) ;
#5133 = CARTESIAN_POINT ( 'NONE',  ( 1.575000000000007300, 0.6999999999999999600, 4.049999999999999800 ) ) ;
#5134 = DIRECTION ( 'NONE',  ( 0.0000000000000000000, -1.000000000000000000, 0.0000000000000000000 ) ) ;
#5135 = VECTOR ( 'NONE', #185, 1000.000000000000000 ) ;
#5136 = VECTOR ( 'NONE', #1397, 1000.000000000000000 ) ;
#5137 = AXIS2_PLACEMENT_3D ( 'NONE', #2303, #5007, #4305 ) ;
#5138 = DIRECTION ( 'NONE',  ( 0.0000000000000000000, -1.000000000000000000, -0.0000000000000000000 ) ) ;
#5139 = VECTOR ( 'NONE', #1945, 1000.000000000000000 ) ;
#5140 = VERTEX_POINT ( 'NONE', #2277 ) ;
#5141 = MECHANICAL_DESIGN_GEOMETRIC_PRESENTATION_REPRESENTATION (  '', ( #3277 ), #224 ) ;
#5142 = CARTESIAN_POINT ( 'NONE',  ( 1.575000000000007300, 0.5000000000000000000, 4.599999999999998800 ) ) ;
#5143 = DIRECTION ( 'NONE',  ( 9.912705577010238600E-015, -0.0000000000000000000, 1.000000000000000000 ) ) ;
#5144 = ORIENTED_EDGE ( 'NONE', *, *, #2793, .T. ) ;
#5145 = DIRECTION ( 'NONE',  ( 0.0000000000000000000, -1.000000000000000000, 0.0000000000000000000 ) ) ;
#5146 = EDGE_CURVE ( 'NONE', #8223, #8364, #5351, .T. ) ;
#5147 = VECTOR ( 'NONE', #7586, 1000.000000000000000 ) ;
#5148 = CIRCLE ( 'NONE', #363, 1.495000000000005700 ) ;
#5149 = ORIENTED_EDGE ( 'NONE', *, *, #735, .T. ) ;
#5150 = ORIENTED_EDGE ( 'NONE', *, *, #2944, .F. ) ;
#5151 = DIRECTION ( 'NONE',  ( -0.0000000000000000000, -1.000000000000000000, -0.0000000000000000000 ) ) ;
#5152 = ORIENTED_EDGE ( 'NONE', *, *, #3992, .F. ) ;
#5153 = DIRECTION ( 'NONE',  ( 9.912705577010238600E-015, -0.0000000000000000000, 1.000000000000000000 ) ) ;
#5154 = DIRECTION ( 'NONE',  ( -0.0000000000000000000, -1.000000000000000000, -0.0000000000000000000 ) ) ;
#5155 = MECHANICAL_DESIGN_GEOMETRIC_PRESENTATION_REPRESENTATION (  '', ( #1239 ), #793 ) ;
#5156 = EDGE_LOOP ( 'NONE', ( #7344, #2644, #2892, #5073 ) ) ;
#5157 = DIRECTION ( 'NONE',  ( -0.0000000000000000000, -1.000000000000000000, -0.0000000000000000000 ) ) ;
#5158 = LINE ( 'NONE', #6015, #4417 ) ;
#5159 = CARTESIAN_POINT ( 'NONE',  ( -20.42499999999999000, 6.442151305867749800, -3.499999999999997300 ) ) ;
#5160 = ORIENTED_EDGE ( 'NONE', *, *, #4734, .T. ) ;
#5161 = CARTESIAN_POINT ( 'NONE',  ( -16.02499999999999100, 18.55000000000000100, 2.499999999999999600 ) ) ;
#5162 = EDGE_CURVE ( 'NONE', #3696, #536, #5678, .T. ) ;
#5163 = CARTESIAN_POINT ( 'NONE',  ( -31.54999999999997200, 25.30000000000000100, 2.275000000000330300 ) ) ;
#5164 = ADVANCED_FACE ( 'NONE', ( #1226 ), #7143, .F. ) ;
#5165 = ORIENTED_EDGE ( 'NONE', *, *, #7274, .T. ) ;
#5166 = ORIENTED_EDGE ( 'NONE', *, *, #5125, .T. ) ;
#5167 = LINE ( 'NONE', #7999, #3362 ) ;
#5168 = CARTESIAN_POINT ( 'NONE',  ( 1.575000000000007100, 0.6999999999999999600, -4.299999999999998900 ) ) ;
#5169 = CARTESIAN_POINT ( 'NONE',  ( 1.875000000000007500, 0.6000000000000000900, 7.574999999999999300 ) ) ;
#5170 = DIRECTION ( 'NONE',  ( 0.0000000000000000000, 1.000000000000000000, -0.0000000000000000000 ) ) ;
#5171 = CARTESIAN_POINT ( 'NONE',  ( 2.343321059990332700, 0.6999999999999999600, -8.208029568700457200 ) ) ;
#5172 = VERTEX_POINT ( 'NONE', #4444 ) ;
#5173 = EDGE_CURVE ( 'NONE', #1784, #104, #491, .T. ) ;
#5174 = VECTOR ( 'NONE', #3388, 1000.000000000000000 ) ;
#5175 = DIRECTION ( 'NONE',  ( 0.0000000000000000000, 0.0000000000000000000, 1.000000000000000000 ) ) ;
#5176 = CARTESIAN_POINT ( 'NONE',  ( -34.12499999999998600, 12.75000000000000200, -12.60000000000000100 ) ) ;
#5177 = EDGE_LOOP ( 'NONE', ( #6874, #8315, #8744, #746, #5300, #1177, #2411, #2137, #6459, #8584, #7004, #1981 ) ) ;
#5178 = DIRECTION ( 'NONE',  ( 1.000000000000000000, 0.0000000000000000000, 8.068481283613054800E-016 ) ) ;
#5179 = CARTESIAN_POINT ( 'NONE',  ( 35.77500000000001300, 7.974999999999999600, 3.100000000000000500 ) ) ;
#5180 = ORIENTED_EDGE ( 'NONE', *, *, #336, .F. ) ;
#5181 = ORIENTED_EDGE ( 'NONE', *, *, #6458, .F. ) ;
#5182 = ORIENTED_EDGE ( 'NONE', *, *, #696, .T. ) ;
#5183 = VECTOR ( 'NONE', #8318, 1000.000000000000000 ) ;
#5184 = AXIS2_PLACEMENT_3D ( 'NONE', #6357, #8410, #4959 ) ;
#5185 = CARTESIAN_POINT ( 'NONE',  ( -25.12499999999998900, 20.15000000000000200, -5.200000000000001100 ) ) ;
#5186 = ORIENTED_EDGE ( 'NONE', *, *, #8413, .T. ) ;
#5187 = CARTESIAN_POINT ( 'NONE',  ( -17.32499999999998500, 28.80000000000000100, 4.500000000000000900 ) ) ;
#5188 = EDGE_LOOP ( 'NONE', ( #5816, #8125 ) ) ;
#5189 = DIRECTION ( 'NONE',  ( -0.0000000000000000000, -1.000000000000000000, -0.0000000000000000000 ) ) ;
#5190 = ORIENTED_EDGE ( 'NONE', *, *, #3250, .T. ) ;
#5191 = ORIENTED_EDGE ( 'NONE', *, *, #7596, .F. ) ;
#5192 = CARTESIAN_POINT ( 'NONE',  ( -26.62499999999998900, 6.442151305867749800, -5.200000000000001100 ) ) ;
#5193 = ORIENTED_EDGE ( 'NONE', *, *, #2160, .T. ) ;
#5194 = CARTESIAN_POINT ( 'NONE',  ( -34.12499999999998600, 9.229210492142396300, 9.600000000000001400 ) ) ;
#5195 = ORIENTED_EDGE ( 'NONE', *, *, #6083, .F. ) ;
#5196 = CIRCLE ( 'NONE', #2939, 0.2000000000000000900 ) ;
#5197 = AXIS2_PLACEMENT_3D ( 'NONE', #7764, #6478, #401 ) ;
#5198 = EDGE_LOOP ( 'NONE', ( #3162, #1641, #852, #5425 ) ) ;
#5199 = VECTOR ( 'NONE', #6198, 1000.000000000000000 ) ;
#5200 = VERTEX_POINT ( 'NONE', #1740 ) ;
#5201 = CARTESIAN_POINT ( 'NONE',  ( -9.124999999999998200, 20.30358983848622900, -2.300000000000000300 ) ) ;
#5202 = CARTESIAN_POINT ( 'NONE',  ( -31.89999999999999100, 25.30000000000000100, 0.8750000000003334000 ) ) ;
#5203 = ORIENTED_EDGE ( 'NONE', *, *, #7806, .F. ) ;
#5204 = ORIENTED_EDGE ( 'NONE', *, *, #7960, .F. ) ;
#5205 = DIRECTION ( 'NONE',  ( 1.000000000000000000, 0.0000000000000000000, 0.0000000000000000000 ) ) ;
#5206 = EDGE_CURVE ( 'NONE', #1670, #1186, #7491, .T. ) ;
#5207 = ORIENTED_EDGE ( 'NONE', *, *, #7770, .T. ) ;
#5208 = CYLINDRICAL_SURFACE ( 'NONE', #4187, 0.5000000000000004400 ) ;
#5209 = LINE ( 'NONE', #6590, #4553 ) ;
#5210 = ORIENTED_EDGE ( 'NONE', *, *, #5811, .F. ) ;
#5211 = DIRECTION ( 'NONE',  ( -0.0000000000000000000, 1.000000000000000000, -0.0000000000000000000 ) ) ;
#5212 = AXIS2_PLACEMENT_3D ( 'NONE', #2353, #7101, #5087 ) ;
#5213 = DIRECTION ( 'NONE',  ( 0.0000000000000000000, 0.0000000000000000000, -1.000000000000000000 ) ) ;
#5215 = ADVANCED_FACE ( 'NONE', ( #2068 ), #2424, .F. ) ;
#5214 = CARTESIAN_POINT ( 'NONE',  ( -31.89999999999998400, 25.30000000000000100, 1.925000000000334000 ) ) ;
#5216 = CARTESIAN_POINT ( 'NONE',  ( -21.52499999999998800, 1.099999999999999900, 2.499999999999999600 ) ) ;
#5217 = AXIS2_PLACEMENT_3D ( 'NONE', #4112, #4785, #6152 ) ;
#5218 = CYLINDRICAL_SURFACE ( 'NONE', #1291, 1.250000000000001100 ) ;
#5219 = ORIENTED_EDGE ( 'NONE', *, *, #5987, .F. ) ;
#5220 = ORIENTED_EDGE ( 'NONE', *, *, #7268, .F. ) ;
#5221 = LINE ( 'NONE', #3378, #1602 ) ;
#5222 = EDGE_CURVE ( 'NONE', #2745, #2001, #802, .T. ) ;
#5223 = DIRECTION ( 'NONE',  ( 0.0000000000000000000, 1.000000000000000000, 0.0000000000000000000 ) ) ;
#5224 = CARTESIAN_POINT ( 'NONE',  ( 0.5750000000000076200, 18.34999999999999800, -9.799999999999997200 ) ) ;
#5226 = ADVANCED_FACE ( 'NONE', ( #7798 ), #7173, .F. ) ;
#5225 = DIRECTION ( 'NONE',  ( -8.068481283613054800E-016, 0.0000000000000000000, -1.000000000000000000 ) ) ;
#5227 = CIRCLE ( 'NONE', #7921, 2.700000000000001100 ) ;
#5228 = CARTESIAN_POINT ( 'NONE',  ( -31.55000000000002900, 21.30000000000000100, -3.324999999999669800 ) ) ;
#5229 = VECTOR ( 'NONE', #7693, 1000.000000000000000 ) ;
#5230 = DIRECTION ( 'NONE',  ( -2.040851148208002500E-015, 0.0000000000000000000, -1.000000000000000000 ) ) ;
#5231 = VECTOR ( 'NONE', #6452, 1000.000000000000000 ) ;
#5232 = EDGE_CURVE ( 'NONE', #3599, #5575, #4199, .T. ) ;
#5233 = DIRECTION ( 'NONE',  ( 0.0000000000000000000, 1.219727444046192500E-016, 1.000000000000000000 ) ) ;
#5234 = CARTESIAN_POINT ( 'NONE',  ( -26.62499999999998900, 25.89999999999999900, -6.000000000000000900 ) ) ;
#5235 = LINE ( 'NONE', #1874, #1930 ) ;
#5236 = EDGE_LOOP ( 'NONE', ( #3012, #4655, #8402, #3048 ) ) ;
#5237 = CARTESIAN_POINT ( 'NONE',  ( -16.02499999999999100, 20.15000000000000200, 2.499999999999999600 ) ) ;
#5238 = VECTOR ( 'NONE', #3351, 1000.000000000000000 ) ;
#5239 = CARTESIAN_POINT ( 'NONE',  ( -20.42499999999999000, 18.55000000000000100, -3.499999999999997300 ) ) ;
#5240 = LINE ( 'NONE', #7814, #5865 ) ;
#5241 = ORIENTED_EDGE ( 'NONE', *, *, #2240, .F. ) ;
#5242 = FACE_OUTER_BOUND ( 'NONE', #3839, .T. ) ;
#5243 = CARTESIAN_POINT ( 'NONE',  ( -34.12499999999998600, 20.10662966309981300, 6.000000000000000000 ) ) ;
#5244 = CARTESIAN_POINT ( 'NONE',  ( -6.624999999999996400, 21.82000000000000700, 2.500000000000000000 ) ) ;
#5245 = VECTOR ( 'NONE', #4120, 1000.000000000000000 ) ;
#5246 = DIRECTION ( 'NONE',  ( -1.000000000000000000, 0.0000000000000000000, 0.0000000000000000000 ) ) ;
#5247 = AXIS2_PLACEMENT_3D ( 'NONE', #8585, #7222, #4563 ) ;
#5248 = DIRECTION ( 'NONE',  ( 0.0000000000000000000, 1.000000000000000000, -9.451687981113238900E-017 ) ) ;
#5249 = ADVANCED_FACE ( 'NONE', ( #5455 ), #8571, .T. ) ;
#5250 = ORIENTED_EDGE ( 'NONE', *, *, #6410, .F. ) ;
#5251 = FACE_OUTER_BOUND ( 'NONE', #8710, .T. ) ;
#5252 = CIRCLE ( 'NONE', #6714, 0.9999999999999974500 ) ;
#5253 = EDGE_CURVE ( 'NONE', #5076, #5320, #3457, .T. ) ;
#5254 = ORIENTED_EDGE ( 'NONE', *, *, #7117, .T. ) ;
#5255 = DIRECTION ( 'NONE',  ( 1.000000000000000000, 0.0000000000000000000, 0.0000000000000000000 ) ) ;
#5256 = DIRECTION ( 'NONE',  ( -0.0000000000000000000, -1.000000000000000000, 0.0000000000000000000 ) ) ;
#5257 = AXIS2_PLACEMENT_3D ( 'NONE', #6171, #2848, #7570 ) ;
#5258 = CARTESIAN_POINT ( 'NONE',  ( 0.0000000000000000000, 0.0000000000000000000, -2.500000000000000000 ) ) ;
#5259 = LINE ( 'NONE', #2382, #8235 ) ;
#5260 = ADVANCED_FACE ( 'NONE', ( #3887 ), #1427, .F. ) ;
#5261 = EDGE_CURVE ( 'NONE', #7335, #3463, #4828, .T. ) ;
#5262 = ORIENTED_EDGE ( 'NONE', *, *, #7681, .T. ) ;
#5263 = CARTESIAN_POINT ( 'NONE',  ( -29.52499999999998800, 25.89999999999999900, 4.599999999999999600 ) ) ;
#5264 = FILL_AREA_STYLE ('',( #7313 ) ) ;
#5265 = DIRECTION ( 'NONE',  ( -1.000000000000000000, 0.0000000000000000000, 6.672013369141588900E-016 ) ) ;
#5266 = ORIENTED_EDGE ( 'NONE', *, *, #6291, .T. ) ;
#5267 = EDGE_CURVE ( 'NONE', #5896, #2416, #4600, .T. ) ;
#5268 = ORIENTED_EDGE ( 'NONE', *, *, #3536, .T. ) ;
#5269 = LINE ( 'NONE', #2567, #3468 ) ;
#5270 = ORIENTED_EDGE ( 'NONE', *, *, #3455, .T. ) ;
#5271 = CARTESIAN_POINT ( 'NONE',  ( -31.90000000000002000, 21.30000000000000100, -1.924999999999666300 ) ) ;
#5272 = CARTESIAN_POINT ( 'NONE',  ( 1.575000000000007300, 0.6999999999999999600, 6.200000000000000200 ) ) ;
#5273 = ORIENTED_EDGE ( 'NONE', *, *, #497, .F. ) ;
#5274 = FACE_OUTER_BOUND ( 'NONE', #1783, .T. ) ;
#5275 = DIRECTION ( 'NONE',  ( -0.0000000000000000000, -0.0000000000000000000, 1.000000000000000000 ) ) ;
#5276 = CARTESIAN_POINT ( 'NONE',  ( 1.275000000000007500, 0.2000000000000000100, -6.499999999999999100 ) ) ;
#5277 = EDGE_CURVE ( 'NONE', #8290, #1342, #2812, .T. ) ;
#5278 = ORIENTED_EDGE ( 'NONE', *, *, #7201, .F. ) ;
#5279 = EDGE_CURVE ( 'NONE', #8543, #8191, #4399, .T. ) ;
#5280 = ORIENTED_EDGE ( 'NONE', *, *, #178, .F. ) ;
#5281 = DIRECTION ( 'NONE',  ( -0.0000000000000000000, 0.0000000000000000000, -1.000000000000000000 ) ) ;
#5282 = VERTEX_POINT ( 'NONE', #4606 ) ;
#5283 = DIRECTION ( 'NONE',  ( -0.0000000000000000000, 1.000000000000000000, -0.0000000000000000000 ) ) ;
#5284 = VECTOR ( 'NONE', #8619, 1000.000000000000000 ) ;
#5285 = DIRECTION ( 'NONE',  ( -0.0000000000000000000, 0.0000000000000000000, -1.000000000000000000 ) ) ;
#5286 = ORIENTED_EDGE ( 'NONE', *, *, #8207, .T. ) ;
#5287 = ORIENTED_EDGE ( 'NONE', *, *, #957, .F. ) ;
#5288 = DIRECTION ( 'NONE',  ( 0.4999999999999967800, 0.8660254037844407100, 0.0000000000000000000 ) ) ;
#5289 = EDGE_LOOP ( 'NONE', ( #2833, #3491 ) ) ;
#5290 = DIRECTION ( 'NONE',  ( -0.0000000000000000000, 1.000000000000000000, -0.0000000000000000000 ) ) ;
#5291 = CARTESIAN_POINT ( 'NONE',  ( -11.82499999999999200, 1.499999999999999600, -5.200000000000000200 ) ) ;
#5292 = FACE_OUTER_BOUND ( 'NONE', #2780, .T. ) ;
#5293 = ADVANCED_FACE ( 'NONE', ( #4708 ), #576, .T. ) ;
#5294 = DIRECTION ( 'NONE',  ( 0.0000000000000000000, 0.0000000000000000000, 1.000000000000000000 ) ) ;
#5295 = ORIENTED_EDGE ( 'NONE', *, *, #1069, .F. ) ;
#5296 = ORIENTED_EDGE ( 'NONE', *, *, #8077, .F. ) ;
#5297 = AXIS2_PLACEMENT_3D ( 'NONE', #443, #8236, #4753 ) ;
#5298 = VERTEX_POINT ( 'NONE', #3292 ) ;
#5299 = DIRECTION ( 'NONE',  ( -0.0000000000000000000, -1.000000000000000000, -0.0000000000000000000 ) ) ;
#5300 = ORIENTED_EDGE ( 'NONE', *, *, #4066, .T. ) ;
#5301 = EDGE_CURVE ( 'NONE', #8364, #7548, #3450, .T. ) ;
#5302 = CARTESIAN_POINT ( 'NONE',  ( -29.12499999999998900, 25.89999999999999900, 5.000000000000001800 ) ) ;
#5303 = EDGE_LOOP ( 'NONE', ( #6376, #1149, #7355, #367 ) ) ;
#5304 = CARTESIAN_POINT ( 'NONE',  ( 39.37500000000000000, 7.974999999999999600, -2.500000000000000000 ) ) ;
#5306 = ADVANCED_FACE ( 'NONE', ( #1110 ), #6664, .F. ) ;
#5305 = DIRECTION ( 'NONE',  ( 0.0000000000000000000, -0.0000000000000000000, 1.000000000000000000 ) ) ;
#5307 = ORIENTED_EDGE ( 'NONE', *, *, #4389, .F. ) ;
#5308 = VECTOR ( 'NONE', #4181, 1000.000000000000100 ) ;
#5309 = CARTESIAN_POINT ( 'NONE',  ( -25.12499999999998900, 6.442151305867749800, 3.499999999999997300 ) ) ;
#5310 = EDGE_CURVE ( 'NONE', #7966, #4157, #8763, .T. ) ;
#5311 = CARTESIAN_POINT ( 'NONE',  ( 3.765000000000005500, 0.6999999999999999600, 10.34000000000000000 ) ) ;
#5312 = AXIS2_PLACEMENT_3D ( 'NONE', #7523, #2743, #6096 ) ;
#5313 = VECTOR ( 'NONE', #2409, 1000.000000000000000 ) ;
#5314 = VERTEX_POINT ( 'NONE', #597 ) ;
#5315 = EDGE_LOOP ( 'NONE', ( #8764, #306, #8123, #2433 ) ) ;
#5316 = VECTOR ( 'NONE', #1580, 1000.000000000000000 ) ;
#5317 = CARTESIAN_POINT ( 'NONE',  ( -16.02499999999999100, 18.55000000000000100, -2.499999999999999600 ) ) ;
#5318 = EDGE_CURVE ( 'NONE', #8268, #2880, #699, .T. ) ;
#5319 = LINE ( 'NONE', #4617, #5636 ) ;
#5320 = VERTEX_POINT ( 'NONE', #6009 ) ;
#5321 = ORIENTED_EDGE ( 'NONE', *, *, #7881, .F. ) ;
#5322 = LINE ( 'NONE', #4767, #1392 ) ;
#5323 = DIRECTION ( 'NONE',  ( 0.0000000000000000000, 0.0000000000000000000, 1.000000000000000000 ) ) ;
#5324 = DIRECTION ( 'NONE',  ( 0.0000000000000000000, 0.0000000000000000000, -1.000000000000000000 ) ) ;
#5325 = VECTOR ( 'NONE', #6425, 1000.000000000000000 ) ;
#5326 = CARTESIAN_POINT ( 'NONE',  ( -26.62499999999998900, 20.10662966309981300, -6.000000000000000900 ) ) ;
#5327 = LINE ( 'NONE', #21, #8204 ) ;
#5328 = EDGE_CURVE ( 'NONE', #3831, #7644, #6837, .T. ) ;
#5329 = SURFACE_SIDE_STYLE ('',( #8787 ) ) ;
#5330 = ORIENTED_EDGE ( 'NONE', *, *, #6970, .F. ) ;
#5331 = DIRECTION ( 'NONE',  ( 0.5000000000000007800, 0.8660254037844382600, 0.0000000000000000000 ) ) ;
#5332 = EDGE_CURVE ( 'NONE', #4370, #4561, #3125, .T. ) ;
#5333 = DIRECTION ( 'NONE',  ( 1.000000000000000000, 0.0000000000000000000, 0.0000000000000000000 ) ) ;
#5334 = CARTESIAN_POINT ( 'NONE',  ( -11.82499999999999200, 18.75000000000000400, -5.200000000000001100 ) ) ;
#5335 = FACE_OUTER_BOUND ( 'NONE', #5198, .T. ) ;
#5336 = ADVANCED_FACE ( 'NONE', ( #7695 ), #5358, .T. ) ;
#5337 = FACE_OUTER_BOUND ( 'NONE', #5812, .T. ) ;
#5338 = DIRECTION ( 'NONE',  ( -0.0000000000000000000, -1.000000000000000000, 0.0000000000000000000 ) ) ;
#5339 = EDGE_CURVE ( 'NONE', #5870, #3298, #5028, .T. ) ;
#5340 = DIRECTION ( 'NONE',  ( 0.0000000000000000000, 1.000000000000000000, 0.0000000000000000000 ) ) ;
#5341 = CIRCLE ( 'NONE', #3552, 3.500000000000000000 ) ;
#5342 = DIRECTION ( 'NONE',  ( 0.0000000000000000000, 0.0000000000000000000, -1.000000000000000000 ) ) ;
#5343 = LINE ( 'NONE', #911, #8532 ) ;
#5344 = DIRECTION ( 'NONE',  ( 1.000000000000000000, -0.0000000000000000000, -0.0000000000000000000 ) ) ;
#5345 = EDGE_CURVE ( 'NONE', #2226, #7602, #484, .T. ) ;
#5346 = ORIENTED_EDGE ( 'NONE', *, *, #5379, .F. ) ;
#5347 = DIRECTION ( 'NONE',  ( 1.000000000000000000, 0.0000000000000000000, 0.0000000000000000000 ) ) ;
#5348 = FACE_OUTER_BOUND ( 'NONE', #8064, .T. ) ;
#5349 = CARTESIAN_POINT ( 'NONE',  ( -29.12499999999998900, 25.89999999999999900, -5.000000000000000900 ) ) ;
#5350 = LINE ( 'NONE', #8549, #3773 ) ;
#5351 = LINE ( 'NONE', #3084, #6204 ) ;
#5352 = ORIENTED_EDGE ( 'NONE', *, *, #1491, .F. ) ;
#5353 = DIRECTION ( 'NONE',  ( -0.0000000000000000000, -1.000000000000000000, 0.0000000000000000000 ) ) ;
#5354 = DIRECTION ( 'NONE',  ( 0.0000000000000000000, -1.000000000000000000, 0.0000000000000000000 ) ) ;
#5355 = DIRECTION ( 'NONE',  ( -1.000000000000000000, 0.0000000000000000000, -0.0000000000000000000 ) ) ;
#5356 = LINE ( 'NONE', #4519, #6633 ) ;
#5357 = CARTESIAN_POINT ( 'NONE',  ( -13.82499999999999400, 12.75000000000000200, -12.60000000000000100 ) ) ;
#5358 = PLANE ( 'NONE',  #6656 ) ;
#5359 = DIRECTION ( 'NONE',  ( 1.000000000000000000, 0.0000000000000000000, 0.0000000000000000000 ) ) ;
#5360 = FACE_OUTER_BOUND ( 'NONE', #2176, .T. ) ;
#5361 = ORIENTED_EDGE ( 'NONE', *, *, #4270, .F. ) ;
#5362 = DIRECTION ( 'NONE',  ( -1.000000000000000000, 0.0000000000000000000, 0.0000000000000000000 ) ) ;
#5363 = AXIS2_PLACEMENT_3D ( 'NONE', #4472, #3841, #8572 ) ;
#5364 = EDGE_LOOP ( 'NONE', ( #6573, #1159, #6041, #231 ) ) ;
#5365 = EDGE_CURVE ( 'NONE', #8592, #8436, #6728, .T. ) ;
#5366 = CIRCLE ( 'NONE', #6924, 4.200000000000002000 ) ;
#5367 =( NAMED_UNIT ( * ) PLANE_ANGLE_UNIT ( ) SI_UNIT ( $, .RADIAN. ) );
#5368 = PLANE ( 'NONE',  #2355 ) ;
#5369 = ORIENTED_EDGE ( 'NONE', *, *, #5173, .T. ) ;
#5370 = DIRECTION ( 'NONE',  ( -0.0000000000000000000, -1.000000000000000000, -0.0000000000000000000 ) ) ;
#5371 = AXIS2_PLACEMENT_3D ( 'NONE', #8229, #5458, #4816 ) ;
#5372 = ORIENTED_EDGE ( 'NONE', *, *, #6557, .T. ) ;
#5373 = CARTESIAN_POINT ( 'NONE',  ( 1.575000000000007300, 0.5000000000000000000, 6.200000000000000200 ) ) ;
#5374 = DIRECTION ( 'NONE',  ( 0.0000000000000000000, 0.0000000000000000000, -1.000000000000000000 ) ) ;
#5375 = ORIENTED_EDGE ( 'NONE', *, *, #4458, .F. ) ;
#5376 = DIRECTION ( 'NONE',  ( -0.0000000000000000000, 1.000000000000000000, -0.0000000000000000000 ) ) ;
#5377 = ADVANCED_FACE ( 'NONE', ( #4590 ), #6, .T. ) ;
#5378 = DIRECTION ( 'NONE',  ( 0.0000000000000000000, -1.000000000000000000, 0.0000000000000000000 ) ) ;
#5379 = EDGE_CURVE ( 'NONE', #534, #2757, #2803, .T. ) ;
#5380 = PLANE ( 'NONE',  #2111 ) ;
#5381 = ORIENTED_EDGE ( 'NONE', *, *, #1496, .F. ) ;
#5382 = CIRCLE ( 'NONE', #1118, 1.100000000000000300 ) ;
#5383 = AXIS2_PLACEMENT_3D ( 'NONE', #1191, #2630, #2671 ) ;
#5384 = DIRECTION ( 'NONE',  ( 0.0000000000000000000, 0.0000000000000000000, -1.000000000000000000 ) ) ;
#5385 = ORIENTED_EDGE ( 'NONE', *, *, #5162, .F. ) ;
#5386 = ORIENTED_EDGE ( 'NONE', *, *, #6338, .F. ) ;
#5387 = DIRECTION ( 'NONE',  ( -0.0000000000000000000, 1.000000000000000000, 0.0000000000000000000 ) ) ;
#5388 = CARTESIAN_POINT ( 'NONE',  ( -26.62499999999998900, 16.72320809022047400, 6.000000000000000000 ) ) ;
#5389 = VERTEX_POINT ( 'NONE', #5536 ) ;
#5390 = EDGE_CURVE ( 'NONE', #4315, #6643, #2486, .T. ) ;
#5391 = VECTOR ( 'NONE', #4143, 1000.000000000000000 ) ;
#5392 = ORIENTED_EDGE ( 'NONE', *, *, #43, .F. ) ;
#5393 = ORIENTED_EDGE ( 'NONE', *, *, #4053, .F. ) ;
#5394 = ORIENTED_EDGE ( 'NONE', *, *, #8798, .F. ) ;
#5395 = ORIENTED_EDGE ( 'NONE', *, *, #5830, .F. ) ;
#5396 = CARTESIAN_POINT ( 'NONE',  ( 21.79840395607028800, -1.000000000000000000, 1.849999999999999400 ) ) ;
#5397 = VERTEX_POINT ( 'NONE', #1412 ) ;
#5398 = CARTESIAN_POINT ( 'NONE',  ( 32.67500000000000400, 28.80000000000000100, 9.499999999999998200 ) ) ;
#5399 = CARTESIAN_POINT ( 'NONE',  ( 23.76500000000000400, 0.0000000000000000000, 0.0000000000000000000 ) ) ;
#5400 = EDGE_LOOP ( 'NONE', ( #707, #73, #4770, #6329 ) ) ;
#5401 = VECTOR ( 'NONE', #7502, 1000.000000000000000 ) ;
#5402 = CARTESIAN_POINT ( 'NONE',  ( 1.875000000000007500, 0.2000000000000000100, -7.574999999999999300 ) ) ;
#5403 = ORIENTED_EDGE ( 'NONE', *, *, #624, .T. ) ;
#5404 = VERTEX_POINT ( 'NONE', #4827 ) ;
#5405 = ORIENTED_EDGE ( 'NONE', *, *, #1975, .F. ) ;
#5406 = VECTOR ( 'NONE', #5374, 1000.000000000000000 ) ;
#5407 = VECTOR ( 'NONE', #2421, 1000.000000000000000 ) ;
#5408 = VERTEX_POINT ( 'NONE', #2695 ) ;
#5409 = EDGE_LOOP ( 'NONE', ( #5904, #6995, #2514 ) ) ;
#5410 = ORIENTED_EDGE ( 'NONE', *, *, #6697, .T. ) ;
#5411 = AXIS2_PLACEMENT_3D ( 'NONE', #3413, #689, #6102 ) ;
#5412 = CARTESIAN_POINT ( 'NONE',  ( 1.575000000000007300, 0.6999999999999999600, -6.200000000000000200 ) ) ;
#5413 = ORIENTED_EDGE ( 'NONE', *, *, #2813, .F. ) ;
#5414 = LINE ( 'NONE', #2670, #2764 ) ;
#5415 = CIRCLE ( 'NONE', #2245, 0.3999999999999993000 ) ;
#5416 = AXIS2_PLACEMENT_3D ( 'NONE', #7086, #5900, #7954 ) ;
#5417 = ORIENTED_EDGE ( 'NONE', *, *, #4709, .F. ) ;
#5418 = VECTOR ( 'NONE', #8160, 1000.000000000000000 ) ;
#5419 = CARTESIAN_POINT ( 'NONE',  ( 1.875000000000007500, 0.6000000000000000900, 7.574999999999999300 ) ) ;
#5420 = EDGE_CURVE ( 'NONE', #1923, #6089, #4930, .T. ) ;
#5421 = VERTEX_POINT ( 'NONE', #8147 ) ;
#5422 = VERTEX_POINT ( 'NONE', #5471 ) ;
#5423 = FACE_OUTER_BOUND ( 'NONE', #6109, .T. ) ;
#5424 = ADVANCED_FACE ( 'NONE', ( #7050 ), #5673, .F. ) ;
#5425 = ORIENTED_EDGE ( 'NONE', *, *, #1465, .T. ) ;
#5426 = AXIS2_PLACEMENT_3D ( 'NONE', #6646, #2588, #7340 ) ;
#5427 = DIRECTION ( 'NONE',  ( -0.0000000000000000000, -0.0000000000000000000, -1.000000000000000000 ) ) ;
#5428 = DIRECTION ( 'NONE',  ( 0.0000000000000000000, 1.000000000000000000, 0.0000000000000000000 ) ) ;
#5429 = AXIS2_PLACEMENT_3D ( 'NONE', #4801, #5506, #754 ) ;
#5430 = VECTOR ( 'NONE', #8363, 1000.000000000000000 ) ;
#5431 = CARTESIAN_POINT ( 'NONE',  ( -8.924999999999997200, -1.570000000000000100, 2.500000000000000000 ) ) ;
#5432 = CARTESIAN_POINT ( 'NONE',  ( -6.424999999999996300, 22.02000000000000300, -2.300000000000000300 ) ) ;
#5433 = DIRECTION ( 'NONE',  ( -0.0000000000000000000, 1.000000000000000000, 0.0000000000000000000 ) ) ;
#5434 = CARTESIAN_POINT ( 'NONE',  ( 23.76500000000000400, -1.000000000000000000, 0.0000000000000000000 ) ) ;
#5435 = CIRCLE ( 'NONE', #6842, 6.864101615137761000 ) ;
#5436 = CARTESIAN_POINT ( 'NONE',  ( 32.67500000000000400, 28.80000000000000100, 7.500000000000002700 ) ) ;
#5437 = EDGE_CURVE ( 'NONE', #1787, #5067, #278, .T. ) ;
#5438 = ADVANCED_FACE ( 'NONE', ( #8649 ), #3226, .T. ) ;
#5439 = CIRCLE ( 'NONE', #8093, 1.000000000000000400 ) ;
#5440 = CARTESIAN_POINT ( 'NONE',  ( 39.37500000000000000, 7.974999999999999600, 2.500000000000001800 ) ) ;
#5441 = PLANE ( 'NONE',  #6390 ) ;
#5442 = FACE_OUTER_BOUND ( 'NONE', #7310, .T. ) ;
#5443 = LINE ( 'NONE', #3024, #4696 ) ;
#5444 = EDGE_CURVE ( 'NONE', #230, #6339, #1421, .T. ) ;
#5445 = LINE ( 'NONE', #3838, #3017 ) ;
#5446 = DIRECTION ( 'NONE',  ( 0.0000000000000000000, 0.0000000000000000000, 1.000000000000000000 ) ) ;
#5447 = CARTESIAN_POINT ( 'NONE',  ( 32.67500000000000400, 18.75000000000000000, -7.500000000000002700 ) ) ;
#5448 = PLANE ( 'NONE',  #2587 ) ;
#5449 = DIRECTION ( 'NONE',  ( 0.0000000000000000000, 1.000000000000000000, 0.0000000000000000000 ) ) ;
#5450 = VERTEX_POINT ( 'NONE', #4761 ) ;
#5451 =( NAMED_UNIT ( * ) PLANE_ANGLE_UNIT ( ) SI_UNIT ( $, .RADIAN. ) );
#5452 = PRESENTATION_STYLE_ASSIGNMENT (( #4943 ) ) ;
#5453 = ORIENTED_EDGE ( 'NONE', *, *, #613, .T. ) ;
#5454 = LINE ( 'NONE', #2237, #1632 ) ;
#5455 = FACE_OUTER_BOUND ( 'NONE', #7476, .T. ) ;
#5456 = EDGE_LOOP ( 'NONE', ( #3930, #3370, #8374, #7167, #3303, #2664, #5960, #2753 ) ) ;
#5457 = AXIS2_PLACEMENT_3D ( 'NONE', #4267, #6933, #2267 ) ;
#5458 = DIRECTION ( 'NONE',  ( 1.000000000000000000, 0.0000000000000000000, 0.0000000000000000000 ) ) ;
#5459 = ADVANCED_FACE ( 'NONE', ( #3342 ), #3498, .F. ) ;
#5460 = AXIS2_PLACEMENT_3D ( 'NONE', #4575, #5954, #3978 ) ;
#5461 = DIRECTION ( 'NONE',  ( 0.0000000000000000000, 0.0000000000000000000, -1.000000000000000000 ) ) ;
#5462 = DIRECTION ( 'NONE',  ( 0.0000000000000000000, -1.000000000000000000, 0.0000000000000000000 ) ) ;
#5463 = CYLINDRICAL_SURFACE ( 'NONE', #1014, 1.100000000000000300 ) ;
#5464 = CARTESIAN_POINT ( 'NONE',  ( -11.82499999999999200, 7.500000000000000000, -5.200000000000000200 ) ) ;
#5465 = EDGE_CURVE ( 'NONE', #5680, #1670, #4493, .T. ) ;
#5466 = ORIENTED_EDGE ( 'NONE', *, *, #1721, .T. ) ;
#5467 = ORIENTED_EDGE ( 'NONE', *, *, #297, .T. ) ;
#5468 = EDGE_LOOP ( 'NONE', ( #1463, #6137, #751, #5466 ) ) ;
#5469 = DIRECTION ( 'NONE',  ( 0.0000000000000000000, -0.0000000000000000000, 1.000000000000000000 ) ) ;
#5470 = STYLED_ITEM ( 'NONE', ( #4681 ), #7180 ) ;
#5472 = ADVANCED_FACE ( 'NONE', ( #6618 ), #1215, .T. ) ;
#5471 = CARTESIAN_POINT ( 'NONE',  ( -20.42499999999999000, 20.15000000000000200, -3.499999999999997300 ) ) ;
#5473 = ORIENTED_EDGE ( 'NONE', *, *, #7188, .T. ) ;
#5474 = FACE_OUTER_BOUND ( 'NONE', #4887, .T. ) ;
#5475 = CARTESIAN_POINT ( 'NONE',  ( 2.950000000000007700, 0.6000000000000000900, 5.899999999999997700 ) ) ;
#5476 = ORIENTED_EDGE ( 'NONE', *, *, #4577, .T. ) ;
#5477 = DIRECTION ( 'NONE',  ( 0.0000000000000000000, 0.0000000000000000000, -1.000000000000000000 ) ) ;
#5478 = SURFACE_STYLE_USAGE ( .BOTH. , #757 ) ;
#5479 = EDGE_CURVE ( 'NONE', #3692, #835, #8537, .T. ) ;
#5480 = DIRECTION ( 'NONE',  ( 0.0000000000000000000, 0.0000000000000000000, -1.000000000000000000 ) ) ;
#5481 = DIRECTION ( 'NONE',  ( 0.0000000000000000000, -0.0000000000000000000, 1.000000000000000000 ) ) ;
#5482 = EDGE_LOOP ( 'NONE', ( #5186, #2534, #1256, #817 ) ) ;
#5483 = FACE_BOUND ( 'NONE', #6983, .T. ) ;
#5484 = STYLED_ITEM ( 'NONE', ( #6361 ), #2610 ) ;
#5485 = VERTEX_POINT ( 'NONE', #5447 ) ;
#5486 = DIRECTION ( 'NONE',  ( 0.0000000000000000000, 0.0000000000000000000, -1.000000000000000000 ) ) ;
#5487 = ORIENTED_EDGE ( 'NONE', *, *, #1089, .T. ) ;
#5488 = AXIS2_PLACEMENT_3D ( 'NONE', #618, #4087, #5324 ) ;
#5489 = EDGE_LOOP ( 'NONE', ( #3822, #5888 ) ) ;
#5490 = ORIENTED_EDGE ( 'NONE', *, *, #8045, .F. ) ;
#5491 = PRODUCT_CONTEXT ( 'NONE', #8174, 'mechanical' ) ;
#5492 = VECTOR ( 'NONE', #1816, 1000.000000000000000 ) ;
#5493 = EDGE_CURVE ( 'NONE', #8342, #7087, #2269, .T. ) ;
#5494 = CARTESIAN_POINT ( 'NONE',  ( 21.79840395607028800, -1.000000000000000000, -1.850000000000000800 ) ) ;
#5495 = ORIENTED_EDGE ( 'NONE', *, *, #8693, .T. ) ;
#5496 = ORIENTED_EDGE ( 'NONE', *, *, #8519, .F. ) ;
#5497 = CARTESIAN_POINT ( 'NONE',  ( 0.2000000000000070300, 0.6000000000000000900, -5.899999999999997700 ) ) ;
#5498 = EDGE_LOOP ( 'NONE', ( #5453, #328, #7487, #591 ) ) ;
#5499 = VERTEX_POINT ( 'NONE', #6963 ) ;
#5500 = VECTOR ( 'NONE', #7980, 1000.000000000000000 ) ;
#5501 = DIRECTION ( 'NONE',  ( 0.0000000000000000000, 0.0000000000000000000, -1.000000000000000000 ) ) ;
#5502 = ORIENTED_EDGE ( 'NONE', *, *, #4873, .T. ) ;
#5503 = ORIENTED_EDGE ( 'NONE', *, *, #7482, .T. ) ;
#5504 = DIRECTION ( 'NONE',  ( 0.0000000000000000000, 0.0000000000000000000, 1.000000000000000000 ) ) ;
#5505 = ORIENTED_EDGE ( 'NONE', *, *, #635, .T. ) ;
#5506 = DIRECTION ( 'NONE',  ( -1.000000000000000000, 0.0000000000000000000, 0.0000000000000000000 ) ) ;
#5507 = EDGE_CURVE ( 'NONE', #8454, #404, #6308, .T. ) ;
#5508 = CLOSED_SHELL ( 'NONE', ( #2713, #1468, #6858, #5999, #6146, #2899 ) ) ;
#5509 = ADVANCED_FACE ( 'NONE', ( #3023 ), #4230, .T. ) ;
#5510 = ORIENTED_EDGE ( 'NONE', *, *, #430, .T. ) ;
#5511 = CARTESIAN_POINT ( 'NONE',  ( 1.275000000000007500, 0.2000000000000000100, -5.899999999999997700 ) ) ;
#5512 = ORIENTED_EDGE ( 'NONE', *, *, #4522, .T. ) ;
#5513 = LINE ( 'NONE', #8501, #4450 ) ;
#5514 = LINE ( 'NONE', #4377, #6894 ) ;
#5515 = CARTESIAN_POINT ( 'NONE',  ( -26.62499999999998600, 20.15000000000000200, 5.200000000000002000 ) ) ;
#5516 = CARTESIAN_POINT ( 'NONE',  ( 32.67500000000000400, 18.75000000000000000, -8.500000000000000000 ) ) ;
#5517 = CARTESIAN_POINT ( 'NONE',  ( -31.90000000000000600, 21.30000000000000100, -0.5249999999996664000 ) ) ;
#5518 = CARTESIAN_POINT ( 'NONE',  ( 23.76500000000000400, 0.2000000000000000100, 2.700000000000001100 ) ) ;
#5519 = AXIS2_PLACEMENT_3D ( 'NONE', #229, #7630, #4248 ) ;
#5520 = ADVANCED_FACE ( 'NONE', ( #2922, #6412 ), #6276, .T. ) ;
#5521 = LINE ( 'NONE', #7480, #7901 ) ;
#5522 = EDGE_LOOP ( 'NONE', ( #8679, #4925, #7074, #4613 ) ) ;
#5523 = VERTEX_POINT ( 'NONE', #7658 ) ;
#5524 = ORIENTED_EDGE ( 'NONE', *, *, #160, .T. ) ;
#5525 = LINE ( 'NONE', #7038, #2992 ) ;
#5526 = SURFACE_STYLE_USAGE ( .BOTH. , #4141 ) ;
#5527 = CARTESIAN_POINT ( 'NONE',  ( -31.54999999999997200, 21.30000000000000100, 2.275000000000330300 ) ) ;
#5528 = AXIS2_PLACEMENT_3D ( 'NONE', #4170, #4251, #5486 ) ;
#5529 = DIRECTION ( 'NONE',  ( 0.0000000000000000000, 0.0000000000000000000, -1.000000000000000000 ) ) ;
#5530 = LINE ( 'NONE', #8092, #3090 ) ;
#5531 = AXIS2_PLACEMENT_3D ( 'NONE', #8612, #1219, #1193 ) ;
#5532 = ORIENTED_EDGE ( 'NONE', *, *, #8709, .T. ) ;
#5533 = CYLINDRICAL_SURFACE ( 'NONE', #5652, 0.2000000000000005100 ) ;
#5534 = CARTESIAN_POINT ( 'NONE',  ( 34.87500000000000700, 0.0000000000000000000, -6.700000000000000200 ) ) ;
#5535 = PLANE ( 'NONE',  #827 ) ;
#5536 = CARTESIAN_POINT ( 'NONE',  ( 35.77500000000001300, 7.974999999999999600, -2.499999999999999600 ) ) ;
#5537 = CARTESIAN_POINT ( 'NONE',  ( 23.76500000000000400, 19.75000000000000000, -2.700000000000001100 ) ) ;
#5538 = EDGE_CURVE ( 'NONE', #3923, #6242, #4295, .T. ) ;
#5539 = DIRECTION ( 'NONE',  ( 0.0000000000000000000, 0.0000000000000000000, 1.000000000000000000 ) ) ;
#5540 = VECTOR ( 'NONE', #6067, 1000.000000000000000 ) ;
#5541 = CYLINDRICAL_SURFACE ( 'NONE', #5072, 1.539999999999999600 ) ;
#5542 = AXIS2_PLACEMENT_3D ( 'NONE', #1305, #1977, #5469 ) ;
#5543 = DIRECTION ( 'NONE',  ( 0.0000000000000000000, 0.0000000000000000000, -1.000000000000000000 ) ) ;
#5544 = VERTEX_POINT ( 'NONE', #152 ) ;
#5545 = DIRECTION ( 'NONE',  ( -1.000000000000000000, 0.0000000000000000000, 0.0000000000000000000 ) ) ;
#5546 = AXIS2_PLACEMENT_3D ( 'NONE', #2122, #4725, #4826 ) ;
#5547 = CARTESIAN_POINT ( 'NONE',  ( 0.2000000000000070300, 0.1999999999999999800, 6.499999999999998200 ) ) ;
#5548 = DIRECTION ( 'NONE',  ( 0.0000000000000000000, 0.0000000000000000000, -1.000000000000000000 ) ) ;
#5549 = FACE_OUTER_BOUND ( 'NONE', #2341, .T. ) ;
#5550 = FACE_BOUND ( 'NONE', #6243, .T. ) ;
#5551 = EDGE_CURVE ( 'NONE', #7527, #7636, #8005, .T. ) ;
#5552 = EDGE_LOOP ( 'NONE', ( #4891, #1893, #5381, #7670 ) ) ;
#5553 = DIRECTION ( 'NONE',  ( 0.0000000000000000000, 0.0000000000000000000, -1.000000000000000000 ) ) ;
#5554 = CARTESIAN_POINT ( 'NONE',  ( -9.791025403784440000, 1.500000000000002400, 2.299999999999999800 ) ) ;
#5555 = CYLINDRICAL_SURFACE ( 'NONE', #6323, 0.2000000000000000900 ) ;
#5556 = CARTESIAN_POINT ( 'NONE',  ( 35.51438433476052800, 10.79599825876149800, 2.554111650875121200 ) ) ;
#5557 = AXIS2_PLACEMENT_3D ( 'NONE', #8800, #3401, #8134 ) ;
#5558 = CIRCLE ( 'NONE', #4387, 1.900000000000000600 ) ;
#5559 = PLANE ( 'NONE',  #6891 ) ;
#5560 = EDGE_CURVE ( 'NONE', #1293, #3297, #7264, .T. ) ;
#5561 = VECTOR ( 'NONE', #417, 1000.000000000000000 ) ;
#5562 = CARTESIAN_POINT ( 'NONE',  ( -31.55000000000001500, 25.30000000000000100, -1.924999999999669900 ) ) ;
#5563 = FACE_BOUND ( 'NONE', #4314, .T. ) ;
#5565 = ADVANCED_FACE ( 'NONE', ( #2592 ), #3669, .T. ) ;
#5564 = DIRECTION ( 'NONE',  ( 0.0000000000000000000, 1.000000000000000000, 0.0000000000000000000 ) ) ;
#5566 = VECTOR ( 'NONE', #7721, 1000.000000000000000 ) ;
#5567 = ORIENTED_EDGE ( 'NONE', *, *, #3955, .F. ) ;
#5568 = DIRECTION ( 'NONE',  ( 0.0000000000000000000, 0.0000000000000000000, 1.000000000000000000 ) ) ;
#5569 = EDGE_CURVE ( 'NONE', #5282, #6654, #2058, .T. ) ;
#5570 = FACE_OUTER_BOUND ( 'NONE', #1435, .T. ) ;
#5571 = CARTESIAN_POINT ( 'NONE',  ( -8.924999999999997200, 20.30358983848622900, 2.500000000000000000 ) ) ;
#5572 = EDGE_CURVE ( 'NONE', #6868, #1889, #2703, .T. ) ;
#5573 = CYLINDRICAL_SURFACE ( 'NONE', #2456, 0.2000000000000000900 ) ;
#5574 = CARTESIAN_POINT ( 'NONE',  ( -8.724999999999996100, -0.05358983848622472800, 2.500000000000000000 ) ) ;
#5575 = VERTEX_POINT ( 'NONE', #2839 ) ;
#5576 = DIRECTION ( 'NONE',  ( 0.0000000000000000000, 0.0000000000000000000, -1.000000000000000000 ) ) ;
#5577 = CARTESIAN_POINT ( 'NONE',  ( -26.62499999999998900, 20.15000000000000200, -5.200000000000001100 ) ) ;
#5578 = ORIENTED_EDGE ( 'NONE', *, *, #4392, .F. ) ;
#5579 =( NAMED_UNIT ( * ) PLANE_ANGLE_UNIT ( ) SI_UNIT ( $, .RADIAN. ) );
#5580 = EDGE_LOOP ( 'NONE', ( #1180, #5270, #653, #6981 ) ) ;
#5581 = VECTOR ( 'NONE', #6772, 1000.000000000000000 ) ;
#5582 = CARTESIAN_POINT ( 'NONE',  ( -25.12499999999998600, 18.55000000000000100, 5.200000000000002000 ) ) ;
#5583 = VERTEX_POINT ( 'NONE', #936 ) ;
#5584 = EDGE_CURVE ( 'NONE', #2454, #7851, #1736, .T. ) ;
#5585 = CARTESIAN_POINT ( 'NONE',  ( -25.12499999999998900, 20.15000000000000200, -5.200000000000001100 ) ) ;
#5586 = CARTESIAN_POINT ( 'NONE',  ( -6.624999999999996400, 21.82000000000000700, -2.299999999999999800 ) ) ;
#5587 = DIRECTION ( 'NONE',  ( -1.000000000000000000, -0.0000000000000000000, -0.0000000000000000000 ) ) ;
#5588 = ORIENTED_EDGE ( 'NONE', *, *, #7760, .T. ) ;
#5589 = EDGE_CURVE ( 'NONE', #849, #7393, #4391, .T. ) ;
#5590 = EDGE_LOOP ( 'NONE', ( #1058, #6432, #1167, #3699 ) ) ;
#5591 = PLANE ( 'NONE',  #5714 ) ;
#5592 = DIRECTION ( 'NONE',  ( -1.000000000000000000, 0.0000000000000000000, 0.0000000000000000000 ) ) ;
#5593 = CARTESIAN_POINT ( 'NONE',  ( 37.57500000000000300, 10.77500000000000000, -1.495000000000005700 ) ) ;
#5594 = AXIS2_PLACEMENT_3D ( 'NONE', #7218, #5283, #3147 ) ;
#5595 = CARTESIAN_POINT ( 'NONE',  ( 3.765000000000007700, 18.75000000000000000, -7.259999999999998900 ) ) ;
#5596 = CARTESIAN_POINT ( 'NONE',  ( 23.76500000000000400, -8.650000000000000400, 0.0000000000000000000 ) ) ;
#5597 = AXIS2_PLACEMENT_3D ( 'NONE', #3330, #4016, #6645 ) ;
#5598 = EDGE_LOOP ( 'NONE', ( #6054, #225, #118, #2429 ) ) ;
#5599 = VECTOR ( 'NONE', #1045, 1000.000000000000000 ) ;
#5600 = ORIENTED_EDGE ( 'NONE', *, *, #671, .F. ) ;
#5601 = EDGE_CURVE ( 'NONE', #4719, #2807, #8333, .T. ) ;
#5602 = ORIENTED_EDGE ( 'NONE', *, *, #554, .T. ) ;
#5603 = DIRECTION ( 'NONE',  ( 0.0000000000000000000, 1.000000000000000000, 0.0000000000000000000 ) ) ;
#5604 = MANIFOLD_SOLID_BREP ( 'Bolt 1', #1077 ) ;
#5605 = CARTESIAN_POINT ( 'NONE',  ( -21.52499999999998800, 1.099999999999999900, 2.499999999999999600 ) ) ;
#5606 = DIRECTION ( 'NONE',  ( 0.0000000000000000000, 1.000000000000000000, -1.251002506714043300E-016 ) ) ;
#5607 = ORIENTED_EDGE ( 'NONE', *, *, #776, .F. ) ;
#5608 = FACE_OUTER_BOUND ( 'NONE', #5815, .T. ) ;
#5609 = DIRECTION ( 'NONE',  ( 0.0000000000000000000, 1.000000000000000000, 0.0000000000000000000 ) ) ;
#5610 = ORIENTED_EDGE ( 'NONE', *, *, #2760, .F. ) ;
#5611 = EDGE_CURVE ( 'NONE', #6950, #5767, #7470, .T. ) ;
#5612 = AXIS2_PLACEMENT_3D ( 'NONE', #1839, #3903, #4735 ) ;
#5613 = ADVANCED_FACE ( 'NONE', ( #584 ), #975, .F. ) ;
#5614 = ORIENTED_EDGE ( 'NONE', *, *, #7444, .F. ) ;
#5615 = ORIENTED_EDGE ( 'NONE', *, *, #122, .F. ) ;
#5616 = ORIENTED_EDGE ( 'NONE', *, *, #2730, .F. ) ;
#5617 = CARTESIAN_POINT ( 'NONE',  ( -16.02499999999999100, 18.55000000000000100, 4.500000000000000900 ) ) ;
#5618 = ORIENTED_EDGE ( 'NONE', *, *, #3019, .T. ) ;
#5619 = EDGE_CURVE ( 'NONE', #6028, #8056, #5343, .T. ) ;
#5620 = CARTESIAN_POINT ( 'NONE',  ( 23.76500000000000400, -1.000000000000000000, 0.0000000000000000000 ) ) ;
#5621 = VECTOR ( 'NONE', #2266, 1000.000000000000000 ) ;
#5622 = CARTESIAN_POINT ( 'NONE',  ( -0.8249999999999924100, 0.0000000000000000000, 11.19999999999999900 ) ) ;
#5623 = ORIENTED_EDGE ( 'NONE', *, *, #5000, .T. ) ;
#5624 = CIRCLE ( 'NONE', #1852, 0.9999999999999983300 ) ;
#5625 = FACE_OUTER_BOUND ( 'NONE', #3288, .T. ) ;
#5626 = ORIENTED_EDGE ( 'NONE', *, *, #7304, .T. ) ;
#5627 = ORIENTED_EDGE ( 'NONE', *, *, #400, .F. ) ;
#5628 = CARTESIAN_POINT ( 'NONE',  ( 3.423247678597960400, 0.6999999999999999600, 7.298399070719416000 ) ) ;
#5629 = CARTESIAN_POINT ( 'NONE',  ( -11.82499999999999200, 7.500000000000000000, -11.19999999999999900 ) ) ;
#5630 = DIRECTION ( 'NONE',  ( 0.0000000000000000000, -1.000000000000000000, 2.125886612716674000E-017 ) ) ;
#5631 = DIRECTION ( 'NONE',  ( 1.000000000000000000, 0.0000000000000000000, -9.912705577010238600E-015 ) ) ;
#5632 = ORIENTED_EDGE ( 'NONE', *, *, #4894, .F. ) ;
#5633 = FACE_OUTER_BOUND ( 'NONE', #3080, .T. ) ;
#5634 = LINE ( 'NONE', #5650, #5316 ) ;
#5635 = EDGE_CURVE ( 'NONE', #2807, #7918, #5240, .T. ) ;
#5636 = VECTOR ( 'NONE', #8674, 1000.000000000000000 ) ;
#5637 = CARTESIAN_POINT ( 'NONE',  ( 30.67500000000000800, 0.0000000000000000000, 6.700000000000000200 ) ) ;
#5638 = DIRECTION ( 'NONE',  ( 0.0000000000000000000, 1.000000000000000000, 0.0000000000000000000 ) ) ;
#5639 = DIRECTION ( 'NONE',  ( -9.912705577010238600E-015, 0.0000000000000000000, -1.000000000000000000 ) ) ;
#5640 = ORIENTED_EDGE ( 'NONE', *, *, #2716, .T. ) ;
#5641 = ORIENTED_EDGE ( 'NONE', *, *, #8461, .F. ) ;
#5642 = CYLINDRICAL_SURFACE ( 'NONE', #5021, 7.399999999999998600 ) ;
#5643 = CARTESIAN_POINT ( 'NONE',  ( -34.12499999999998600, 20.15000000000000200, 5.200000000000001100 ) ) ;
#5644 = AXIS2_PLACEMENT_3D ( 'NONE', #3906, #7370, #5285 ) ;
#5645 = ORIENTED_EDGE ( 'NONE', *, *, #7410, .F. ) ;
#5646 = DIRECTION ( 'NONE',  ( 0.0000000000000000000, -1.000000000000000000, 0.0000000000000000000 ) ) ;
#5647 = VECTOR ( 'NONE', #842, 1000.000000000000000 ) ;
#5648 = CARTESIAN_POINT ( 'NONE',  ( -6.424999999999996300, 18.75000000000000400, -2.500000000000000000 ) ) ;
#5649 = FACE_OUTER_BOUND ( 'NONE', #544, .T. ) ;
#5650 = CARTESIAN_POINT ( 'NONE',  ( -31.55000000000000800, 25.30000000000000100, -0.8749999999996694900 ) ) ;
#5651 = CARTESIAN_POINT ( 'NONE',  ( -11.82499999999999200, 1.500000000000000400, 5.200000000000003700 ) ) ;
#5652 = AXIS2_PLACEMENT_3D ( 'NONE', #1194, #577, #4638 ) ;
#5653 = DIRECTION ( 'NONE',  ( -0.0000000000000000000, -1.000000000000000000, -0.0000000000000000000 ) ) ;
#5654 = CARTESIAN_POINT ( 'NONE',  ( 3.765000000000007700, 0.6999999999999999600, -10.34000000000000000 ) ) ;
#5655 = AXIS2_PLACEMENT_3D ( 'NONE', #3460, #3484, #200 ) ;
#5656 = CIRCLE ( 'NONE', #4858, 4.500000000000002700 ) ;
#5657 = CIRCLE ( 'NONE', #7238, 7.400000000000000400 ) ;
#5658 = CARTESIAN_POINT ( 'NONE',  ( 23.76500000000000400, 27.40000000000000200, -1.250000000000001100 ) ) ;
#5659 = ADVANCED_FACE ( 'NONE', ( #159 ), #4921, .F. ) ;
#5660 = UNCERTAINTY_MEASURE_WITH_UNIT (LENGTH_MEASURE( 1.000000000000000100E-005 ), #5095, 'distance_accuracy_value', 'NONE');
#5661 = DIRECTION ( 'NONE',  ( -1.000000000000000000, 0.0000000000000000000, 0.0000000000000000000 ) ) ;
#5662 = EDGE_CURVE ( 'NONE', #6958, #114, #48, .T. ) ;
#5663 = DIRECTION ( 'NONE',  ( -0.0000000000000000000, 0.0000000000000000000, -1.000000000000000000 ) ) ;
#5664 = LINE ( 'NONE', #3830, #8752 ) ;
#5665 = DIRECTION ( 'NONE',  ( 0.0000000000000000000, 0.0000000000000000000, -1.000000000000000000 ) ) ;
#5666 = CARTESIAN_POINT ( 'NONE',  ( -6.624999999999996400, 22.02000000000000300, -2.300000000000000300 ) ) ;
#5667 = CARTESIAN_POINT ( 'NONE',  ( 1.875000000000007500, 0.2000000000000000100, -5.899999999999997700 ) ) ;
#5668 = CARTESIAN_POINT ( 'NONE',  ( 1.575000000000007500, 0.5000000000000000000, 4.299999999999998900 ) ) ;
#5669 = ORIENTED_EDGE ( 'NONE', *, *, #3266, .T. ) ;
#5670 = VECTOR ( 'NONE', #8634, 1000.000000000000000 ) ;
#5671 = EDGE_CURVE ( 'NONE', #4743, #7815, #7689, .T. ) ;
#5672 = FACE_OUTER_BOUND ( 'NONE', #3076, .T. ) ;
#5673 = CYLINDRICAL_SURFACE ( 'NONE', #6834, 2.149999999999999900 ) ;
#5674 = CARTESIAN_POINT ( 'NONE',  ( 23.76500000000000400, -8.650000000000000400, 0.0000000000000000000 ) ) ;
#5675 = DIRECTION ( 'NONE',  ( 0.0000000000000000000, 0.0000000000000000000, -1.000000000000000000 ) ) ;
#5676 = ORIENTED_EDGE ( 'NONE', *, *, #6224, .T. ) ;
#5677 = LINE ( 'NONE', #3038, #5985 ) ;
#5678 = CIRCLE ( 'NONE', #812, 0.1999999999999996500 ) ;
#5679 = CARTESIAN_POINT ( 'NONE',  ( 30.67500000000000800, 0.0000000000000000000, -6.700000000000000200 ) ) ;
#5680 = VERTEX_POINT ( 'NONE', #2412 ) ;
#5681 = EDGE_CURVE ( 'NONE', #302, #4124, #3659, .T. ) ;
#5682 = PLANE ( 'NONE',  #384 ) ;
#5683 = CARTESIAN_POINT ( 'NONE',  ( -6.624999999999996400, 21.82000000000000700, -2.500000000000000000 ) ) ;
#5684 = CARTESIAN_POINT ( 'NONE',  ( -20.72499999999999100, 6.442151305867749800, -3.199999999999997500 ) ) ;
#5685 = LINE ( 'NONE', #2304, #1545 ) ;
#5686 = VERTEX_POINT ( 'NONE', #334 ) ;
#5687 = ORIENTED_EDGE ( 'NONE', *, *, #1629, .T. ) ;
#5688 = ORIENTED_EDGE ( 'NONE', *, *, #7019, .T. ) ;
#5689 = PLANE ( 'NONE',  #2876 ) ;
#5690 = CYLINDRICAL_SURFACE ( 'NONE', #3341, 0.5000000000000004400 ) ;
#5691 = DIRECTION ( 'NONE',  ( -1.000000000000000000, 0.0000000000000000000, 1.982541115402067900E-014 ) ) ;
#5692 = DIRECTION ( 'NONE',  ( -0.0000000000000000000, -1.000000000000000000, -0.0000000000000000000 ) ) ;
#5693 = CARTESIAN_POINT ( 'NONE',  ( 23.76500000000000400, 27.40000000000000200, 2.700000000000001100 ) ) ;
#5694 =( NAMED_UNIT ( * ) SI_UNIT ( $, .STERADIAN. ) SOLID_ANGLE_UNIT ( ) );
#5695 = ADVANCED_FACE ( 'NONE', ( #1315 ), #5054, .F. ) ;
#5696 = VERTEX_POINT ( 'NONE', #1000 ) ;
#5697 = LINE ( 'NONE', #2219, #1657 ) ;
#5698 = PLANE ( 'NONE',  #6284 ) ;
#5699 = AXIS2_PLACEMENT_3D ( 'NONE', #5596, #6904, #156 ) ;
#5700 = CARTESIAN_POINT ( 'NONE',  ( -25.12499999999998900, 20.15000000000000200, 3.499999999999997300 ) ) ;
#5701 = ORIENTED_EDGE ( 'NONE', *, *, #4430, .F. ) ;
#5702 = EDGE_LOOP ( 'NONE', ( #3894, #8394, #8177, #8520 ) ) ;
#5703 = VERTEX_POINT ( 'NONE', #1093 ) ;
#5704 = EDGE_CURVE ( 'NONE', #7014, #8390, #2480, .T. ) ;
#5705 = ORIENTED_EDGE ( 'NONE', *, *, #7090, .T. ) ;
#5706 = VECTOR ( 'NONE', #3117, 1000.000000000000000 ) ;
#5707 = CARTESIAN_POINT ( 'NONE',  ( 32.67500000000000400, 0.0000000000000000000, 8.500000000000000000 ) ) ;
#5708 = CARTESIAN_POINT ( 'NONE',  ( 32.67500000000000400, 0.0000000000000000000, 8.500000000000000000 ) ) ;
#5709 = AXIS2_PLACEMENT_3D ( 'NONE', #581, #1843, #7923 ) ;
#5710 = ORIENTED_EDGE ( 'NONE', *, *, #2080, .F. ) ;
#5711 = DIRECTION ( 'NONE',  ( 0.0000000000000000000, 0.0000000000000000000, 1.000000000000000000 ) ) ;
#5712 = ORIENTED_EDGE ( 'NONE', *, *, #2602, .T. ) ;
#5713 = VERTEX_POINT ( 'NONE', #3706 ) ;
#5714 = AXIS2_PLACEMENT_3D ( 'NONE', #272, #8354, #2153 ) ;
#5715 = VERTEX_POINT ( 'NONE', #3679 ) ;
#5716 = ORIENTED_EDGE ( 'NONE', *, *, #2525, .F. ) ;
#5717 = LINE ( 'NONE', #8356, #4538 ) ;
#5718 = EDGE_CURVE ( 'NONE', #7088, #1042, #3334, .T. ) ;
#5719 = ORIENTED_EDGE ( 'NONE', *, *, #3597, .T. ) ;
#5720 = VERTEX_POINT ( 'NONE', #1637 ) ;
#5721 = DIRECTION ( 'NONE',  ( 1.000000000000000000, 0.0000000000000000000, 0.0000000000000000000 ) ) ;
#5722 = ORIENTED_EDGE ( 'NONE', *, *, #3179, .F. ) ;
#5723 = CARTESIAN_POINT ( 'NONE',  ( 0.5750000000000076200, 18.34999999999999800, -9.799999999999997200 ) ) ;
#5724 = ORIENTED_EDGE ( 'NONE', *, *, #2558, .F. ) ;
#5725 = ORIENTED_EDGE ( 'NONE', *, *, #7891, .F. ) ;
#5726 = ORIENTED_EDGE ( 'NONE', *, *, #4976, .T. ) ;
#5727 = AXIS2_PLACEMENT_3D ( 'NONE', #5766, #3746, #3802 ) ;
#5728 = ORIENTED_EDGE ( 'NONE', *, *, #7610, .T. ) ;
#5729 = VECTOR ( 'NONE', #2539, 1000.000000000000000 ) ;
#5730 = CIRCLE ( 'NONE', #8329, 0.2000000000000001200 ) ;
#5731 = EDGE_CURVE ( 'NONE', #2168, #3446, #7147, .T. ) ;
#5732 = DIRECTION ( 'NONE',  ( -0.0000000000000000000, -1.000000000000000000, -0.0000000000000000000 ) ) ;
#5733 = EDGE_CURVE ( 'NONE', #4262, #1153, #7040, .T. ) ;
#5734 = CARTESIAN_POINT ( 'NONE',  ( 30.67500000000000800, 0.0000000000000000000, -10.90000000000000400 ) ) ;
#5735 = SPHERICAL_SURFACE ( 'NONE', #100, 0.2000000000000000100 ) ;
#5736 = ORIENTED_EDGE ( 'NONE', *, *, #7866, .F. ) ;
#5737 = ORIENTED_EDGE ( 'NONE', *, *, #4184, .T. ) ;
#5738 = VECTOR ( 'NONE', #6181, 1000.000000000000000 ) ;
#5739 = CARTESIAN_POINT ( 'NONE',  ( 2.950000000000007700, 0.2000000000000000100, 5.899999999999997700 ) ) ;
#5740 = DIRECTION ( 'NONE',  ( 1.000000000000000000, 0.0000000000000000000, 0.0000000000000000000 ) ) ;
#5742 = ADVANCED_FACE ( 'NONE', ( #798 ), #7585, .T. ) ;
#5741 = DIRECTION ( 'NONE',  ( 0.0000000000000000000, 0.0000000000000000000, 1.000000000000000000 ) ) ;
#5743 = CARTESIAN_POINT ( 'NONE',  ( -31.54999999999998600, 25.30000000000000100, 0.8750000000003299600 ) ) ;
#5744 = VECTOR ( 'NONE', #7454, 1000.000000000000000 ) ;
#5745 = EDGE_LOOP ( 'NONE', ( #2425, #8362, #1665, #820, #6539, #110, #8326, #3195, #314, #4531, #658, #2607, #11, #7768, #2213, #8664 ) ) ;
#5746 = CIRCLE ( 'NONE', #781, 0.9999999999999983300 ) ;
#5747 = DIRECTION ( 'NONE',  ( -0.0000000000000000000, 1.000000000000000000, 0.0000000000000000000 ) ) ;
#5748 = DIRECTION ( 'NONE',  ( -0.0000000000000000000, -1.000000000000000000, -0.0000000000000000000 ) ) ;
#5749 = CYLINDRICAL_SURFACE ( 'NONE', #1840, 1.250000000000001100 ) ;
#5750 = DIRECTION ( 'NONE',  ( 0.0000000000000000000, 0.0000000000000000000, -1.000000000000000000 ) ) ;
#5751 = CARTESIAN_POINT ( 'NONE',  ( 30.67500000000000800, 0.3000000000000016500, -11.20000000000000100 ) ) ;
#5752 = EDGE_CURVE ( 'NONE', #7831, #4195, #7793, .T. ) ;
#5753 = LINE ( 'NONE', #4687, #5005 ) ;
#5754 = EDGE_CURVE ( 'NONE', #2416, #943, #4699, .T. ) ;
#5755 = DIRECTION ( 'NONE',  ( 0.0000000000000000000, -1.000000000000000000, 0.0000000000000000000 ) ) ;
#5756 = FACE_OUTER_BOUND ( 'NONE', #5004, .T. ) ;
#5757 = CARTESIAN_POINT ( 'NONE',  ( -20.72499999999999100, 20.15000000000000200, 3.199999999999997500 ) ) ;
#5758 = FACE_BOUND ( 'NONE', #7762, .T. ) ;
#5759 = AXIS2_PLACEMENT_3D ( 'NONE', #6923, #2259, #844 ) ;
#5760 = ORIENTED_EDGE ( 'NONE', *, *, #3335, .F. ) ;
#5761 = AXIS2_PLACEMENT_3D ( 'NONE', #7902, #5976, #5294 ) ;
#5762 = FACE_OUTER_BOUND ( 'NONE', #2087, .T. ) ;
#5763 = CARTESIAN_POINT ( 'NONE',  ( -32.72499999999999400, 21.30000000000000100, 4.599999999999999600 ) ) ;
#5764 = CARTESIAN_POINT ( 'NONE',  ( -32.72499999999999400, 25.89999999999999900, -4.599999999999999600 ) ) ;
#5765 = EDGE_CURVE ( 'NONE', #4908, #4745, #2260, .T. ) ;
#5766 = CARTESIAN_POINT ( 'NONE',  ( 23.76500000000000400, 19.75000000000000000, 0.0000000000000000000 ) ) ;
#5767 = VERTEX_POINT ( 'NONE', #8440 ) ;
#5768 = LINE ( 'NONE', #2440, #2271 ) ;
#5769 = DIRECTION ( 'NONE',  ( -1.000000000000000000, -0.0000000000000000000, -0.0000000000000000000 ) ) ;
#5770 = AXIS2_PLACEMENT_3D ( 'NONE', #4272, #5545, #8219 ) ;
#5771 = CARTESIAN_POINT ( 'NONE',  ( 1.275000000000007500, 0.6000000000000000900, 7.574999999999999300 ) ) ;
#5772 = LINE ( 'NONE', #3689, #8434 ) ;
#5773 = DIRECTION ( 'NONE',  ( -1.000000000000000000, 0.0000000000000000000, 0.0000000000000000000 ) ) ;
#5774 = ORIENTED_EDGE ( 'NONE', *, *, #477, .F. ) ;
#5775 = CARTESIAN_POINT ( 'NONE',  ( -6.624999999999996400, -1.570000000000000100, -2.299999999999999800 ) ) ;
#5776 = EDGE_CURVE ( 'NONE', #1391, #3705, #2372, .T. ) ;
#5777 = ADVANCED_FACE ( 'NONE', ( #5979 ), #8596, .F. ) ;
#5778 = LINE ( 'NONE', #586, #6954 ) ;
#5779 = ORIENTED_EDGE ( 'NONE', *, *, #7898, .F. ) ;
#5780 = DIRECTION ( 'NONE',  ( 1.000000000000000000, 0.0000000000000000000, -9.912705577010238600E-015 ) ) ;
#5781 = DIRECTION ( 'NONE',  ( 0.0000000000000000000, -1.000000000000000000, 0.0000000000000000000 ) ) ;
#5782 = DIRECTION ( 'NONE',  ( -1.000000000000000000, 0.0000000000000000000, -0.0000000000000000000 ) ) ;
#5783 = PLANE ( 'NONE',  #8721 ) ;
#5784 = VERTEX_POINT ( 'NONE', #1667 ) ;
#5785 = DIRECTION ( 'NONE',  ( 0.0000000000000000000, 1.000000000000000000, 0.0000000000000000000 ) ) ;
#5786 = ORIENTED_EDGE ( 'NONE', *, *, #3771, .T. ) ;
#5787 = DIRECTION ( 'NONE',  ( 0.0000000000000000000, 0.0000000000000000000, -1.000000000000000000 ) ) ;
#5788 = CIRCLE ( 'NONE', #6750, 1.000000000000002700 ) ;
#5789 = EDGE_CURVE ( 'NONE', #3251, #8259, #4189, .T. ) ;
#5790 = EDGE_LOOP ( 'NONE', ( #438, #134 ) ) ;
#5791 = EDGE_LOOP ( 'NONE', ( #647, #8118, #3286, #344 ) ) ;
#5792 = FACE_OUTER_BOUND ( 'NONE', #538, .T. ) ;
#5793 = AXIS2_PLACEMENT_3D ( 'NONE', #732, #4054, #7397 ) ;
#5794 = CARTESIAN_POINT ( 'NONE',  ( -8.724999999999996100, -1.570000000000000100, 2.500000000000000000 ) ) ;
#5795 = CARTESIAN_POINT ( 'NONE',  ( -31.54999999999999400, 25.30000000000000100, 0.5250000000003303100 ) ) ;
#5796 = CARTESIAN_POINT ( 'NONE',  ( 0.2000000000000070300, 0.6000000000000000900, 5.899999999999997700 ) ) ;
#5797 = CARTESIAN_POINT ( 'NONE',  ( 39.37500000000000000, 10.77500000000000000, 1.900000000000000100 ) ) ;
#5798 = VERTEX_POINT ( 'NONE', #5214 ) ;
#5799 = DIRECTION ( 'NONE',  ( 0.0000000000000000000, 1.000000000000000000, 0.0000000000000000000 ) ) ;
#5800 = ORIENTED_EDGE ( 'NONE', *, *, #5918, .T. ) ;
#5801 = DIRECTION ( 'NONE',  ( 0.0000000000000000000, -1.000000000000000000, 0.0000000000000000000 ) ) ;
#5802 = AXIS2_PLACEMENT_3D ( 'NONE', #4505, #5876, #1822 ) ;
#5803 = ORIENTED_EDGE ( 'NONE', *, *, #7304, .F. ) ;
#5804 = DIRECTION ( 'NONE',  ( 9.912705577010238600E-015, -0.0000000000000000000, 1.000000000000000000 ) ) ;
#5805 = DIRECTION ( 'NONE',  ( -1.000000000000000000, 0.0000000000000000000, 0.0000000000000000000 ) ) ;
#5806 = ORIENTED_EDGE ( 'NONE', *, *, #3323, .F. ) ;
#5807 = VECTOR ( 'NONE', #4200, 1000.000000000000000 ) ;
#5808 = ORIENTED_EDGE ( 'NONE', *, *, #2035, .F. ) ;
#5809 = DIRECTION ( 'NONE',  ( 0.0000000000000000000, 0.0000000000000000000, 1.000000000000000000 ) ) ;
#5810 = ORIENTED_EDGE ( 'NONE', *, *, #2835, .F. ) ;
#5811 = EDGE_CURVE ( 'NONE', #4022, #3831, #4084, .T. ) ;
#5812 = EDGE_LOOP ( 'NONE', ( #3312, #3815, #4703, #5495 ) ) ;
#5813 = ORIENTED_EDGE ( 'NONE', *, *, #6185, .F. ) ;
#5814 = ORIENTED_EDGE ( 'NONE', *, *, #6744, .F. ) ;
#5815 = EDGE_LOOP ( 'NONE', ( #8670, #6785, #1730, #4362 ) ) ;
#5816 = ORIENTED_EDGE ( 'NONE', *, *, #1523, .T. ) ;
#5817 = CARTESIAN_POINT ( 'NONE',  ( 35.77500000000001300, 7.974999999999999600, -3.100000000000000500 ) ) ;
#5818 = DIRECTION ( 'NONE',  ( 1.000000000000000000, 0.0000000000000000000, 0.0000000000000000000 ) ) ;
#5819 = PRESENTATION_LAYER_ASSIGNMENT (  '', '', ( #5484 ) ) ;
#5820 = CIRCLE ( 'NONE', #508, 1.490000000000001300 ) ;
#5821 = ADVANCED_FACE ( 'NONE', ( #3869 ), #5380, .F. ) ;
#5822 = DIRECTION ( 'NONE',  ( 0.0000000000000000000, 1.000000000000000000, 0.0000000000000000000 ) ) ;
#5823 = CARTESIAN_POINT ( 'NONE',  ( -26.62499999999998900, 9.229210492142396300, 9.600000000000001400 ) ) ;
#5824 = ORIENTED_EDGE ( 'NONE', *, *, #2177, .F. ) ;
#5825 = VERTEX_POINT ( 'NONE', #4064 ) ;
#5826 = CIRCLE ( 'NONE', #2185, 0.2000000000000005100 ) ;
#5827 = LINE ( 'NONE', #1447, #227 ) ;
#5828 = ORIENTED_EDGE ( 'NONE', *, *, #8786, .T. ) ;
#5829 = ORIENTED_EDGE ( 'NONE', *, *, #8150, .T. ) ;
#5830 = EDGE_CURVE ( 'NONE', #5720, #104, #3980, .T. ) ;
#5831 = PLANE ( 'NONE',  #6232 ) ;
#5832 = DIRECTION ( 'NONE',  ( -0.2588190451025178000, -0.9659258262890692000, -0.0000000000000000000 ) ) ;
#5833 = DIRECTION ( 'NONE',  ( 0.0000000000000000000, 0.0000000000000000000, -1.000000000000000000 ) ) ;
#5834 = DIRECTION ( 'NONE',  ( 1.000000000000000000, 0.0000000000000000000, -0.0000000000000000000 ) ) ;
#5835 = VERTEX_POINT ( 'NONE', #6510 ) ;
#5836 = FACE_OUTER_BOUND ( 'NONE', #838, .T. ) ;
#5837 = CYLINDRICAL_SURFACE ( 'NONE', #1102, 0.6000000000000015300 ) ;
#5838 = CARTESIAN_POINT ( 'NONE',  ( -21.52499999999998800, 1.099999999999999900, 3.500000000000000000 ) ) ;
#5839 = LINE ( 'NONE', #6078, #1495 ) ;
#5840 = ORIENTED_EDGE ( 'NONE', *, *, #8448, .F. ) ;
#5841 = CIRCLE ( 'NONE', #927, 2.700000000000001100 ) ;
#5842 = EDGE_CURVE ( 'NONE', #4551, #670, #1729, .T. ) ;
#5843 = DIRECTION ( 'NONE',  ( -1.000000000000000000, 0.0000000000000000000, 0.0000000000000000000 ) ) ;
#5844 = ORIENTED_EDGE ( 'NONE', *, *, #6501, .F. ) ;
#5845 = FACE_OUTER_BOUND ( 'NONE', #2377, .T. ) ;
#5846 = DIRECTION ( 'NONE',  ( -1.000000000000000000, -0.0000000000000000000, -0.0000000000000000000 ) ) ;
#5847 = FACE_OUTER_BOUND ( 'NONE', #4543, .T. ) ;
#5848 = CARTESIAN_POINT ( 'NONE',  ( -13.82499999999999400, 20.15000000000000200, -5.200000000000001100 ) ) ;
#5849 = CARTESIAN_POINT ( 'NONE',  ( -9.617820323027549600, 1.600000000000000800, -2.300000000000000300 ) ) ;
#5850 = CARTESIAN_POINT ( 'NONE',  ( 0.0000000000000000000, -1.570000000000000100, 2.299999999999999800 ) ) ;
#5851 = CARTESIAN_POINT ( 'NONE',  ( 23.76500000000000400, 18.75000000000000000, 0.0000000000000000000 ) ) ;
#5852 = EDGE_CURVE ( 'NONE', #2859, #1687, #5558, .T. ) ;
#5853 = VECTOR ( 'NONE', #6816, 1000.000000000000000 ) ;
#5854 = DIRECTION ( 'NONE',  ( 0.0000000000000000000, 0.0000000000000000000, -1.000000000000000000 ) ) ;
#5855 = CARTESIAN_POINT ( 'NONE',  ( 1.575000000000007300, 0.1999999999999999800, 4.599999999999998800 ) ) ;
#5856 = FACE_OUTER_BOUND ( 'NONE', #7140, .T. ) ;
#5857 = PLANE ( 'NONE',  #1070 ) ;
#5858 = ORIENTED_EDGE ( 'NONE', *, *, #7580, .F. ) ;
#5859 = DIRECTION ( 'NONE',  ( 0.0000000000000000000, 0.0000000000000000000, 1.000000000000000000 ) ) ;
#5860 = CARTESIAN_POINT ( 'NONE',  ( 0.2000000000000070300, 0.2000000000000000100, -5.899999999999997700 ) ) ;
#5861 = AXIS2_PLACEMENT_3D ( 'NONE', #6855, #4215, #6880 ) ;
#5862 = CARTESIAN_POINT ( 'NONE',  ( -31.89999999999996300, 25.30000000000000100, 3.325000000000334100 ) ) ;
#5863 = VECTOR ( 'NONE', #3800, 1000.000000000000000 ) ;
#5864 = ADVANCED_FACE ( 'NONE', ( #3549 ), #620, .F. ) ;
#5865 = VECTOR ( 'NONE', #1726, 1000.000000000000000 ) ;
#5866 = CARTESIAN_POINT ( 'NONE',  ( 35.77500000000001300, 10.77500000000000000, -3.100000000000000500 ) ) ;
#5867 = EDGE_CURVE ( 'NONE', #5924, #3682, #3770, .T. ) ;
#5868 = CARTESIAN_POINT ( 'NONE',  ( 23.76500000000000400, 26.39999999999999900, 1.250000000000001100 ) ) ;
#5869 = DIRECTION ( 'NONE',  ( -1.000000000000000000, 0.0000000000000000000, 0.0000000000000000000 ) ) ;
#5870 = VERTEX_POINT ( 'NONE', #2690 ) ;
#5871 = CARTESIAN_POINT ( 'NONE',  ( -13.82499999999999400, 12.75000000000000200, -12.60000000000000100 ) ) ;
#5872 = CARTESIAN_POINT ( 'NONE',  ( 23.76500000000000400, -7.649999999999999500, -1.250000000000001100 ) ) ;
#5873 = LINE ( 'NONE', #6318, #2263 ) ;
#5874 = FACE_OUTER_BOUND ( 'NONE', #1646, .T. ) ;
#5875 = AXIS2_PLACEMENT_3D ( 'NONE', #7171, #1036, #4494 ) ;
#5876 = DIRECTION ( 'NONE',  ( 1.000000000000000000, 0.0000000000000000000, 0.0000000000000000000 ) ) ;
#5877 = CARTESIAN_POINT ( 'NONE',  ( 23.76500000000000400, -8.650000000000000400, 1.250000000000001100 ) ) ;
#5878 = VECTOR ( 'NONE', #4183, 1000.000000000000000 ) ;
#5879 = ADVANCED_FACE ( 'NONE', ( #688 ), #268, .T. ) ;
#5880 = CARTESIAN_POINT ( 'NONE',  ( -8.724999999999996100, 21.82000000000000700, -2.299999999999999800 ) ) ;
#5881 = DIRECTION ( 'NONE',  ( -0.0000000000000000000, 1.000000000000000000, -0.0000000000000000000 ) ) ;
#5882 = LINE ( 'NONE', #364, #5561 ) ;
#5883 = CARTESIAN_POINT ( 'NONE',  ( -31.89999999999997700, 21.30000000000000100, 2.275000000000333400 ) ) ;
#5884 = EDGE_CURVE ( 'NONE', #1948, #4370, #476, .T. ) ;
#5885 = VECTOR ( 'NONE', #1690, 1000.000000000000000 ) ;
#5886 = LINE ( 'NONE', #2193, #1008 ) ;
#5887 = ORIENTED_EDGE ( 'NONE', *, *, #4940, .T. ) ;
#5888 = ORIENTED_EDGE ( 'NONE', *, *, #2559, .T. ) ;
#5889 = DIRECTION ( 'NONE',  ( 0.0000000000000000000, 0.0000000000000000000, -1.000000000000000000 ) ) ;
#5890 = CARTESIAN_POINT ( 'NONE',  ( -26.62499999999998900, 18.55000000000000100, 3.199999999999998000 ) ) ;
#5891 = DIRECTION ( 'NONE',  ( -1.000000000000000000, 0.0000000000000000000, 0.0000000000000000000 ) ) ;
#5892 = DIRECTION ( 'NONE',  ( 0.0000000000000000000, 0.0000000000000000000, 1.000000000000000000 ) ) ;
#5893 = CARTESIAN_POINT ( 'NONE',  ( 25.73159604392972000, 27.40000000000000200, -1.849999999999999900 ) ) ;
#5894 = LINE ( 'NONE', #7294, #7277 ) ;
#5895 = DIRECTION ( 'NONE',  ( 1.000000000000000000, -0.0000000000000000000, 0.0000000000000000000 ) ) ;
#5896 = VERTEX_POINT ( 'NONE', #1758 ) ;
#5897 = CARTESIAN_POINT ( 'NONE',  ( 35.51438892245315100, 7.954002993575715100, 2.554109753323008800 ) ) ;
#5898 = EDGE_CURVE ( 'NONE', #2762, #245, #7258, .T. ) ;
#5899 = ORIENTED_EDGE ( 'NONE', *, *, #5232, .T. ) ;
#5900 = DIRECTION ( 'NONE',  ( 0.0000000000000000000, 1.000000000000000000, 0.0000000000000000000 ) ) ;
#5901 = EDGE_LOOP ( 'NONE', ( #3355, #4443, #1318, #4829 ) ) ;
#5902 = CIRCLE ( 'NONE', #290, 2.700000000000001100 ) ;
#5903 = CARTESIAN_POINT ( 'NONE',  ( 23.76500000000000400, 0.0000000000000000000, -3.500000000000000000 ) ) ;
#5904 = ORIENTED_EDGE ( 'NONE', *, *, #477, .T. ) ;
#5905 = EDGE_CURVE ( 'NONE', #8278, #1763, #6186, .T. ) ;
#5906 = CARTESIAN_POINT ( 'NONE',  ( 23.76500000000000400, 18.75000000000000000, 0.0000000000000000000 ) ) ;
#5907 = EDGE_LOOP ( 'NONE', ( #4489, #6751, #5705, #5191 ) ) ;
#5908 = LINE ( 'NONE', #2791, #4521 ) ;
#5909 = DIRECTION ( 'NONE',  ( -1.000000000000000000, -0.0000000000000000000, -0.0000000000000000000 ) ) ;
#5910 = CARTESIAN_POINT ( 'NONE',  ( 39.37500000000000000, 7.974999999999999600, 1.900000000000000100 ) ) ;
#5911 = CARTESIAN_POINT ( 'NONE',  ( 30.67500000000000800, 18.75000000000000000, -6.700000000000000200 ) ) ;
#5912 = DIRECTION ( 'NONE',  ( -0.0000000000000000000, 2.125886612716674300E-017, 1.000000000000000000 ) ) ;
#5913 = ADVANCED_FACE ( 'NONE', ( #8314 ), #2906, .T. ) ;
#5914 = EDGE_LOOP ( 'NONE', ( #6039, #6046, #5180, #2611 ) ) ;
#5915 = AXIS2_PLACEMENT_3D ( 'NONE', #7445, #717, #2752 ) ;
#5916 = ORIENTED_EDGE ( 'NONE', *, *, #5811, .T. ) ;
#5917 = CIRCLE ( 'NONE', #6568, 0.5000000000000000000 ) ;
#5918 = EDGE_CURVE ( 'NONE', #1720, #1057, #2471, .T. ) ;
#5919 = VERTEX_POINT ( 'NONE', #6781 ) ;
#5920 = CARTESIAN_POINT ( 'NONE',  ( 0.5750000000000099500, 18.34999999999999800, 9.800000000000004300 ) ) ;
#5921 = EDGE_CURVE ( 'NONE', #1583, #5389, #3326, .T. ) ;
#5922 = DIRECTION ( 'NONE',  ( 0.0000000000000000000, 0.0000000000000000000, 1.000000000000000000 ) ) ;
#5923 = DIRECTION ( 'NONE',  ( -1.982541115402067600E-014, 0.0000000000000000000, -1.000000000000000000 ) ) ;
#5924 = VERTEX_POINT ( 'NONE', #4091 ) ;
#5925 = ORIENTED_EDGE ( 'NONE', *, *, #3667, .F. ) ;
#5926 = EDGE_CURVE ( 'NONE', #946, #7851, #150, .T. ) ;
#5927 = EDGE_LOOP ( 'NONE', ( #6959, #7508, #2863, #2344 ) ) ;
#5928 = CARTESIAN_POINT ( 'NONE',  ( -31.90000000000003400, 25.30000000000000100, -3.324999999999666200 ) ) ;
#5929 = ORIENTED_EDGE ( 'NONE', *, *, #4376, .F. ) ;
#5930 = VECTOR ( 'NONE', #8561, 1000.000000000000000 ) ;
#5931 = ORIENTED_EDGE ( 'NONE', *, *, #7286, .F. ) ;
#5932 = ORIENTED_EDGE ( 'NONE', *, *, #2602, .F. ) ;
#5933 = ORIENTED_EDGE ( 'NONE', *, *, #6903, .F. ) ;
#5934 = AXIS2_PLACEMENT_3D ( 'NONE', #8358, #938, #6964 ) ;
#5935 = ORIENTED_EDGE ( 'NONE', *, *, #160, .F. ) ;
#5936 = DIRECTION ( 'NONE',  ( -0.0000000000000000000, -1.000000000000000000, -0.0000000000000000000 ) ) ;
#5937 = ORIENTED_EDGE ( 'NONE', *, *, #7595, .T. ) ;
#5938 = PLANE ( 'NONE',  #5802 ) ;
#5939 = EDGE_CURVE ( 'NONE', #3672, #6949, #3976, .T. ) ;
#5940 = ORIENTED_EDGE ( 'NONE', *, *, #3299, .F. ) ;
#5941 = ORIENTED_EDGE ( 'NONE', *, *, #1440, .F. ) ;
#5942 = VECTOR ( 'NONE', #6026, 1000.000000000000000 ) ;
#5943 = LINE ( 'NONE', #5432, #3410 ) ;
#5944 = CARTESIAN_POINT ( 'NONE',  ( -31.54999999999996200, 25.30000000000000100, 3.325000000000330600 ) ) ;
#5945 = DIRECTION ( 'NONE',  ( -1.000000000000000000, 0.0000000000000000000, 0.0000000000000000000 ) ) ;
#5946 = MECHANICAL_DESIGN_GEOMETRIC_PRESENTATION_REPRESENTATION (  '', ( #5484 ), #2026 ) ;
#5947 = DIRECTION ( 'NONE',  ( 0.5000000000000007800, 0.8660254037844381500, -0.0000000000000000000 ) ) ;
#5948 = DIRECTION ( 'NONE',  ( -0.0000000000000000000, -1.000000000000000000, -0.0000000000000000000 ) ) ;
#5949 = VECTOR ( 'NONE', #5959, 1000.000000000000000 ) ;
#5950 = ORIENTED_EDGE ( 'NONE', *, *, #6659, .F. ) ;
#5951 = EDGE_LOOP ( 'NONE', ( #7852, #240, #6770, #5250 ) ) ;
#5952 = EDGE_LOOP ( 'NONE', ( #1497, #2855 ) ) ;
#5953 = VECTOR ( 'NONE', #2986, 1000.000000000000000 ) ;
#5954 = DIRECTION ( 'NONE',  ( 0.0000000000000000000, -1.000000000000000000, 0.0000000000000000000 ) ) ;
#5955 = EDGE_CURVE ( 'NONE', #4871, #7612, #365, .T. ) ;
#5956 = CARTESIAN_POINT ( 'NONE',  ( -0.8249999999999924100, 18.75000000000000000, 11.19999999999999900 ) ) ;
#5957 = CARTESIAN_POINT ( 'NONE',  ( 3.765000000000005500, 0.0000000000000000000, 8.800000000000000700 ) ) ;
#5958 = LINE ( 'NONE', #4906, #5647 ) ;
#5959 = DIRECTION ( 'NONE',  ( 0.0000000000000000000, 0.0000000000000000000, 1.000000000000000000 ) ) ;
#5960 = ORIENTED_EDGE ( 'NONE', *, *, #6749, .T. ) ;
#5961 = ORIENTED_EDGE ( 'NONE', *, *, #1656, .F. ) ;
#5962 = FACE_OUTER_BOUND ( 'NONE', #7714, .T. ) ;
#5963 = ADVANCED_FACE ( 'NONE', ( #8525 ), #4913, .T. ) ;
#5964 = CARTESIAN_POINT ( 'NONE',  ( -16.02499999999999100, 18.55000000000000100, -2.499999999999999600 ) ) ;
#5965 = CYLINDRICAL_SURFACE ( 'NONE', #7475, 2.149999999999999900 ) ;
#5966 = EDGE_CURVE ( 'NONE', #6875, #2504, #1211, .T. ) ;
#5967 = CARTESIAN_POINT ( 'NONE',  ( 1.575000000000007100, 0.5000000000000000000, -4.299999999999998900 ) ) ;
#5968 = DIRECTION ( 'NONE',  ( 0.0000000000000000000, 1.000000000000000000, 0.0000000000000000000 ) ) ;
#5969 = VECTOR ( 'NONE', #8043, 1000.000000000000000 ) ;
#5970 = CARTESIAN_POINT ( 'NONE',  ( -34.12499999999998600, 12.75000000000000200, -12.60000000000000100 ) ) ;
#5971 = EDGE_LOOP ( 'NONE', ( #1867, #704, #5046, #753 ) ) ;
#5972 = VECTOR ( 'NONE', #7241, 1000.000000000000000 ) ;
#5973 = CARTESIAN_POINT ( 'NONE',  ( -34.12499999999998600, 7.500000000000000900, -12.60000000000000000 ) ) ;
#5974 = CARTESIAN_POINT ( 'NONE',  ( -9.791025403784438200, 1.500000000000000400, -2.417157287525382200 ) ) ;
#5975 = DIRECTION ( 'NONE',  ( 0.0000000000000000000, 0.0000000000000000000, 1.000000000000000000 ) ) ;
#5976 = DIRECTION ( 'NONE',  ( 0.0000000000000000000, 1.000000000000000000, 0.0000000000000000000 ) ) ;
#5977 = FACE_OUTER_BOUND ( 'NONE', #8157, .T. ) ;
#5978 = CIRCLE ( 'NONE', #5075, 4.500000000000002700 ) ;
#5979 = FACE_OUTER_BOUND ( 'NONE', #2276, .T. ) ;
#5980 = CARTESIAN_POINT ( 'NONE',  ( 1.875000000000007500, 0.6000000000000000900, -4.824999999999999300 ) ) ;
#5981 = DIRECTION ( 'NONE',  ( 1.000000000000000000, 0.0000000000000000000, -8.068481283613054800E-016 ) ) ;
#5982 = DIRECTION ( 'NONE',  ( 0.0000000000000000000, -8.340016711426954100E-017, -1.000000000000000000 ) ) ;
#5983 = AXIS2_PLACEMENT_3D ( 'NONE', #2580, #6076, #1355 ) ;
#5984 = ORIENTED_EDGE ( 'NONE', *, *, #6533, .T. ) ;
#5985 = VECTOR ( 'NONE', #1613, 1000.000000000000000 ) ;
#5986 = LINE ( 'NONE', #8425, #7154 ) ;
#5987 = EDGE_CURVE ( 'NONE', #1574, #5825, #6505, .T. ) ;
#5988 = EDGE_LOOP ( 'NONE', ( #3888, #7650, #6642, #6003 ) ) ;
#5989 = DIRECTION ( 'NONE',  ( 0.0000000000000000000, 1.000000000000000000, -0.0000000000000000000 ) ) ;
#5990 = CARTESIAN_POINT ( 'NONE',  ( 35.67500000000001100, 7.974999999999999600, -2.508392021690040600 ) ) ;
#5991 = DIRECTION ( 'NONE',  ( 0.0000000000000000000, -1.000000000000000000, 0.0000000000000000000 ) ) ;
#5992 = CARTESIAN_POINT ( 'NONE',  ( 30.67500000000000800, 18.75000000000000000, -6.700000000000000200 ) ) ;
#5993 = AXIS2_PLACEMENT_3D ( 'NONE', #2932, #780, #4266 ) ;
#5994 = CARTESIAN_POINT ( 'NONE',  ( -21.52499999999998800, 0.09999999999999992200, 4.500000000000000900 ) ) ;
#5995 = LINE ( 'NONE', #4579, #6426 ) ;
#5996 = CARTESIAN_POINT ( 'NONE',  ( -31.90000000000000600, 25.30000000000000100, -0.5249999999996664000 ) ) ;
#5997 =( LENGTH_UNIT ( ) NAMED_UNIT ( * ) SI_UNIT ( .MILLI., .METRE. ) );
#5998 = DIRECTION ( 'NONE',  ( 0.0000000000000000000, -1.000000000000000000, 2.125886612716674000E-017 ) ) ;
#5999 = ADVANCED_FACE ( 'NONE', ( #6716 ), #6864, .F. ) ;
#6000 = DIRECTION ( 'NONE',  ( 0.0000000000000000000, 0.0000000000000000000, 1.000000000000000000 ) ) ;
#6001 = VERTEX_POINT ( 'NONE', #1462 ) ;
#6002 = EDGE_CURVE ( 'NONE', #5696, #4033, #8209, .T. ) ;
#6003 = ORIENTED_EDGE ( 'NONE', *, *, #5776, .T. ) ;
#6004 = VECTOR ( 'NONE', #6621, 1000.000000000000000 ) ;
#6005 = CARTESIAN_POINT ( 'NONE',  ( 1.575000000000007500, 0.0000000000000000000, 8.349999999999999600 ) ) ;
#6006 = AXIS2_PLACEMENT_3D ( 'NONE', #4165, #4923, #1482 ) ;
#6007 = ORIENTED_EDGE ( 'NONE', *, *, #5718, .F. ) ;
#6008 = CARTESIAN_POINT ( 'NONE',  ( -31.90000000000002000, 25.30000000000000100, -1.924999999999666300 ) ) ;
#6009 = CARTESIAN_POINT ( 'NONE',  ( -29.52499999999998800, 25.89999999999999900, -4.600000000000000500 ) ) ;
#6010 = VERTEX_POINT ( 'NONE', #4114 ) ;
#6011 = VECTOR ( 'NONE', #366, 1000.000000000000000 ) ;
#6012 = CARTESIAN_POINT ( 'NONE',  ( -20.72499999999999100, 18.55000000000000100, 3.199999999999997500 ) ) ;
#6013 = EDGE_CURVE ( 'NONE', #7952, #5200, #792, .T. ) ;
#6014 = VERTEX_POINT ( 'NONE', #3462 ) ;
#6015 = CARTESIAN_POINT ( 'NONE',  ( -11.82499999999999200, 18.75000000000000400, 5.200000000000001100 ) ) ;
#6016 = CARTESIAN_POINT ( 'NONE',  ( -34.12499999999998600, 12.75000000000000200, -5.200000000000001100 ) ) ;
#6017 = EDGE_LOOP ( 'NONE', ( #6417, #2387, #5774, #6151 ) ) ;
#6018 = DIRECTION ( 'NONE',  ( 0.0000000000000000000, 0.0000000000000000000, -1.000000000000000000 ) ) ;
#6019 = EDGE_CURVE ( 'NONE', #8767, #2310, #6290, .T. ) ;
#6020 = CARTESIAN_POINT ( 'NONE',  ( -17.32499999999998500, 18.55000000000000100, -4.500000000000000000 ) ) ;
#6021 = DIRECTION ( 'NONE',  ( 0.0000000000000000000, -1.000000000000000000, 0.0000000000000000000 ) ) ;
#6022 = EDGE_LOOP ( 'NONE', ( #8263, #1693, #2346, #942 ) ) ;
#6023 = ORIENTED_EDGE ( 'NONE', *, *, #1733, .F. ) ;
#6024 = DIRECTION ( 'NONE',  ( -0.0000000000000000000, -1.000000000000000000, -0.0000000000000000000 ) ) ;
#6025 = EDGE_LOOP ( 'NONE', ( #971, #5616, #6360, #5070 ) ) ;
#6026 = DIRECTION ( 'NONE',  ( -0.0000000000000000000, -1.000000000000000000, -0.0000000000000000000 ) ) ;
#6027 = VECTOR ( 'NONE', #8136, 1000.000000000000000 ) ;
#6028 = VERTEX_POINT ( 'NONE', #2832 ) ;
#6029 = UNCERTAINTY_MEASURE_WITH_UNIT (LENGTH_MEASURE( 1.000000000000000100E-005 ), #7354, 'distance_accuracy_value', 'NONE');
#6030 = ORIENTED_EDGE ( 'NONE', *, *, #3237, .F. ) ;
#6031 = AXIS2_PLACEMENT_3D ( 'NONE', #5797, #1126, #1076 ) ;
#6032 = DIRECTION ( 'NONE',  ( 0.0000000000000000000, 0.0000000000000000000, 1.000000000000000000 ) ) ;
#6033 = ORIENTED_EDGE ( 'NONE', *, *, #4688, .F. ) ;
#6034 = ORIENTED_EDGE ( 'NONE', *, *, #4599, .T. ) ;
#6035 = EDGE_CURVE ( 'NONE', #8407, #7541, #2154, .T. ) ;
#6036 = ORIENTED_EDGE ( 'NONE', *, *, #3358, .F. ) ;
#6037 = DIRECTION ( 'NONE',  ( 0.0000000000000000000, 1.000000000000000000, 0.0000000000000000000 ) ) ;
#6038 = CARTESIAN_POINT ( 'NONE',  ( 23.76500000000000400, -7.649999999999999500, 1.250000000000001100 ) ) ;
#6039 = ORIENTED_EDGE ( 'NONE', *, *, #1682, .T. ) ;
#6040 = DIRECTION ( 'NONE',  ( -0.0000000000000000000, -1.000000000000000000, -0.0000000000000000000 ) ) ;
#6041 = ORIENTED_EDGE ( 'NONE', *, *, #8026, .F. ) ;
#6042 = LINE ( 'NONE', #7376, #545 ) ;
#6043 = CARTESIAN_POINT ( 'NONE',  ( -11.82499999999999200, 7.500000000000002700, 11.20000000000000300 ) ) ;
#6044 = CIRCLE ( 'NONE', #4228, 2.149999999999999900 ) ;
#6045 = EDGE_CURVE ( 'NONE', #3640, #1787, #4693, .T. ) ;
#6046 = ORIENTED_EDGE ( 'NONE', *, *, #1122, .F. ) ;
#6047 = ORIENTED_EDGE ( 'NONE', *, *, #3780, .F. ) ;
#6048 = EDGE_LOOP ( 'NONE', ( #2165, #4167, #4754, #3595 ) ) ;
#6049 = ADVANCED_FACE ( 'NONE', ( #5977 ), #269, .F. ) ;
#6050 = DIRECTION ( 'NONE',  ( 0.0000000000000000000, 1.000000000000000000, 0.0000000000000000000 ) ) ;
#6051 = AXIS2_PLACEMENT_3D ( 'NONE', #1253, #5991, #2648 ) ;
#6052 = CONICAL_SURFACE ( 'NONE', #8444, 7.399999999999997700, 0.2617993877991466900 ) ;
#6053 =( NAMED_UNIT ( * ) SI_UNIT ( $, .STERADIAN. ) SOLID_ANGLE_UNIT ( ) );
#6054 = ORIENTED_EDGE ( 'NONE', *, *, #5379, .T. ) ;
#6055 = LINE ( 'NONE', #8239, #4361 ) ;
#6056 = CIRCLE ( 'NONE', #5759, 0.2000000000000000900 ) ;
#6057 = DIRECTION ( 'NONE',  ( 1.000000000000000000, 0.0000000000000000000, 0.0000000000000000000 ) ) ;
#6058 = DIRECTION ( 'NONE',  ( 0.0000000000000000000, -1.000000000000000000, 0.0000000000000000000 ) ) ;
#6059 = VERTEX_POINT ( 'NONE', #3551 ) ;
#6060 = EDGE_CURVE ( 'NONE', #2952, #3672, #1097, .T. ) ;
#6061 = ADVANCED_FACE ( 'NONE', ( #8644 ), #1410, .T. ) ;
#6062 = FACE_OUTER_BOUND ( 'NONE', #4763, .T. ) ;
#6063 = EDGE_LOOP ( 'NONE', ( #8070, #4899, #3721 ) ) ;
#6064 = ORIENTED_EDGE ( 'NONE', *, *, #8642, .T. ) ;
#6065 = FACE_OUTER_BOUND ( 'NONE', #7366, .T. ) ;
#6066 = CARTESIAN_POINT ( 'NONE',  ( 23.76500000000000400, -8.650000000000000400, -2.700000000000001100 ) ) ;
#6067 = DIRECTION ( 'NONE',  ( -1.000000000000000000, -0.0000000000000000000, 9.912705577010238600E-015 ) ) ;
#6068 = EDGE_LOOP ( 'NONE', ( #1323, #6553, #6216, #1439 ) ) ;
#6069 = AXIS2_PLACEMENT_3D ( 'NONE', #5244, #6516, #5891 ) ;
#6070 = DIRECTION ( 'NONE',  ( -0.0000000000000000000, 1.000000000000000000, -0.0000000000000000000 ) ) ;
#6071 = VECTOR ( 'NONE', #4341, 1000.000000000000000 ) ;
#6072 = FACE_OUTER_BOUND ( 'NONE', #3686, .T. ) ;
#6073 = EDGE_CURVE ( 'NONE', #7700, #4743, #7575, .T. ) ;
#6074 = DIRECTION ( 'NONE',  ( 2.622256417174243400E-015, 0.0000000000000000000, -1.000000000000000000 ) ) ;
#6075 = DIRECTION ( 'NONE',  ( 0.0000000000000000000, -1.000000000000000000, 0.0000000000000000000 ) ) ;
#6076 = DIRECTION ( 'NONE',  ( -0.0000000000000000000, -1.000000000000000000, -0.0000000000000000000 ) ) ;
#6077 = CARTESIAN_POINT ( 'NONE',  ( -8.724999999999996100, 21.82000000000000700, -2.300000000000000300 ) ) ;
#6078 = CARTESIAN_POINT ( 'NONE',  ( -11.82499999999999200, 7.500000000000000000, -11.19999999999999900 ) ) ;
#6079 = LINE ( 'NONE', #6742, #3860 ) ;
#6080 = LINE ( 'NONE', #175, #5020 ) ;
#6081 = CARTESIAN_POINT ( 'NONE',  ( 1.875000000000007500, 0.2000000000000000100, 5.899999999999997700 ) ) ;
#6082 = CARTESIAN_POINT ( 'NONE',  ( 0.0000000000000000000, 0.6999999999999999600, 0.0000000000000000000 ) ) ;
#6083 = EDGE_CURVE ( 'NONE', #2184, #5924, #1514, .T. ) ;
#6084 = DIRECTION ( 'NONE',  ( 0.0000000000000000000, -1.000000000000000000, 0.0000000000000000000 ) ) ;
#6085 = LINE ( 'NONE', #7020, #3332 ) ;
#6086 =( NAMED_UNIT ( * ) PLANE_ANGLE_UNIT ( ) SI_UNIT ( $, .RADIAN. ) );
#6087 = ORIENTED_EDGE ( 'NONE', *, *, #319, .T. ) ;
#6088 = VECTOR ( 'NONE', #7193, 1000.000000000000000 ) ;
#6089 = VERTEX_POINT ( 'NONE', #1551 ) ;
#6090 =( NAMED_UNIT ( * ) SI_UNIT ( $, .STERADIAN. ) SOLID_ANGLE_UNIT ( ) );
#6091 = DIRECTION ( 'NONE',  ( -0.0000000000000000000, 1.000000000000000000, -0.0000000000000000000 ) ) ;
#6092 = ADVANCED_FACE ( 'NONE', ( #4480 ), #6298, .F. ) ;
#6093 =( GEOMETRIC_REPRESENTATION_CONTEXT ( 3 ) GLOBAL_UNCERTAINTY_ASSIGNED_CONTEXT ( ( #4089 ) ) GLOBAL_UNIT_ASSIGNED_CONTEXT ( ( #7963, #1255, #3875 ) ) REPRESENTATION_CONTEXT ( 'NONE', 'WORKASPACE' ) );
#6094 = VECTOR ( 'NONE', #7261, 1000.000000000000000 ) ;
#6095 = CARTESIAN_POINT ( 'NONE',  ( -13.82499999999999400, 7.499999999999999100, 12.60000000000000300 ) ) ;
#6096 = DIRECTION ( 'NONE',  ( 0.0000000000000000000, 0.0000000000000000000, -1.000000000000000000 ) ) ;
#6097 = VECTOR ( 'NONE', #2041, 1000.000000000000000 ) ;
#6098 = SURFACE_SIDE_STYLE ('',( #1295 ) ) ;
#6099 = FACE_OUTER_BOUND ( 'NONE', #5702, .T. ) ;
#6100 = VECTOR ( 'NONE', #6545, 1000.000000000000000 ) ;
#6101 = AXIS2_PLACEMENT_3D ( 'NONE', #1542, #7752, #8404 ) ;
#6103 = ADVANCED_FACE ( 'NONE', ( #4180 ), #5559, .F. ) ;
#6102 = DIRECTION ( 'NONE',  ( 0.0000000000000000000, 0.0000000000000000000, 1.000000000000000000 ) ) ;
#6104 = PLANE ( 'NONE',  #7184 ) ;
#6105 = CIRCLE ( 'NONE', #2797, 2.700000000000001100 ) ;
#6106 = ORIENTED_EDGE ( 'NONE', *, *, #3680, .T. ) ;
#6107 = CARTESIAN_POINT ( 'NONE',  ( -16.02499999999999100, 18.55000000000000100, 3.500000000000000000 ) ) ;
#6108 = AXIS2_PLACEMENT_3D ( 'NONE', #399, #6475, #1818 ) ;
#6109 = EDGE_LOOP ( 'NONE', ( #3492, #4437, #5615, #5014 ) ) ;
#6110 = DIRECTION ( 'NONE',  ( 1.000000000000000000, -0.0000000000000000000, -0.0000000000000000000 ) ) ;
#6111 = EDGE_CURVE ( 'NONE', #6949, #1075, #7139, .T. ) ;
#6112 = VECTOR ( 'NONE', #3971, 1000.000000000000000 ) ;
#6113 = CARTESIAN_POINT ( 'NONE',  ( 23.76500000000000400, -0.2999999999999999900, 0.0000000000000000000 ) ) ;
#6114 = EDGE_LOOP ( 'NONE', ( #3612, #3639, #3384 ) ) ;
#6115 = DIRECTION ( 'NONE',  ( -0.0000000000000000000, -1.000000000000000000, 2.125886612716674300E-017 ) ) ;
#6116 = AXIS2_PLACEMENT_3D ( 'NONE', #8089, #8755, #4037 ) ;
#6117 = DIRECTION ( 'NONE',  ( -1.000000000000000000, -0.0000000000000000000, -0.0000000000000000000 ) ) ;
#6118 = ORIENTED_EDGE ( 'NONE', *, *, #460, .T. ) ;
#6119 = ORIENTED_EDGE ( 'NONE', *, *, #4085, .T. ) ;
#6120 = FACE_OUTER_BOUND ( 'NONE', #8600, .T. ) ;
#6121 = VERTEX_POINT ( 'NONE', #4286 ) ;
#6122 = CARTESIAN_POINT ( 'NONE',  ( 39.37500000000000000, 10.77500000000000000, -2.500000000000000000 ) ) ;
#6123 = DIRECTION ( 'NONE',  ( 0.0000000000000000000, 0.0000000000000000000, 1.000000000000000000 ) ) ;
#6124 = EDGE_CURVE ( 'NONE', #4352, #1866, #880, .T. ) ;
#6125 = DIRECTION ( 'NONE',  ( 1.000000000000000000, 0.0000000000000000000, 0.0000000000000000000 ) ) ;
#6126 = DIRECTION ( 'NONE',  ( 1.000000000000000000, -0.0000000000000000000, -0.0000000000000000000 ) ) ;
#6127 = ORIENTED_EDGE ( 'NONE', *, *, #8002, .F. ) ;
#6128 = TOROIDAL_SURFACE ( 'NONE', #1347, 4.200000000000002000, 0.2999999999999999900 ) ;
#6129 = DIRECTION ( 'NONE',  ( 1.000000000000000000, 0.0000000000000000000, 0.0000000000000000000 ) ) ;
#6130 = ORIENTED_EDGE ( 'NONE', *, *, #5842, .F. ) ;
#6131 = DIRECTION ( 'NONE',  ( 0.0000000000000000000, -1.000000000000000000, 0.0000000000000000000 ) ) ;
#6132 = DIRECTION ( 'NONE',  ( -0.0000000000000000000, -1.000000000000000000, -0.0000000000000000000 ) ) ;
#6133 = VERTEX_POINT ( 'NONE', #877 ) ;
#6134 = EDGE_CURVE ( 'NONE', #2853, #7512, #4584, .T. ) ;
#6135 = CYLINDRICAL_SURFACE ( 'NONE', #4573, 7.400000000000000400 ) ;
#6136 = ADVANCED_FACE ( 'NONE', ( #6833 ), #4813, .F. ) ;
#6137 = ORIENTED_EDGE ( 'NONE', *, *, #1849, .F. ) ;
#6138 =( LENGTH_UNIT ( ) NAMED_UNIT ( * ) SI_UNIT ( .MILLI., .METRE. ) );
#6139 = CARTESIAN_POINT ( 'NONE',  ( 1.275000000000007500, 0.2000000000000000100, -4.824999999999999300 ) ) ;
#6140 = ORIENTED_EDGE ( 'NONE', *, *, #7703, .F. ) ;
#6141 = DIRECTION ( 'NONE',  ( -1.000000000000000000, 0.0000000000000000000, 0.0000000000000000000 ) ) ;
#6142 = ORIENTED_EDGE ( 'NONE', *, *, #673, .T. ) ;
#6143 = VECTOR ( 'NONE', #180, 1000.000000000000000 ) ;
#6144 =( LENGTH_UNIT ( ) NAMED_UNIT ( * ) SI_UNIT ( .MILLI., .METRE. ) );
#6145 = EDGE_LOOP ( 'NONE', ( #7412, #5030, #7269, #7409 ) ) ;
#6146 = ADVANCED_FACE ( 'NONE', ( #5337 ), #8411, .T. ) ;
#6147 = EDGE_LOOP ( 'NONE', ( #4234, #4651, #6889, #2961 ) ) ;
#6148 = UNCERTAINTY_MEASURE_WITH_UNIT (LENGTH_MEASURE( 1.000000000000000100E-005 ), #1420, 'distance_accuracy_value', 'NONE');
#6149 = DIRECTION ( 'NONE',  ( 0.0000000000000000000, 0.0000000000000000000, -1.000000000000000000 ) ) ;
#6150 = ORIENTED_EDGE ( 'NONE', *, *, #3748, .T. ) ;
#6151 = ORIENTED_EDGE ( 'NONE', *, *, #1749, .F. ) ;
#6152 = DIRECTION ( 'NONE',  ( 0.0000000000000000000, 0.0000000000000000000, 1.000000000000000000 ) ) ;
#6153 = VERTEX_POINT ( 'NONE', #905 ) ;
#6154 = AXIS2_PLACEMENT_3D ( 'NONE', #703, #6021, #5342 ) ;
#6155 = ORIENTED_EDGE ( 'NONE', *, *, #1572, .F. ) ;
#6156 = ORIENTED_EDGE ( 'NONE', *, *, #7727, .T. ) ;
#6157 = CIRCLE ( 'NONE', #7023, 0.2000000000000000900 ) ;
#6158 = ORIENTED_EDGE ( 'NONE', *, *, #1321, .T. ) ;
#6159 = CARTESIAN_POINT ( 'NONE',  ( -8.924999999999997200, -1.570000000000000100, -2.300000000000000300 ) ) ;
#6160 = DIRECTION ( 'NONE',  ( 1.982541115402066300E-014, -0.0000000000000000000, 1.000000000000000000 ) ) ;
#6161 = CARTESIAN_POINT ( 'NONE',  ( 3.765000000000005500, 0.6999999999999992900, 8.800000000000000700 ) ) ;
#6162 = CIRCLE ( 'NONE', #4682, 1.990000000000001300 ) ;
#6163 = DIRECTION ( 'NONE',  ( -0.0000000000000000000, -1.000000000000000000, -0.0000000000000000000 ) ) ;
#6164 = EDGE_CURVE ( 'NONE', #8734, #478, #6080, .T. ) ;
#6165 = CARTESIAN_POINT ( 'NONE',  ( -31.89999999999996300, 25.30000000000000100, 3.325000000000334100 ) ) ;
#6166 = DIRECTION ( 'NONE',  ( -0.0000000000000000000, 0.0000000000000000000, -1.000000000000000000 ) ) ;
#6167 = EDGE_LOOP ( 'NONE', ( #4514, #8247, #5104, #5114 ) ) ;
#6168 = AXIS2_PLACEMENT_3D ( 'NONE', #4192, #762, #4164 ) ;
#6169 = CARTESIAN_POINT ( 'NONE',  ( -21.52499999999998800, 1.099999999999999900, 3.500000000000000000 ) ) ;
#6170 = DIRECTION ( 'NONE',  ( 0.0000000000000000000, 1.000000000000000000, 0.0000000000000000000 ) ) ;
#6171 = CARTESIAN_POINT ( 'NONE',  ( -6.624999999999996400, 21.82000000000000700, -2.300000000000000300 ) ) ;
#6172 = CARTESIAN_POINT ( 'NONE',  ( 0.2000000000000070300, 0.2000000000000000100, -5.899999999999997700 ) ) ;
#6173 = ORIENTED_EDGE ( 'NONE', *, *, #6990, .T. ) ;
#6174 = DIRECTION ( 'NONE',  ( 0.0000000000000000000, 0.0000000000000000000, -1.000000000000000000 ) ) ;
#6175 = CONICAL_SURFACE ( 'NONE', #7591, 7.400000000000000400, 0.2617993877991463500 ) ;
#6176 = CARTESIAN_POINT ( 'NONE',  ( 25.73159604392972000, -1.000000000000000000, -1.849999999999999900 ) ) ;
#6177 = EDGE_CURVE ( 'NONE', #4411, #8606, #1310, .T. ) ;
#6178 = CIRCLE ( 'NONE', #3206, 1.000000000000000400 ) ;
#6179 = ADVANCED_FACE ( 'NONE', ( #580 ), #3221, .T. ) ;
#6180 = CIRCLE ( 'NONE', #1152, 1.000000000000002700 ) ;
#6181 = DIRECTION ( 'NONE',  ( -0.0000000000000000000, 1.000000000000000000, -0.0000000000000000000 ) ) ;
#6182 = ORIENTED_EDGE ( 'NONE', *, *, #3464, .F. ) ;
#6183 = CARTESIAN_POINT ( 'NONE',  ( 23.76500000000000400, 18.75000000000000000, 0.0000000000000000000 ) ) ;
#6184 = LINE ( 'NONE', #7503, #7363 ) ;
#6185 = EDGE_CURVE ( 'NONE', #3619, #1643, #1718, .T. ) ;
#6186 = CIRCLE ( 'NONE', #5297, 6.000000000000000900 ) ;
#6187 = DIRECTION ( 'NONE',  ( -1.000000000000000000, 0.0000000000000000000, 0.0000000000000000000 ) ) ;
#6188 = CARTESIAN_POINT ( 'NONE',  ( 32.67500000000000400, 28.80000000000000100, -7.500000000000002700 ) ) ;
#6190 = ADVANCED_FACE ( 'NONE', ( #6609, #5118, #8419, #4385, #5758, #5550, #3761, #1937, #2798 ), #969, .T. ) ;
#6189 = CARTESIAN_POINT ( 'NONE',  ( 39.97500000000000100, 10.77500000000000000, 1.900000000000000100 ) ) ;
#6191 = EDGE_CURVE ( 'NONE', #946, #1391, #8749, .T. ) ;
#6192 = LINE ( 'NONE', #3131, #5863 ) ;
#6193 = DIRECTION ( 'NONE',  ( -1.000000000000000000, 0.0000000000000000000, -4.336808689942010800E-016 ) ) ;
#6194 = VECTOR ( 'NONE', #181, 1000.000000000000000 ) ;
#6195 = DIRECTION ( 'NONE',  ( -0.0000000000000000000, -1.000000000000000000, -0.0000000000000000000 ) ) ;
#6196 = DIRECTION ( 'NONE',  ( -0.0000000000000000000, -1.000000000000000000, 0.0000000000000000000 ) ) ;
#6197 = ORIENTED_EDGE ( 'NONE', *, *, #249, .T. ) ;
#6198 = DIRECTION ( 'NONE',  ( 1.982541115402067600E-014, -0.0000000000000000000, 1.000000000000000000 ) ) ;
#6199 = DIRECTION ( 'NONE',  ( 0.0000000000000000000, 1.000000000000000000, -0.0000000000000000000 ) ) ;
#6200 = DIRECTION ( 'NONE',  ( 0.0000000000000000000, 0.0000000000000000000, 1.000000000000000000 ) ) ;
#6201 = PLANE ( 'NONE',  #542 ) ;
#6202 = ORIENTED_EDGE ( 'NONE', *, *, #5465, .F. ) ;
#6203 = FACE_OUTER_BOUND ( 'NONE', #1963, .T. ) ;
#6204 = VECTOR ( 'NONE', #4495, 1000.000000000000000 ) ;
#6205 = ORIENTED_EDGE ( 'NONE', *, *, #7819, .F. ) ;
#6206 = AXIS2_PLACEMENT_3D ( 'NONE', #5957, #6075, #1306 ) ;
#6207 = EDGE_CURVE ( 'NONE', #3640, #2285, #5657, .T. ) ;
#6208 = CARTESIAN_POINT ( 'NONE',  ( 39.97500000000000100, 7.974999999999999600, -1.900000000000000100 ) ) ;
#6209 = LINE ( 'NONE', #2119, #1538 ) ;
#6210 = EDGE_CURVE ( 'NONE', #870, #5076, #986, .T. ) ;
#6211 = ORIENTED_EDGE ( 'NONE', *, *, #6929, .F. ) ;
#6212 = ORIENTED_EDGE ( 'NONE', *, *, #5437, .F. ) ;
#6213 = EDGE_LOOP ( 'NONE', ( #5278, #3469, #4741, #1652 ) ) ;
#6214 = CARTESIAN_POINT ( 'NONE',  ( -31.55000000000003600, 21.30000000000000100, -3.674999999999669400 ) ) ;
#6215 = AXIS2_PLACEMENT_3D ( 'NONE', #289, #8455, #5011 ) ;
#6216 = ORIENTED_EDGE ( 'NONE', *, *, #7622, .F. ) ;
#6217 = LINE ( 'NONE', #789, #2612 ) ;
#6218 = AXIS2_PLACEMENT_3D ( 'NONE', #6888, #7555, #5461 ) ;
#6219 = EDGE_CURVE ( 'NONE', #7560, #3570, #2253, .T. ) ;
#6220 = ORIENTED_EDGE ( 'NONE', *, *, #8632, .T. ) ;
#6221 = ADVANCED_FACE ( 'NONE', ( #3967 ), #4576, .T. ) ;
#6222 = CARTESIAN_POINT ( 'NONE',  ( 1.575000000000007300, 0.5000000000000000000, -8.099999999999999600 ) ) ;
#6223 = ORIENTED_EDGE ( 'NONE', *, *, #2615, .F. ) ;
#6224 = EDGE_CURVE ( 'NONE', #7516, #5044, #4075, .T. ) ;
#6225 = ORIENTED_EDGE ( 'NONE', *, *, #4799, .T. ) ;
#6226 = DIRECTION ( 'NONE',  ( 1.000000000000000000, 0.0000000000000000000, 0.0000000000000000000 ) ) ;
#6227 = CARTESIAN_POINT ( 'NONE',  ( 1.875000000000007500, 0.6000000000000000900, -5.899999999999997700 ) ) ;
#6228 = FACE_OUTER_BOUND ( 'NONE', #7433, .T. ) ;
#6229 = DIRECTION ( 'NONE',  ( -0.0000000000000000000, -1.000000000000000000, -0.0000000000000000000 ) ) ;
#6230 = ORIENTED_EDGE ( 'NONE', *, *, #8760, .F. ) ;
#6231 = EDGE_CURVE ( 'NONE', #4745, #5544, #1405, .T. ) ;
#6232 = AXIS2_PLACEMENT_3D ( 'NONE', #1705, #5223, #1804 ) ;
#6233 = ADVANCED_FACE ( 'NONE', ( #6828, #3862, #5856 ), #8551, .F. ) ;
#6234 = ORIENTED_EDGE ( 'NONE', *, *, #3949, .T. ) ;
#6235 = VECTOR ( 'NONE', #1166, 1000.000000000000000 ) ;
#6236 = CARTESIAN_POINT ( 'NONE',  ( 35.17500000000001100, 0.3000000000000016500, -6.700000000000000200 ) ) ;
#6237 = EDGE_CURVE ( 'NONE', #5298, #2757, #7993, .T. ) ;
#6238 = CARTESIAN_POINT ( 'NONE',  ( 23.76500000000000400, -7.649999999999999500, 1.250000000000001100 ) ) ;
#6239 = ORIENTED_EDGE ( 'NONE', *, *, #1061, .T. ) ;
#6240 = ORIENTED_EDGE ( 'NONE', *, *, #7687, .T. ) ;
#6241 = CARTESIAN_POINT ( 'NONE',  ( 1.875000000000007500, 0.6000000000000000900, -6.499999999999999100 ) ) ;
#6242 = VERTEX_POINT ( 'NONE', #8526 ) ;
#6243 = EDGE_LOOP ( 'NONE', ( #5808, #4130 ) ) ;
#6244 = LINE ( 'NONE', #2343, #7200 ) ;
#6245 = DIRECTION ( 'NONE',  ( 0.0000000000000000000, -1.000000000000000000, 0.0000000000000000000 ) ) ;
#6246 = ORIENTED_EDGE ( 'NONE', *, *, #1987, .F. ) ;
#6247 = DIRECTION ( 'NONE',  ( 1.000000000000000000, 2.574980159653077400E-014, 0.0000000000000000000 ) ) ;
#6248 = ORIENTED_EDGE ( 'NONE', *, *, #5921, .F. ) ;
#6249 = ORIENTED_EDGE ( 'NONE', *, *, #4940, .F. ) ;
#6250 = EDGE_CURVE ( 'NONE', #478, #4002, #6180, .T. ) ;
#6251 = ORIENTED_EDGE ( 'NONE', *, *, #499, .F. ) ;
#6252 = VERTEX_POINT ( 'NONE', #4481 ) ;
#6253 = CARTESIAN_POINT ( 'NONE',  ( -25.12499999999998600, 6.442151305867749800, 5.200000000000002000 ) ) ;
#6254 = EDGE_LOOP ( 'NONE', ( #4660, #8010, #5640, #8013, #4654, #2946, #7772, #4445, #3605, #3416, #7426, #6840 ) ) ;
#6255 = VERTEX_POINT ( 'NONE', #436 ) ;
#6256 = CARTESIAN_POINT ( 'NONE',  ( -16.02499999999999100, 18.55000000000000100, -3.500000000000000000 ) ) ;
#6257 = CYLINDRICAL_SURFACE ( 'NONE', #6401, 0.5999999999999985300 ) ;
#6258 = LINE ( 'NONE', #4131, #2870 ) ;
#6259 = DIRECTION ( 'NONE',  ( -0.5000000000000007800, -0.8660254037844382600, 0.0000000000000000000 ) ) ;
#6260 = ORIENTED_EDGE ( 'NONE', *, *, #772, .F. ) ;
#6261 = CARTESIAN_POINT ( 'NONE',  ( -26.62499999999998900, 9.229210492142396300, 1.301042606982605300E-015 ) ) ;
#6262 = VERTEX_POINT ( 'NONE', #5734 ) ;
#6263 = CARTESIAN_POINT ( 'NONE',  ( -21.52499999999998800, 1.099999999999999900, 4.500000000000000900 ) ) ;
#6264 = AXIS2_PLACEMENT_3D ( 'NONE', #6830, #763, #2705 ) ;
#6265 = ORIENTED_EDGE ( 'NONE', *, *, #2069, .T. ) ;
#6266 = CIRCLE ( 'NONE', #3394, 9.599999999999999600 ) ;
#6267 = LINE ( 'NONE', #55, #5738 ) ;
#6268 = DIRECTION ( 'NONE',  ( -0.0000000000000000000, -1.000000000000000000, -0.0000000000000000000 ) ) ;
#6269 = ADVANCED_FACE ( 'NONE', ( #4804 ), #3817, .F. ) ;
#6270 = CARTESIAN_POINT ( 'NONE',  ( 39.37500000000000000, 7.974999999999999600, -1.900000000000000100 ) ) ;
#6271 = AXIS2_PLACEMENT_3D ( 'NONE', #3543, #833, #136 ) ;
#6272 = LINE ( 'NONE', #6677, #3414 ) ;
#6273 = AXIS2_PLACEMENT_3D ( 'NONE', #3376, #8066, #4008 ) ;
#6274 = ORIENTED_EDGE ( 'NONE', *, *, #2047, .T. ) ;
#6275 = DIRECTION ( 'NONE',  ( 0.0000000000000000000, 0.0000000000000000000, 1.000000000000000000 ) ) ;
#6277 = ADVANCED_FACE ( 'NONE', ( #466 ), #8742, .F. ) ;
#6276 = PLANE ( 'NONE',  #8317 ) ;
#6278 = CARTESIAN_POINT ( 'NONE',  ( 1.575000000000007300, 0.5000000000000000000, -6.200000000000000200 ) ) ;
#6279 = EDGE_CURVE ( 'NONE', #2184, #216, #40, .T. ) ;
#6280 = PLANE ( 'NONE',  #8262 ) ;
#6281 = LINE ( 'NONE', #6263, #3648 ) ;
#6282 = AXIS2_PLACEMENT_3D ( 'NONE', #6604, #3951, #4603 ) ;
#6283 = CARTESIAN_POINT ( 'NONE',  ( -11.82499999999999200, 12.75000000000000400, 5.200000000000002000 ) ) ;
#6284 = AXIS2_PLACEMENT_3D ( 'NONE', #2948, #1609, #6352 ) ;
#6285 = CARTESIAN_POINT ( 'NONE',  ( -31.89999999999999900, 21.30000000000000100, 0.5250000000003337600 ) ) ;
#6286 = CARTESIAN_POINT ( 'NONE',  ( 21.79840395607028800, -8.650000000000000400, 1.849999999999999400 ) ) ;
#6287 = CARTESIAN_POINT ( 'NONE',  ( 23.76500000000000400, 19.75000000000000000, 0.0000000000000000000 ) ) ;
#6288 = LINE ( 'NONE', #2042, #2795 ) ;
#6289 = DIRECTION ( 'NONE',  ( 0.0000000000000000000, -1.000000000000000000, 0.0000000000000000000 ) ) ;
#6290 = LINE ( 'NONE', #3524, #7784 ) ;
#6291 = EDGE_CURVE ( 'NONE', #5044, #234, #2046, .T. ) ;
#6292 = DIRECTION ( 'NONE',  ( 0.0000000000000000000, 0.0000000000000000000, -1.000000000000000000 ) ) ;
#6293 = VECTOR ( 'NONE', #7485, 1000.000000000000000 ) ;
#6294 = DIRECTION ( 'NONE',  ( 0.0000000000000000000, 0.0000000000000000000, -1.000000000000000000 ) ) ;
#6295 = VERTEX_POINT ( 'NONE', #5171 ) ;
#6296 = AXIS2_PLACEMENT_3D ( 'NONE', #3264, #3327, #72 ) ;
#6297 = DIRECTION ( 'NONE',  ( -0.0000000000000000000, 1.000000000000000000, -0.0000000000000000000 ) ) ;
#6298 = PLANE ( 'NONE',  #2059 ) ;
#6299 = ORIENTED_EDGE ( 'NONE', *, *, #1859, .F. ) ;
#6300 = EDGE_CURVE ( 'NONE', #5523, #8073, #1710, .T. ) ;
#6301 = COLOUR_RGB ( '',0.7921568627450980000, 0.8196078431372548800, 0.9333333333333333500 ) ;
#6302 = DIRECTION ( 'NONE',  ( 0.0000000000000000000, -2.710505431213759900E-017, -1.000000000000000000 ) ) ;
#6303 = EDGE_CURVE ( 'NONE', #2762, #6252, #7464, .T. ) ;
#6304 = VECTOR ( 'NONE', #1844, 1000.000000000000000 ) ;
#6305 = DIRECTION ( 'NONE',  ( 1.000000000000000000, -0.0000000000000000000, -0.0000000000000000000 ) ) ;
#6306 =( BOUNDED_CURVE ( )  B_SPLINE_CURVE ( 3, ( #442, #1789, #5974, #6653 ),
 .UNSPECIFIED., .F., .T. ) 
 B_SPLINE_CURVE_WITH_KNOTS ( ( 4, 4 ),
 ( 1.570796326794889000, 3.141592653589793100 ),
 .UNSPECIFIED. ) 
 CURVE ( )  GEOMETRIC_REPRESENTATION_ITEM ( )  RATIONAL_B_SPLINE_CURVE ( ( 1.000000000000000000, 0.8047378541243631600, 0.8047378541243631600, 1.000000000000000000 ) ) 
 REPRESENTATION_ITEM ( '' )  );
#6307 = CARTESIAN_POINT ( 'NONE',  ( 1.875000000000007500, 0.6000000000000000900, -5.899999999999997700 ) ) ;
#6308 = LINE ( 'NONE', #5684, #3878 ) ;
#6309 = ORIENTED_EDGE ( 'NONE', *, *, #8218, .T. ) ;
#6310 = VECTOR ( 'NONE', #147, 1000.000000000000000 ) ;
#6311 = DIRECTION ( 'NONE',  ( 1.000000000000000000, 0.0000000000000000000, -7.350523203291556200E-017 ) ) ;
#6312 = EDGE_CURVE ( 'NONE', #3516, #8723, #8414, .T. ) ;
#6313 = LINE ( 'NONE', #4530, #6304 ) ;
#6314 = DIRECTION ( 'NONE',  ( -0.0000000000000000000, -1.000000000000000000, -0.0000000000000000000 ) ) ;
#6315 = ORIENTED_EDGE ( 'NONE', *, *, #7727, .F. ) ;
#6316 = EDGE_LOOP ( 'NONE', ( #2097, #4031, #5496, #4731 ) ) ;
#6317 = ADVANCED_FACE ( 'NONE', ( #5442 ), #5938, .F. ) ;
#6318 = CARTESIAN_POINT ( 'NONE',  ( 0.2000000000000070300, 0.2000000000000000100, 5.899999999999997700 ) ) ;
#6319 = VECTOR ( 'NONE', #7375, 1000.000000000000000 ) ;
#6320 = AXIS2_PLACEMENT_3D ( 'NONE', #3009, #5609, #955 ) ;
#6321 = ORIENTED_EDGE ( 'NONE', *, *, #6013, .T. ) ;
#6322 = CARTESIAN_POINT ( 'NONE',  ( -31.55000000000002200, 25.30000000000000100, -2.274999999999669500 ) ) ;
#6323 = AXIS2_PLACEMENT_3D ( 'NONE', #791, #2078, #2733 ) ;
#6324 = CARTESIAN_POINT ( 'NONE',  ( -16.02499999999999100, 28.80000000000000100, 3.500000000000000000 ) ) ;
#6325 = ORIENTED_EDGE ( 'NONE', *, *, #3821, .T. ) ;
#6326 = VERTEX_POINT ( 'NONE', #8648 ) ;
#6327 = EDGE_CURVE ( 'NONE', #4983, #3848, #8635, .T. ) ;
#6328 = LINE ( 'NONE', #8651, #4729 ) ;
#6329 = ORIENTED_EDGE ( 'NONE', *, *, #3212, .F. ) ;
#6330 = DIRECTION ( 'NONE',  ( -1.000000000000000000, 0.0000000000000000000, 1.982541115402067900E-014 ) ) ;
#6331 = AXIS2_PLACEMENT_3D ( 'NONE', #7909, #1009, #454 ) ;
#6332 = CARTESIAN_POINT ( 'NONE',  ( -29.12499999999998900, 21.30000000000000100, -5.000000000000000900 ) ) ;
#6333 = CARTESIAN_POINT ( 'NONE',  ( -34.12499999999998600, 7.499999999999999100, 12.60000000000000300 ) ) ;
#6334 = DIRECTION ( 'NONE',  ( 0.0000000000000000000, 0.0000000000000000000, -1.000000000000000000 ) ) ;
#6335 = ORIENTED_EDGE ( 'NONE', *, *, #1465, .F. ) ;
#6336 = CYLINDRICAL_SURFACE ( 'NONE', #8689, 6.000000000000000000 ) ;
#6337 = ORIENTED_EDGE ( 'NONE', *, *, #5551, .F. ) ;
#6338 = EDGE_CURVE ( 'NONE', #3579, #4250, #6922, .T. ) ;
#6339 = VERTEX_POINT ( 'NONE', #3877 ) ;
#6340 = DIRECTION ( 'NONE',  ( -1.000000000000000000, -0.0000000000000000000, -0.0000000000000000000 ) ) ;
#6341 = CARTESIAN_POINT ( 'NONE',  ( -8.778589838486221100, 0.1464101615137758900, 2.299999999999999800 ) ) ;
#6342 = DIRECTION ( 'NONE',  ( 1.000000000000000000, 0.0000000000000000000, 0.0000000000000000000 ) ) ;
#6343 = ORIENTED_EDGE ( 'NONE', *, *, #8319, .T. ) ;
#6344 = VECTOR ( 'NONE', #5376, 1000.000000000000000 ) ;
#6345 = CARTESIAN_POINT ( 'NONE',  ( -29.12499999999998900, 20.89999999999999900, 5.000000000000001800 ) ) ;
#6346 = ORIENTED_EDGE ( 'NONE', *, *, #209, .T. ) ;
#6347 = AXIS2_PLACEMENT_3D ( 'NONE', #5920, #2603, #3950 ) ;
#6348 = CARTESIAN_POINT ( 'NONE',  ( 21.79840395607028800, -8.650000000000000400, 1.849999999999999400 ) ) ;
#6349 = CARTESIAN_POINT ( 'NONE',  ( 0.0000000000000000000, 0.6000000000000000900, 0.0000000000000000000 ) ) ;
#6350 = EDGE_LOOP ( 'NONE', ( #6673, #7499, #58, #1349 ) ) ;
#6351 = ORIENTED_EDGE ( 'NONE', *, *, #6393, .F. ) ;
#6352 = DIRECTION ( 'NONE',  ( 0.0000000000000000000, -1.219727444046192500E-016, -1.000000000000000000 ) ) ;
#6353 = EDGE_LOOP ( 'NONE', ( #1023, #7449, #8058, #839 ) ) ;
#6354 = EDGE_CURVE ( 'NONE', #2533, #4948, #1830, .T. ) ;
#6355 = CARTESIAN_POINT ( 'NONE',  ( 25.73159604392972000, 19.75000000000000000, -1.849999999999999900 ) ) ;
#6356 = LINE ( 'NONE', #716, #6993 ) ;
#6357 = CARTESIAN_POINT ( 'NONE',  ( -34.12499999999998600, 7.500000000000000900, 5.200000000000002800 ) ) ;
#6358 = CARTESIAN_POINT ( 'NONE',  ( 3.765000000000007700, 0.0000000000000000000, -8.800000000000000700 ) ) ;
#6359 = ORIENTED_EDGE ( 'NONE', *, *, #5884, .T. ) ;
#6360 = ORIENTED_EDGE ( 'NONE', *, *, #5050, .T. ) ;
#6361 = PRESENTATION_STYLE_ASSIGNMENT (( #5526 ) ) ;
#6362 = ORIENTED_EDGE ( 'NONE', *, *, #3783, .T. ) ;
#6363 = VERTEX_POINT ( 'NONE', #3968 ) ;
#6364 = ORIENTED_EDGE ( 'NONE', *, *, #6769, .T. ) ;
#6365 = ORIENTED_EDGE ( 'NONE', *, *, #5277, .F. ) ;
#6366 = DIRECTION ( 'NONE',  ( 0.0000000000000000000, 0.0000000000000000000, -1.000000000000000000 ) ) ;
#6367 = ADVANCED_FACE ( 'NONE', ( #7032 ), #467, .F. ) ;
#6368 = EDGE_LOOP ( 'NONE', ( #7260, #907, #3154, #2081 ) ) ;
#6369 = ORIENTED_EDGE ( 'NONE', *, *, #554, .F. ) ;
#6370 = FACE_BOUND ( 'NONE', #7958, .T. ) ;
#6371 = LINE ( 'NONE', #4393, #1480 ) ;
#6372 = ORIENTED_EDGE ( 'NONE', *, *, #2835, .T. ) ;
#6373 = CIRCLE ( 'NONE', #6619, 1.990000000000001300 ) ;
#6374 = CARTESIAN_POINT ( 'NONE',  ( -31.89999999999999100, 25.30000000000000100, 0.8750000000003334000 ) ) ;
#6375 = CARTESIAN_POINT ( 'NONE',  ( -34.12499999999998600, 0.09999999999999939500, -5.200000000000001100 ) ) ;
#6376 = ORIENTED_EDGE ( 'NONE', *, *, #1508, .F. ) ;
#6377 = LINE ( 'NONE', #3582, #5953 ) ;
#6378 = DIRECTION ( 'NONE',  ( -0.0000000000000000000, -1.000000000000000000, -0.0000000000000000000 ) ) ;
#6379 = EDGE_CURVE ( 'NONE', #3297, #7088, #5235, .T. ) ;
#6380 = ORIENTED_EDGE ( 'NONE', *, *, #5776, .F. ) ;
#6381 = CARTESIAN_POINT ( 'NONE',  ( 30.67500000000000800, 18.75000000000000000, 6.700000000000000200 ) ) ;
#6382 = VECTOR ( 'NONE', #113, 1000.000000000000000 ) ;
#6383 = EDGE_CURVE ( 'NONE', #1339, #1583, #3431, .T. ) ;
#6384 = VERTEX_POINT ( 'NONE', #1781 ) ;
#6385 = CIRCLE ( 'NONE', #84, 0.2999999999999999300 ) ;
#6386 = DIRECTION ( 'NONE',  ( 0.0000000000000000000, 0.0000000000000000000, -1.000000000000000000 ) ) ;
#6387 = DIRECTION ( 'NONE',  ( 1.000000000000000000, 0.0000000000000000000, 0.0000000000000000000 ) ) ;
#6388 = AXIS2_PLACEMENT_3D ( 'NONE', #8524, #5108, #7061 ) ;
#6389 = CARTESIAN_POINT ( 'NONE',  ( 30.67500000000000800, 0.3000000000000016500, 6.700000000000000200 ) ) ;
#6390 = AXIS2_PLACEMENT_3D ( 'NONE', #8112, #4088, #1968 ) ;
#6391 = FACE_OUTER_BOUND ( 'NONE', #634, .T. ) ;
#6392 = DIRECTION ( 'NONE',  ( -1.000000000000000000, 0.0000000000000000000, -0.0000000000000000000 ) ) ;
#6393 = EDGE_CURVE ( 'NONE', #4883, #8417, #143, .T. ) ;
#6394 = VECTOR ( 'NONE', #3065, 1000.000000000000000 ) ;
#6395 = DIRECTION ( 'NONE',  ( 0.0000000000000000000, -1.000000000000000000, 0.0000000000000000000 ) ) ;
#6396 = DIRECTION ( 'NONE',  ( 0.0000000000000000000, -1.000000000000000000, 0.0000000000000000000 ) ) ;
#6397 = CARTESIAN_POINT ( 'NONE',  ( 1.575000000000008800, 0.6999999999999999600, -8.349999999999999600 ) ) ;
#6398 = ORIENTED_EDGE ( 'NONE', *, *, #6697, .F. ) ;
#6399 = EDGE_CURVE ( 'NONE', #3293, #4979, #8518, .T. ) ;
#6400 = LINE ( 'NONE', #4359, #8522 ) ;
#6401 = AXIS2_PLACEMENT_3D ( 'NONE', #5817, #5881, #1181 ) ;
#6402 = FACE_OUTER_BOUND ( 'NONE', #4325, .T. ) ;
#6403 = DIRECTION ( 'NONE',  ( -1.000000000000000000, 0.0000000000000000000, 7.350523203291556200E-017 ) ) ;
#6404 = AXIS2_PLACEMENT_3D ( 'NONE', #171, #1457, #2829 ) ;
#6405 = DIRECTION ( 'NONE',  ( 0.0000000000000000000, 1.000000000000000000, 0.0000000000000000000 ) ) ;
#6406 = DIRECTION ( 'NONE',  ( 0.0000000000000000000, 0.0000000000000000000, -1.000000000000000000 ) ) ;
#6407 = DIRECTION ( 'NONE',  ( -0.0000000000000000000, 1.000000000000000000, -0.0000000000000000000 ) ) ;
#6408 = CARTESIAN_POINT ( 'NONE',  ( 32.67500000000000400, 0.6999999999999999600, 7.500000000000002700 ) ) ;
#6409 = CARTESIAN_POINT ( 'NONE',  ( 12.76500000000000600, -1.270000000000000000, -1.990000000000001300 ) ) ;
#6410 = EDGE_CURVE ( 'NONE', #610, #8804, #7129, .T. ) ;
#6411 = ADVANCED_FACE ( 'NONE', ( #5111 ), #3939, .F. ) ;
#6412 = FACE_BOUND ( 'NONE', #3249, .T. ) ;
#6413 = CARTESIAN_POINT ( 'NONE',  ( -26.62499999999998900, 25.89999999999999900, 5.999999999999999100 ) ) ;
#6414 = CARTESIAN_POINT ( 'NONE',  ( 35.17500000000001100, 11.27500000000000000, -3.099999999999999600 ) ) ;
#6415 = DIRECTION ( 'NONE',  ( -1.000000000000000000, 0.0000000000000000000, 0.0000000000000000000 ) ) ;
#6416 = CARTESIAN_POINT ( 'NONE',  ( -0.8249999999999924100, 7.500000000000000900, 5.200000000000002800 ) ) ;
#6417 = ORIENTED_EDGE ( 'NONE', *, *, #8582, .T. ) ;
#6418 = FACE_OUTER_BOUND ( 'NONE', #1900, .T. ) ;
#6419 = DIRECTION ( 'NONE',  ( -0.0000000000000000000, -1.000000000000000000, -0.0000000000000000000 ) ) ;
#6420 = UNCERTAINTY_MEASURE_WITH_UNIT (LENGTH_MEASURE( 1.000000000000000100E-005 ), #2934, 'distance_accuracy_value', 'NONE');
#6421 = LINE ( 'NONE', #8221, #2379 ) ;
#6422 = VERTEX_POINT ( 'NONE', #7306 ) ;
#6423 = ORIENTED_EDGE ( 'NONE', *, *, #6862, .F. ) ;
#6424 = EDGE_CURVE ( 'NONE', #8278, #8564, #5327, .T. ) ;
#6425 = DIRECTION ( 'NONE',  ( -0.0000000000000000000, 1.000000000000000000, -0.0000000000000000000 ) ) ;
#6426 = VECTOR ( 'NONE', #5923, 1000.000000000000000 ) ;
#6427 = EDGE_CURVE ( 'NONE', #2310, #4983, #3319, .T. ) ;
#6428 = ORIENTED_EDGE ( 'NONE', *, *, #2708, .F. ) ;
#6429 = AXIS2_PLACEMENT_3D ( 'NONE', #6261, #1541, #8283 ) ;
#6430 = ORIENTED_EDGE ( 'NONE', *, *, #6872, .T. ) ;
#6431 = CARTESIAN_POINT ( 'NONE',  ( 1.875000000000007500, 0.6000000000000000900, 5.899999999999997700 ) ) ;
#6432 = ORIENTED_EDGE ( 'NONE', *, *, #6219, .T. ) ;
#6433 = EDGE_CURVE ( 'NONE', #308, #5835, #1616, .T. ) ;
#6434 = PLANE ( 'NONE',  #3448 ) ;
#6435 = VECTOR ( 'NONE', #899, 1000.000000000000000 ) ;
#6436 = CARTESIAN_POINT ( 'NONE',  ( -6.624999999999996400, 21.82000000000000700, 2.500000000000000000 ) ) ;
#6437 = ORIENTED_EDGE ( 'NONE', *, *, #5267, .T. ) ;
#6438 = ORIENTED_EDGE ( 'NONE', *, *, #7389, .T. ) ;
#6439 = ORIENTED_EDGE ( 'NONE', *, *, #7928, .F. ) ;
#6440 = CYLINDRICAL_SURFACE ( 'NONE', #5770, 9.599999999999999600 ) ;
#6441 = CARTESIAN_POINT ( 'NONE',  ( -33.12499999999999300, 20.89999999999999900, -5.000000000000000900 ) ) ;
#6442 = EDGE_LOOP ( 'NONE', ( #8377, #1242, #4346, #1756 ) ) ;
#6443 = DIRECTION ( 'NONE',  ( -1.000000000000000000, 0.0000000000000000000, 0.0000000000000000000 ) ) ;
#6444 = EDGE_CURVE ( 'NONE', #4140, #4411, #5013, .T. ) ;
#6445 = ORIENTED_EDGE ( 'NONE', *, *, #4709, .T. ) ;
#6446 = LINE ( 'NONE', #5868, #5492 ) ;
#6447 = DIRECTION ( 'NONE',  ( -0.0000000000000000000, -1.000000000000000000, -0.0000000000000000000 ) ) ;
#6448 = STYLED_ITEM ( 'NONE', ( #428 ), #8770 ) ;
#6449 = ORIENTED_EDGE ( 'NONE', *, *, #1491, .T. ) ;
#6450 = PLANE ( 'NONE',  #4138 ) ;
#6451 = ADVANCED_FACE ( 'NONE', ( #7778 ), #1990, .F. ) ;
#6452 = DIRECTION ( 'NONE',  ( 0.0000000000000000000, 0.0000000000000000000, -1.000000000000000000 ) ) ;
#6453 = EDGE_LOOP ( 'NONE', ( #6439, #2442, #3997, #5503 ) ) ;
#6454 = ORIENTED_EDGE ( 'NONE', *, *, #635, .F. ) ;
#6455 = AXIS2_PLACEMENT_3D ( 'NONE', #2373, #432, #7118 ) ;
#6456 = ORIENTED_EDGE ( 'NONE', *, *, #4814, .F. ) ;
#6457 = LINE ( 'NONE', #1935, #6027 ) ;
#6458 = EDGE_CURVE ( 'NONE', #3940, #7808, #3537, .T. ) ;
#6459 = ORIENTED_EDGE ( 'NONE', *, *, #6512, .F. ) ;
#6460 = SURFACE_STYLE_FILL_AREA ( #4060 ) ;
#6461 = DIRECTION ( 'NONE',  ( 0.0000000000000000000, 0.0000000000000000000, -1.000000000000000000 ) ) ;
#6462 = CARTESIAN_POINT ( 'NONE',  ( 3.765000000000007700, 0.6999999999999992900, -8.800000000000000700 ) ) ;
#6463 = VERTEX_POINT ( 'NONE', #47 ) ;
#6464 = ORIENTED_EDGE ( 'NONE', *, *, #7245, .T. ) ;
#6465 = DIRECTION ( 'NONE',  ( 1.000000000000000000, 0.0000000000000000000, 0.0000000000000000000 ) ) ;
#6466 = VERTEX_POINT ( 'NONE', #7486 ) ;
#6467 = ORIENTED_EDGE ( 'NONE', *, *, #5867, .F. ) ;
#6468 = AXIS2_PLACEMENT_3D ( 'NONE', #8368, #1599, #8424 ) ;
#6469 = ORIENTED_EDGE ( 'NONE', *, *, #8269, .F. ) ;
#6470 = VERTEX_POINT ( 'NONE', #5994 ) ;
#6471 = FACE_OUTER_BOUND ( 'NONE', #5456, .T. ) ;
#6472 = VECTOR ( 'NONE', #7961, 1000.000000000000000 ) ;
#6473 = ORIENTED_EDGE ( 'NONE', *, *, #5671, .T. ) ;
#6474 = CARTESIAN_POINT ( 'NONE',  ( 32.67500000000000400, 0.6999999999999999600, 8.500000000000000000 ) ) ;
#6475 = DIRECTION ( 'NONE',  ( 1.000000000000000000, 0.0000000000000000000, -1.982541115402067900E-014 ) ) ;
#6476 = ORIENTED_EDGE ( 'NONE', *, *, #2719, .T. ) ;
#6477 = EDGE_CURVE ( 'NONE', #5825, #8376, #786, .T. ) ;
#6478 = DIRECTION ( 'NONE',  ( -1.000000000000000000, 0.0000000000000000000, 1.224646799147353200E-016 ) ) ;
#6479 = VERTEX_POINT ( 'NONE', #8130 ) ;
#6480 = DIRECTION ( 'NONE',  ( 0.0000000000000000000, 2.710505431213759900E-017, 1.000000000000000000 ) ) ;
#6481 = DIRECTION ( 'NONE',  ( 0.0000000000000000000, 0.0000000000000000000, -1.000000000000000000 ) ) ;
#6482 = FACE_OUTER_BOUND ( 'NONE', #4395, .T. ) ;
#6483 = ORIENTED_EDGE ( 'NONE', *, *, #7562, .F. ) ;
#6484 = FACE_OUTER_BOUND ( 'NONE', #6811, .T. ) ;
#6485 = FACE_OUTER_BOUND ( 'NONE', #7203, .T. ) ;
#6486 = DIRECTION ( 'NONE',  ( 0.0000000000000000000, 0.0000000000000000000, -1.000000000000000000 ) ) ;
#6487 = CARTESIAN_POINT ( 'NONE',  ( -26.62499999999998600, 18.55000000000000100, 5.200000000000002000 ) ) ;
#6488 = CARTESIAN_POINT ( 'NONE',  ( -26.62499999999998900, 6.442151305867749800, -5.200000000000001100 ) ) ;
#6489 = LINE ( 'NONE', #2013, #1597 ) ;
#6490 = ORIENTED_EDGE ( 'NONE', *, *, #8218, .F. ) ;
#6491 = ORIENTED_EDGE ( 'NONE', *, *, #639, .T. ) ;
#6492 = VECTOR ( 'NONE', #5362, 1000.000000000000000 ) ;
#6493 = CARTESIAN_POINT ( 'NONE',  ( -0.8249999999999924100, 12.75000000000000200, -5.200000000000001100 ) ) ;
#6494 = AXIS2_PLACEMENT_3D ( 'NONE', #2551, #7358, #5305 ) ;
#6495 = VECTOR ( 'NONE', #7805, 1000.000000000000000 ) ;
#6496 = CARTESIAN_POINT ( 'NONE',  ( -31.55000000000001500, 25.30000000000000100, -1.924999999999669900 ) ) ;
#6497 = EDGE_CURVE ( 'NONE', #2979, #1889, #2352, .T. ) ;
#6498 = VECTOR ( 'NONE', #7031, 1000.000000000000000 ) ;
#6499 = ADVANCED_FACE ( 'NONE', ( #4381 ), #5541, .F. ) ;
#6500 = PLANE ( 'NONE',  #3092 ) ;
#6501 = EDGE_CURVE ( 'NONE', #6779, #3924, #2146, .T. ) ;
#6502 = CARTESIAN_POINT ( 'NONE',  ( -31.54999999999997200, 25.30000000000000100, 2.275000000000330300 ) ) ;
#6503 = VECTOR ( 'NONE', #5981, 1000.000000000000000 ) ;
#6504 = CARTESIAN_POINT ( 'NONE',  ( -6.624999999999996400, 18.75000000000000400, 2.500000000000000000 ) ) ;
#6505 = CIRCLE ( 'NONE', #2172, 0.9999999999999983300 ) ;
#6506 = AXIS2_PLACEMENT_3D ( 'NONE', #392, #4639, #1735 ) ;
#6507 = SURFACE_SIDE_STYLE ('',( #7659 ) ) ;
#6508 = TOROIDAL_SURFACE ( 'NONE', #2637, 1.600000000000000800, 0.2999999999999999900 ) ;
#6509 = VERTEX_POINT ( 'NONE', #5402 ) ;
#6510 = CARTESIAN_POINT ( 'NONE',  ( 21.79840395607028800, -8.650000000000000400, -1.850000000000000800 ) ) ;
#6511 = VECTOR ( 'NONE', #4357, 1000.000000000000000 ) ;
#6512 = EDGE_CURVE ( 'NONE', #6422, #1042, #5753, .T. ) ;
#6513 = VERTEX_POINT ( 'NONE', #7372 ) ;
#6514 = LINE ( 'NONE', #3606, #4706 ) ;
#6515 = SURFACE_STYLE_FILL_AREA ( #3937 ) ;
#6516 = DIRECTION ( 'NONE',  ( 0.0000000000000000000, 0.0000000000000000000, -1.000000000000000000 ) ) ;
#6517 = EDGE_CURVE ( 'NONE', #4323, #3083, #2038, .T. ) ;
#6518 = AXIS2_PLACEMENT_3D ( 'NONE', #2526, #5989, #7272 ) ;
#6519 = VECTOR ( 'NONE', #3531, 1000.000000000000000 ) ;
#6520 = CARTESIAN_POINT ( 'NONE',  ( 1.875000000000007500, 0.6000000000000000900, -6.499999999999999100 ) ) ;
#6521 = DIRECTION ( 'NONE',  ( 0.0000000000000000000, 0.0000000000000000000, -1.000000000000000000 ) ) ;
#6522 = DIRECTION ( 'NONE',  ( -0.0000000000000000000, -0.0000000000000000000, 1.000000000000000000 ) ) ;
#6523 = DIRECTION ( 'NONE',  ( 1.000000000000000000, 0.0000000000000000000, 0.0000000000000000000 ) ) ;
#6524 = EDGE_CURVE ( 'NONE', #5298, #8698, #7773, .T. ) ;
#6525 = VERTEX_POINT ( 'NONE', #4652 ) ;
#6526 = VECTOR ( 'NONE', #7102, 1000.000000000000000 ) ;
#6527 =( BOUNDED_CURVE ( )  B_SPLINE_CURVE ( 3, ( #2200, #8231, #3521, #6952 ),
 .UNSPECIFIED., .F., .T. ) 
 B_SPLINE_CURVE_WITH_KNOTS ( ( 4, 4 ),
 ( 3.141592653589793100, 4.712388980384696800 ),
 .UNSPECIFIED. ) 
 CURVE ( )  GEOMETRIC_REPRESENTATION_ITEM ( )  RATIONAL_B_SPLINE_CURVE ( ( 1.000000000000000000, 0.8047378541243632700, 0.8047378541243632700, 1.000000000000000000 ) ) 
 REPRESENTATION_ITEM ( '' )  );
#6528 = ORIENTED_EDGE ( 'NONE', *, *, #6019, .T. ) ;
#6529 = CARTESIAN_POINT ( 'NONE',  ( 32.67500000000000400, 18.55000000000000100, -8.500000000000000000 ) ) ;
#6530 = DIRECTION ( 'NONE',  ( -0.0000000000000000000, -1.000000000000000000, -0.0000000000000000000 ) ) ;
#6531 = ORIENTED_EDGE ( 'NONE', *, *, #8287, .F. ) ;
#6532 = CYLINDRICAL_SURFACE ( 'NONE', #1189, 0.9999999999999995600 ) ;
#6533 = EDGE_CURVE ( 'NONE', #7210, #6550, #2347, .T. ) ;
#6534 = ORIENTED_EDGE ( 'NONE', *, *, #5012, .T. ) ;
#6535 = DIRECTION ( 'NONE',  ( 0.0000000000000000000, 0.0000000000000000000, -1.000000000000000000 ) ) ;
#6537 = ADVANCED_FACE ( 'NONE', ( #7878 ), #6596, .T. ) ;
#6536 = CARTESIAN_POINT ( 'NONE',  ( -34.12499999999998600, 20.10662966309981300, 5.999999999999999100 ) ) ;
#6538 = CARTESIAN_POINT ( 'NONE',  ( 1.275000000000007500, 0.2000000000000000100, 6.499999999999999100 ) ) ;
#6539 = ORIENTED_EDGE ( 'NONE', *, *, #6957, .F. ) ;
#6540 = LINE ( 'NONE', #7202, #7402 ) ;
#6541 = ORIENTED_EDGE ( 'NONE', *, *, #7928, .T. ) ;
#6542 = AXIS2_PLACEMENT_3D ( 'NONE', #5906, #1873, #3271 ) ;
#6543 = PLANE ( 'NONE',  #4545 ) ;
#6544 = DIRECTION ( 'NONE',  ( 0.0000000000000000000, -1.000000000000000000, 0.0000000000000000000 ) ) ;
#6545 = DIRECTION ( 'NONE',  ( 1.000000000000000000, -0.0000000000000000000, -0.0000000000000000000 ) ) ;
#6546 = EDGE_LOOP ( 'NONE', ( #7207, #8712, #5385, #4439 ) ) ;
#6547 = VECTOR ( 'NONE', #4470, 1000.000000000000000 ) ;
#6548 = DIRECTION ( 'NONE',  ( -1.000000000000000000, -0.0000000000000000000, 9.912705577010238600E-015 ) ) ;
#6549 = AXIS2_PLACEMENT_3D ( 'NONE', #7084, #2976, #3031 ) ;
#6550 = VERTEX_POINT ( 'NONE', #6176 ) ;
#6551 = DIRECTION ( 'NONE',  ( 1.000000000000000000, -0.0000000000000000000, -0.0000000000000000000 ) ) ;
#6552 = DIRECTION ( 'NONE',  ( 0.0000000000000000000, -1.000000000000000000, 0.0000000000000000000 ) ) ;
#6553 = ORIENTED_EDGE ( 'NONE', *, *, #1454, .T. ) ;
#6554 = CARTESIAN_POINT ( 'NONE',  ( -26.62499999999998900, 9.229210492142396300, 1.301042606982605300E-015 ) ) ;
#6555 = LINE ( 'NONE', #3428, #5391 ) ;
#6556 = CARTESIAN_POINT ( 'NONE',  ( 30.67500000000000800, 18.75000000000000000, 10.90000000000000000 ) ) ;
#6557 = EDGE_CURVE ( 'NONE', #7612, #6463, #4686, .T. ) ;
#6558 = ORIENTED_EDGE ( 'NONE', *, *, #67, .F. ) ;
#6559 = CLOSED_SHELL ( 'NONE', ( #2909, #5695, #7212, #1961, #5293, #7309 ) ) ;
#6560 = DIRECTION ( 'NONE',  ( 1.000000000000000000, 0.0000000000000000000, 0.0000000000000000000 ) ) ;
#6561 = DIRECTION ( 'NONE',  ( -1.982541115402067900E-014, 0.0000000000000000000, -1.000000000000000000 ) ) ;
#6562 = ORIENTED_EDGE ( 'NONE', *, *, #6919, .T. ) ;
#6563 = DIRECTION ( 'NONE',  ( -1.000000000000000000, 0.0000000000000000000, 0.0000000000000000000 ) ) ;
#6564 = AXIS2_PLACEMENT_3D ( 'NONE', #6159, #6129, #2063 ) ;
#6565 = VECTOR ( 'NONE', #1791, 1000.000000000000000 ) ;
#6566 = DIRECTION ( 'NONE',  ( -0.0000000000000000000, 1.000000000000000000, -0.0000000000000000000 ) ) ;
#6567 = ORIENTED_EDGE ( 'NONE', *, *, #939, .F. ) ;
#6568 = AXIS2_PLACEMENT_3D ( 'NONE', #50, #7608, #6921 ) ;
#6569 = VERTEX_POINT ( 'NONE', #2140 ) ;
#6570 = VECTOR ( 'NONE', #3337, 1000.000000000000000 ) ;
#6571 = LINE ( 'NONE', #6285, #7214 ) ;
#6572 = ORIENTED_EDGE ( 'NONE', *, *, #2396, .F. ) ;
#6573 = ORIENTED_EDGE ( 'NONE', *, *, #5867, .T. ) ;
#6574 = ORIENTED_EDGE ( 'NONE', *, *, #8413, .F. ) ;
#6575 = EDGE_CURVE ( 'NONE', #636, #5523, #3001, .T. ) ;
#6576 = DIRECTION ( 'NONE',  ( 1.000000000000000000, 0.0000000000000000000, -0.0000000000000000000 ) ) ;
#6577 = DIRECTION ( 'NONE',  ( 0.0000000000000000000, 1.000000000000000000, 0.0000000000000000000 ) ) ;
#6578 = ORIENTED_EDGE ( 'NONE', *, *, #1417, .T. ) ;
#6579 = CYLINDRICAL_SURFACE ( 'NONE', #2297, 1.990000000000001300 ) ;
#6580 = CARTESIAN_POINT ( 'NONE',  ( 23.76500000000000400, 27.40000000000000200, 0.0000000000000000000 ) ) ;
#6581 = VECTOR ( 'NONE', #4528, 1000.000000000000000 ) ;
#6582 = DIRECTION ( 'NONE',  ( 0.0000000000000000000, -1.000000000000000000, 2.125886612716674300E-017 ) ) ;
#6583 = ADVANCED_FACE ( 'NONE', ( #2247 ), #7561, .F. ) ;
#6584 = VECTOR ( 'NONE', #6123, 1000.000000000000000 ) ;
#6585 = ORIENTED_EDGE ( 'NONE', *, *, #5765, .F. ) ;
#6586 = DIRECTION ( 'NONE',  ( 1.000000000000000000, -0.0000000000000000000, -0.0000000000000000000 ) ) ;
#6587 = ORIENTED_EDGE ( 'NONE', *, *, #1074, .F. ) ;
#6588 = LINE ( 'NONE', #5334, #871 ) ;
#6589 = EDGE_CURVE ( 'NONE', #1075, #2841, #6385, .T. ) ;
#6590 = CARTESIAN_POINT ( 'NONE',  ( -17.32499999999998500, 18.55000000000000100, 2.499999999999999600 ) ) ;
#6591 = DIRECTION ( 'NONE',  ( 1.000000000000000000, -0.0000000000000000000, 0.0000000000000000000 ) ) ;
#6592 = DIRECTION ( 'NONE',  ( 0.0000000000000000000, 1.000000000000000000, 0.0000000000000000000 ) ) ;
#6593 = ADVANCED_FACE ( 'NONE', ( #6820 ), #6201, .F. ) ;
#6594 = LINE ( 'NONE', #5757, #6819 ) ;
#6595 = ORIENTED_EDGE ( 'NONE', *, *, #2799, .T. ) ;
#6596 = SPHERICAL_SURFACE ( 'NONE', #6605, 0.2000000000000000100 ) ;
#6597 = CARTESIAN_POINT ( 'NONE',  ( -9.791025403784438200, 1.500000000000000400, 2.417157287525381700 ) ) ;
#6598 = CARTESIAN_POINT ( 'NONE',  ( -25.12499999999998600, 18.55000000000000100, 5.200000000000002000 ) ) ;
#6599 = DIRECTION ( 'NONE',  ( 1.000000000000000000, 0.0000000000000000000, -9.912705577010238600E-015 ) ) ;
#6600 = EDGE_CURVE ( 'NONE', #8268, #4352, #33, .T. ) ;
#6601 = VECTOR ( 'NONE', #5265, 1000.000000000000000 ) ;
#6602 = VECTOR ( 'NONE', #3040, 1000.000000000000000 ) ;
#6603 = ORIENTED_EDGE ( 'NONE', *, *, #6124, .F. ) ;
#6604 = CARTESIAN_POINT ( 'NONE',  ( 39.97500000000000100, 7.974999999999999600, 1.900000000000000100 ) ) ;
#6605 = AXIS2_PLACEMENT_3D ( 'NONE', #4836, #2109, #3572 ) ;
#6606 = DIRECTION ( 'NONE',  ( 0.0000000000000000000, 0.0000000000000000000, -1.000000000000000000 ) ) ;
#6607 = CARTESIAN_POINT ( 'NONE',  ( 35.17500000000001800, 7.587726485579924700, 2.976514209802276800 ) ) ;
#6608 = FACE_OUTER_BOUND ( 'NONE', #1359, .T. ) ;
#6609 = FACE_BOUND ( 'NONE', #2313, .T. ) ;
#6610 = DIRECTION ( 'NONE',  ( 1.000000000000000000, -0.0000000000000000000, -0.0000000000000000000 ) ) ;
#6611 = ORIENTED_EDGE ( 'NONE', *, *, #4146, .F. ) ;
#6612 = EDGE_CURVE ( 'NONE', #6121, #7383, #8088, .T. ) ;
#6613 = CARTESIAN_POINT ( 'NONE',  ( 30.67500000000000800, 18.75000000000000000, 11.19999999999999900 ) ) ;
#6614 = CARTESIAN_POINT ( 'NONE',  ( 1.875000000000007500, 0.2000000000000000100, -6.499999999999999100 ) ) ;
#6615 = CYLINDRICAL_SURFACE ( 'NONE', #6784, 4.500000000000002700 ) ;
#6616 = AXIS2_PLACEMENT_3D ( 'NONE', #2191, #807, #5548 ) ;
#6617 =( LENGTH_UNIT ( ) NAMED_UNIT ( * ) SI_UNIT ( .MILLI., .METRE. ) );
#6618 = FACE_OUTER_BOUND ( 'NONE', #1270, .T. ) ;
#6619 = AXIS2_PLACEMENT_3D ( 'NONE', #4353, #5085, #3764 ) ;
#6620 = DIRECTION ( 'NONE',  ( -0.0000000000000000000, -0.0000000000000000000, 1.000000000000000000 ) ) ;
#6621 = DIRECTION ( 'NONE',  ( 0.0000000000000000000, -1.000000000000000000, 0.0000000000000000000 ) ) ;
#6622 = CARTESIAN_POINT ( 'NONE',  ( -8.724999999999996100, -1.770000000000000000, -2.300000000000000300 ) ) ;
#6623 = DIRECTION ( 'NONE',  ( -2.205236150722681400E-016, 0.0000000000000000000, 1.000000000000000000 ) ) ;
#6624 = ADVANCED_FACE ( 'NONE', ( #6072 ), #2895, .F. ) ;
#6625 = EDGE_LOOP ( 'NONE', ( #4046, #3028, #6249, #1366 ) ) ;
#6626 = EDGE_CURVE ( 'NONE', #12, #3640, #7022, .T. ) ;
#6627 = CIRCLE ( 'NONE', #4717, 1.600000000000000800 ) ;
#6628 = CIRCLE ( 'NONE', #2278, 2.149999999999999900 ) ;
#6629 = ORIENTED_EDGE ( 'NONE', *, *, #6134, .T. ) ;
#6630 = DIRECTION ( 'NONE',  ( 0.0000000000000000000, 0.0000000000000000000, 1.000000000000000000 ) ) ;
#6631 =( GEOMETRIC_REPRESENTATION_CONTEXT ( 3 ) GLOBAL_UNCERTAINTY_ASSIGNED_CONTEXT ( ( #5660 ) ) GLOBAL_UNIT_ASSIGNED_CONTEXT ( ( #5095, #3091, #8176 ) ) REPRESENTATION_CONTEXT ( 'NONE', 'WORKASPACE' ) );
#6632 = CARTESIAN_POINT ( 'NONE',  ( 23.76500000000000400, -0.2999999999999999900, 0.0000000000000000000 ) ) ;
#6633 = VECTOR ( 'NONE', #515, 1000.000000000000000 ) ;
#6635 = ADVANCED_FACE ( 'NONE', ( #5649 ), #4902, .F. ) ;
#6634 = DIRECTION ( 'NONE',  ( 0.0000000000000000000, 0.0000000000000000000, 1.000000000000000000 ) ) ;
#6636 = PLANE ( 'NONE',  #4012 ) ;
#6637 = ORIENTED_EDGE ( 'NONE', *, *, #4917, .F. ) ;
#6638 = CARTESIAN_POINT ( 'NONE',  ( -26.62499999999998900, 0.1099999999999989900, -2.999999999999997300 ) ) ;
#6639 = CARTESIAN_POINT ( 'NONE',  ( 0.2000000000000070300, 0.6000000000000000900, 5.899999999999997700 ) ) ;
#6640 = EDGE_CURVE ( 'NONE', #7918, #6470, #6281, .T. ) ;
#6641 = ORIENTED_EDGE ( 'NONE', *, *, #67, .T. ) ;
#6642 = ORIENTED_EDGE ( 'NONE', *, *, #6191, .T. ) ;
#6643 = VERTEX_POINT ( 'NONE', #5518 ) ;
#6644 = DIRECTION ( 'NONE',  ( 0.0000000000000000000, 0.0000000000000000000, -1.000000000000000000 ) ) ;
#6645 = DIRECTION ( 'NONE',  ( 0.0000000000000000000, 0.0000000000000000000, -1.000000000000000000 ) ) ;
#6646 = CARTESIAN_POINT ( 'NONE',  ( 0.0000000000000000000, 0.6999999999999999600, 0.0000000000000000000 ) ) ;
#6647 = DIRECTION ( 'NONE',  ( 1.000000000000000000, -0.0000000000000000000, 0.0000000000000000000 ) ) ;
#6648 = ORIENTED_EDGE ( 'NONE', *, *, #3667, .T. ) ;
#6649 = VERTEX_POINT ( 'NONE', #5577 ) ;
#6650 = LINE ( 'NONE', #1035, #3049 ) ;
#6651 = CARTESIAN_POINT ( 'NONE',  ( -13.82499999999999400, 12.75000000000000200, -12.60000000000000100 ) ) ;
#6652 = DIRECTION ( 'NONE',  ( -0.0000000000000000000, -1.000000000000000000, -0.0000000000000000000 ) ) ;
#6653 = CARTESIAN_POINT ( 'NONE',  ( -9.791025403784438200, 1.500000000000000400, -2.300000000000000300 ) ) ;
#6654 = VERTEX_POINT ( 'NONE', #1485 ) ;
#6655 = CARTESIAN_POINT ( 'NONE',  ( 39.37500000000000000, 10.77500000000000000, 2.500000000000001800 ) ) ;
#6656 = AXIS2_PLACEMENT_3D ( 'NONE', #3349, #3227, #665 ) ;
#6657 = ORIENTED_EDGE ( 'NONE', *, *, #2944, .T. ) ;
#6658 = VECTOR ( 'NONE', #5230, 1000.000000000000000 ) ;
#6659 = EDGE_CURVE ( 'NONE', #2973, #3614, #4473, .T. ) ;
#6660 = CARTESIAN_POINT ( 'NONE',  ( -11.82499999999999200, 0.6358983848622396000, 5.200000000000001100 ) ) ;
#6661 = EDGE_LOOP ( 'NONE', ( #3957, #2394, #1136, #5321 ) ) ;
#6662 = DIRECTION ( 'NONE',  ( -0.0000000000000000000, -1.000000000000000000, -0.0000000000000000000 ) ) ;
#6663 = ORIENTED_EDGE ( 'NONE', *, *, #5128, .T. ) ;
#6664 = PLANE ( 'NONE',  #2689 ) ;
#6665 = EDGE_CURVE ( 'NONE', #958, #1784, #1196, .T. ) ;
#6666 = CARTESIAN_POINT ( 'NONE',  ( 37.57500000000000300, 7.974999999999999600, 1.495000000000005700 ) ) ;
#6667 = ORIENTED_EDGE ( 'NONE', *, *, #6250, .F. ) ;
#6668 = VECTOR ( 'NONE', #8020, 1000.000000000000000 ) ;
#6669 = ADVANCED_FACE ( 'NONE', ( #4271 ), #892, .F. ) ;
#6670 = AXIS2_PLACEMENT_3D ( 'NONE', #875, #3671, #8409 ) ;
#6671 = DIRECTION ( 'NONE',  ( 0.0000000000000000000, 0.0000000000000000000, -1.000000000000000000 ) ) ;
#6672 = ORIENTED_EDGE ( 'NONE', *, *, #3748, .F. ) ;
#6673 = ORIENTED_EDGE ( 'NONE', *, *, #1669, .F. ) ;
#6674 = ORIENTED_EDGE ( 'NONE', *, *, #4822, .F. ) ;
#6675 = CARTESIAN_POINT ( 'NONE',  ( 1.875000000000007500, 0.6000000000000000900, -7.574999999999999300 ) ) ;
#6676 = MECHANICAL_DESIGN_GEOMETRIC_PRESENTATION_REPRESENTATION (  '', ( #329 ), #7594 ) ;
#6677 = CARTESIAN_POINT ( 'NONE',  ( -6.624999999999996400, 0.0000000000000000000, -2.500000000000000000 ) ) ;
#6678 = DIRECTION ( 'NONE',  ( -1.000000000000000000, 0.0000000000000000000, 0.0000000000000000000 ) ) ;
#6679 = ORIENTED_EDGE ( 'NONE', *, *, #8325, .T. ) ;
#6680 = CARTESIAN_POINT ( 'NONE',  ( 1.575000000000007300, 0.0000000000000000000, 6.200000000000000200 ) ) ;
#6681 = VERTEX_POINT ( 'NONE', #6409 ) ;
#6682 = EDGE_CURVE ( 'NONE', #8589, #121, #4907, .T. ) ;
#6683 = ADVANCED_FACE ( 'NONE', ( #4793 ), #2463, .F. ) ;
#6684 = ORIENTED_EDGE ( 'NONE', *, *, #2901, .F. ) ;
#6685 = VECTOR ( 'NONE', #3824, 1000.000000000000000 ) ;
#6686 = ORIENTED_EDGE ( 'NONE', *, *, #600, .T. ) ;
#6687 = EDGE_LOOP ( 'NONE', ( #5220, #4482, #2190, #5810 ) ) ;
#6688 = CARTESIAN_POINT ( 'NONE',  ( -39.97500000000000100, 25.89999999999999900, 5.999999999999999100 ) ) ;
#6689 = DIRECTION ( 'NONE',  ( 0.0000000000000000000, 0.0000000000000000000, 1.000000000000000000 ) ) ;
#6690 = PRESENTATION_LAYER_ASSIGNMENT (  '', '', ( #1239 ) ) ;
#6691 = FACE_OUTER_BOUND ( 'NONE', #2008, .T. ) ;
#6692 = ORIENTED_EDGE ( 'NONE', *, *, #2913, .T. ) ;
#6693 = ORIENTED_EDGE ( 'NONE', *, *, #1629, .F. ) ;
#6694 = VECTOR ( 'NONE', #3412, 1000.000000000000000 ) ;
#6695 = ORIENTED_EDGE ( 'NONE', *, *, #3936, .F. ) ;
#6696 = FACE_OUTER_BOUND ( 'NONE', #8387, .T. ) ;
#6697 = EDGE_CURVE ( 'NONE', #8704, #1271, #7459, .T. ) ;
#6698 = CARTESIAN_POINT ( 'NONE',  ( 0.5750000000000076200, 18.34999999999999800, -8.699999999999997500 ) ) ;
#6699 = LINE ( 'NONE', #7959, #3845 ) ;
#6700 = DIRECTION ( 'NONE',  ( -0.0000000000000000000, 0.0000000000000000000, 1.000000000000000000 ) ) ;
#6701 = ORIENTED_EDGE ( 'NONE', *, *, #3574, .F. ) ;
#6702 = EDGE_LOOP ( 'NONE', ( #5502, #7296, #2655, #828 ) ) ;
#6703 = CIRCLE ( 'NONE', #8668, 2.700000000000001100 ) ;
#6704 = DIRECTION ( 'NONE',  ( 0.0000000000000000000, -1.000000000000000000, 0.0000000000000000000 ) ) ;
#6705 = FACE_OUTER_BOUND ( 'NONE', #3279, .T. ) ;
#6706 = CARTESIAN_POINT ( 'NONE',  ( 23.76500000000000400, 26.39999999999999900, 1.250000000000001100 ) ) ;
#6707 = EDGE_CURVE ( 'NONE', #7744, #1898, #3099, .T. ) ;
#6708 = CARTESIAN_POINT ( 'NONE',  ( -17.32499999999998500, 28.80000000000000100, 2.499999999999999600 ) ) ;
#6709 = DIRECTION ( 'NONE',  ( -0.0000000000000000000, -1.000000000000000000, -0.0000000000000000000 ) ) ;
#6710 = VECTOR ( 'NONE', #811, 1000.000000000000000 ) ;
#6711 = VECTOR ( 'NONE', #8276, 1000.000000000000000 ) ;
#6712 = CARTESIAN_POINT ( 'NONE',  ( -17.32499999999998500, 28.80000000000000100, -2.499999999999997800 ) ) ;
#6713 = ADVANCED_FACE ( 'NONE', ( #5847 ), #7002, .F. ) ;
#6714 = AXIS2_PLACEMENT_3D ( 'NONE', #5516, #6199, #6877 ) ;
#6715 = DIRECTION ( 'NONE',  ( 0.0000000000000000000, -1.000000000000000000, 0.0000000000000000000 ) ) ;
#6716 = FACE_OUTER_BOUND ( 'NONE', #2519, .T. ) ;
#6717 = ORIENTED_EDGE ( 'NONE', *, *, #3927, .F. ) ;
#6718 = EDGE_CURVE ( 'NONE', #8376, #5314, #8408, .T. ) ;
#6719 = FACE_OUTER_BOUND ( 'NONE', #1619, .T. ) ;
#6720 = EDGE_LOOP ( 'NONE', ( #2943, #7946, #1460, #5403, #2315, #2128, #8052 ) ) ;
#6721 = CARTESIAN_POINT ( 'NONE',  ( 16.61500000000000600, 0.6999999999999999600, -8.749999999999998200 ) ) ;
#6722 = AXIS2_PLACEMENT_3D ( 'NONE', #3642, #6378, #8344 ) ;
#6723 = CARTESIAN_POINT ( 'NONE',  ( -21.52499999999998800, 1.099999999999999900, -2.499999999999999600 ) ) ;
#6724 = AXIS2_PLACEMENT_3D ( 'NONE', #4122, #6902, #718 ) ;
#6725 = ORIENTED_EDGE ( 'NONE', *, *, #3863, .T. ) ;
#6726 = CYLINDRICAL_SURFACE ( 'NONE', #7698, 0.3000000000000016500 ) ;
#6727 = CIRCLE ( 'NONE', #654, 6.000000000000000000 ) ;
#6728 = CIRCLE ( 'NONE', #4542, 1.540000000000002300 ) ;
#6729 = EDGE_CURVE ( 'NONE', #6883, #1260, #569, .T. ) ;
#6730 = EDGE_LOOP ( 'NONE', ( #1364, #3501, #5950, #2320 ) ) ;
#6731 = CARTESIAN_POINT ( 'NONE',  ( 35.51438892245315800, 10.79599700642428700, -2.554109753323008800 ) ) ;
#6732 = DIRECTION ( 'NONE',  ( 0.0000000000000000000, 0.0000000000000000000, -1.000000000000000000 ) ) ;
#6733 = AXIS2_PLACEMENT_3D ( 'NONE', #6822, #6037, #3439 ) ;
#6734 = DIRECTION ( 'NONE',  ( 1.000000000000000000, -0.0000000000000000000, -0.0000000000000000000 ) ) ;
#6735 = ORIENTED_EDGE ( 'NONE', *, *, #8738, .T. ) ;
#6736 = FACE_OUTER_BOUND ( 'NONE', #3743, .T. ) ;
#6737 = AXIS2_PLACEMENT_3D ( 'NONE', #1182, #3882, #5213 ) ;
#6738 = CIRCLE ( 'NONE', #4277, 9.599999999999999600 ) ;
#6739 = ORIENTED_EDGE ( 'NONE', *, *, #178, .T. ) ;
#6740 = ORIENTED_EDGE ( 'NONE', *, *, #452, .F. ) ;
#6741 = DIRECTION ( 'NONE',  ( 0.0000000000000000000, 0.0000000000000000000, 1.000000000000000000 ) ) ;
#6742 = CARTESIAN_POINT ( 'NONE',  ( -29.52499999999998800, 25.89999999999999900, -4.600000000000000500 ) ) ;
#6743 = ORIENTED_EDGE ( 'NONE', *, *, #400, .T. ) ;
#6744 = EDGE_CURVE ( 'NONE', #1884, #6681, #256, .T. ) ;
#6745 = ORIENTED_EDGE ( 'NONE', *, *, #4497, .F. ) ;
#6746 = CIRCLE ( 'NONE', #8226, 0.2000000000000001200 ) ;
#6747 = DIRECTION ( 'NONE',  ( -0.0000000000000000000, -1.000000000000000000, -0.0000000000000000000 ) ) ;
#6748 = PRODUCT_DEFINITION_SHAPE ( 'NONE', 'NONE',  #2894 ) ;
#6749 = EDGE_CURVE ( 'NONE', #6886, #2504, #8308, .T. ) ;
#6750 = AXIS2_PLACEMENT_3D ( 'NONE', #3363, #7403, #6149 ) ;
#6751 = ORIENTED_EDGE ( 'NONE', *, *, #2645, .T. ) ;
#6752 = CARTESIAN_POINT ( 'NONE',  ( -11.82499999999999200, 1.500000000000000400, 5.200000000000003700 ) ) ;
#6753 = CARTESIAN_POINT ( 'NONE',  ( 35.17500000000001100, 18.44999999999999900, -6.700000000000000200 ) ) ;
#6754 = CARTESIAN_POINT ( 'NONE',  ( 35.17500000000001100, 11.27500000000000000, -3.100000000000000100 ) ) ;
#6755 = DIRECTION ( 'NONE',  ( 0.0000000000000000000, 0.0000000000000000000, 1.000000000000000000 ) ) ;
#6756 = CARTESIAN_POINT ( 'NONE',  ( 1.275000000000007500, 0.6000000000000000900, 6.499999999999999100 ) ) ;
#6757 = VERTEX_POINT ( 'NONE', #6345 ) ;
#6758 = VECTOR ( 'NONE', #1764, 1000.000000000000000 ) ;
#6759 = DIRECTION ( 'NONE',  ( 1.000000000000000000, 0.0000000000000000000, -0.0000000000000000000 ) ) ;
#6760 = EDGE_CURVE ( 'NONE', #3834, #6089, #7987, .T. ) ;
#6761 = ORIENTED_EDGE ( 'NONE', *, *, #1496, .T. ) ;
#6762 = ADVANCED_FACE ( 'NONE', ( #2900 ), #5037, .F. ) ;
#6763 = EDGE_CURVE ( 'NONE', #5544, #6014, #3425, .T. ) ;
#6764 = ORIENTED_EDGE ( 'NONE', *, *, #3821, .F. ) ;
#6765 = CARTESIAN_POINT ( 'NONE',  ( 1.275000000000007500, 0.6000000000000000900, 7.574999999999999300 ) ) ;
#6766 = VECTOR ( 'NONE', #1775, 1000.000000000000000 ) ;
#6767 = EDGE_CURVE ( 'NONE', #6252, #4876, #1824, .T. ) ;
#6768 = CARTESIAN_POINT ( 'NONE',  ( 32.67500000000000400, 28.80000000000000100, 8.500000000000000000 ) ) ;
#6769 = EDGE_CURVE ( 'NONE', #6059, #4412, #2684, .T. ) ;
#6770 = ORIENTED_EDGE ( 'NONE', *, *, #3107, .F. ) ;
#6771 = ADVANCED_FACE ( 'NONE', ( #2781 ), #6175, .T. ) ;
#6772 = DIRECTION ( 'NONE',  ( -0.0000000000000000000, 1.000000000000000000, 0.0000000000000000000 ) ) ;
#6773 = ORIENTED_EDGE ( 'NONE', *, *, #694, .F. ) ;
#6774 = DIRECTION ( 'NONE',  ( 1.000000000000000000, 0.0000000000000000000, 0.0000000000000000000 ) ) ;
#6775 = VECTOR ( 'NONE', #321, 1000.000000000000000 ) ;
#6776 = CARTESIAN_POINT ( 'NONE',  ( -17.32499999999998500, 28.80000000000000100, 2.499999999999999600 ) ) ;
#6777 = CARTESIAN_POINT ( 'NONE',  ( 35.17500000000002600, 11.16296235018861100, 2.977268792265723300 ) ) ;
#6778 = ORIENTED_EDGE ( 'NONE', *, *, #1197, .T. ) ;
#6779 = VERTEX_POINT ( 'NONE', #1079 ) ;
#6780 = AXIS2_PLACEMENT_3D ( 'NONE', #8372, #195, #316 ) ;
#6781 = CARTESIAN_POINT ( 'NONE',  ( 35.67500000000001100, 10.77500000000000000, -2.508392021690040600 ) ) ;
#6782 = VERTEX_POINT ( 'NONE', #7889 ) ;
#6783 = ORIENTED_EDGE ( 'NONE', *, *, #214, .T. ) ;
#6784 = AXIS2_PLACEMENT_3D ( 'NONE', #6381, #6976, #3577 ) ;
#6785 = ORIENTED_EDGE ( 'NONE', *, *, #5332, .T. ) ;
#6786 = VECTOR ( 'NONE', #5947, 1000.000000000000100 ) ;
#6787 = DIRECTION ( 'NONE',  ( -0.0000000000000000000, -0.0000000000000000000, -1.000000000000000000 ) ) ;
#6788 = ORIENTED_EDGE ( 'NONE', *, *, #6839, .F. ) ;
#6789 = DIRECTION ( 'NONE',  ( -1.000000000000000000, 0.0000000000000000000, 0.0000000000000000000 ) ) ;
#6790 = ORIENTED_EDGE ( 'NONE', *, *, #1559, .F. ) ;
#6791 = DIRECTION ( 'NONE',  ( 0.0000000000000000000, -0.0000000000000000000, 1.000000000000000000 ) ) ;
#6792 = LINE ( 'NONE', #1396, #3175 ) ;
#6793 = EDGE_CURVE ( 'NONE', #8390, #972, #1090, .T. ) ;
#6794 = CLOSED_SHELL ( 'NONE', ( #22, #3073, #5026, #5071, #141, #6593 ) ) ;
#6795 = DIRECTION ( 'NONE',  ( 0.0000000000000000000, 0.0000000000000000000, 1.000000000000000000 ) ) ;
#6796 = ORIENTED_EDGE ( 'NONE', *, *, #6951, .T. ) ;
#6797 = VERTEX_POINT ( 'NONE', #5751 ) ;
#6798 = AXIS2_PLACEMENT_3D ( 'NONE', #8793, #3389, #19 ) ;
#6799 = CARTESIAN_POINT ( 'NONE',  ( 1.275000000000007500, 0.6000000000000000900, 6.499999999999999100 ) ) ;
#6800 = CARTESIAN_POINT ( 'NONE',  ( -34.12499999999998600, 7.500000000000000900, -12.60000000000000000 ) ) ;
#6801 = STYLED_ITEM ( 'NONE', ( #4556 ), #2066 ) ;
#6802 = ORIENTED_EDGE ( 'NONE', *, *, #2400, .T. ) ;
#6803 = DIRECTION ( 'NONE',  ( -7.350523203291556200E-017, 0.0000000000000000000, -1.000000000000000000 ) ) ;
#6804 = CIRCLE ( 'NONE', #3272, 3.500000000000000000 ) ;
#6805 = CIRCLE ( 'NONE', #6051, 2.700000000000001100 ) ;
#6806 = CARTESIAN_POINT ( 'NONE',  ( -25.12499999999998900, 6.442151305867749800, -3.499999999999997300 ) ) ;
#6807 = CARTESIAN_POINT ( 'NONE',  ( 2.950000000000007700, 0.6000000000000000900, -5.899999999999997700 ) ) ;
#6808 = DIRECTION ( 'NONE',  ( 1.000000000000000000, -0.0000000000000000000, 6.672013369141589900E-016 ) ) ;
#6809 = EDGE_CURVE ( 'NONE', #2568, #7636, #874, .T. ) ;
#6810 = LINE ( 'NONE', #8732, #7011 ) ;
#6811 = EDGE_LOOP ( 'NONE', ( #7535, #4973, #7607, #3359 ) ) ;
#6812 = ORIENTED_EDGE ( 'NONE', *, *, #5345, .T. ) ;
#6813 = CIRCLE ( 'NONE', #4397, 0.2000000000000000900 ) ;
#6814 = CARTESIAN_POINT ( 'NONE',  ( 0.0000000000000000000, 0.1999999999999999800, 0.0000000000000000000 ) ) ;
#6815 = ADVANCED_FACE ( 'NONE', ( #4567 ), #1742, .F. ) ;
#6816 = DIRECTION ( 'NONE',  ( 0.0000000000000000000, 0.0000000000000000000, 1.000000000000000000 ) ) ;
#6817 = DIRECTION ( 'NONE',  ( 0.0000000000000000000, -0.0000000000000000000, 1.000000000000000000 ) ) ;
#6818 = DIRECTION ( 'NONE',  ( 0.0000000000000000000, 0.0000000000000000000, -1.000000000000000000 ) ) ;
#6819 = VECTOR ( 'NONE', #7185, 1000.000000000000000 ) ;
#6820 = FACE_OUTER_BOUND ( 'NONE', #4249, .T. ) ;
#6821 = EDGE_CURVE ( 'NONE', #3818, #108, #5435, .T. ) ;
#6822 = CARTESIAN_POINT ( 'NONE',  ( -17.32499999999998500, 20.15000000000000200, -3.499999999999997300 ) ) ;
#6823 = CARTESIAN_POINT ( 'NONE',  ( -32.72499999999999400, 25.89999999999999900, -4.599999999999999600 ) ) ;
#6824 = ADVANCED_FACE ( 'NONE', ( #5962 ), #4067, .T. ) ;
#6825 = DIRECTION ( 'NONE',  ( 1.000000000000000000, -0.0000000000000000000, -0.0000000000000000000 ) ) ;
#6826 = PLANE ( 'NONE',  #35 ) ;
#6827 = VECTOR ( 'NONE', #475, 1000.000000000000000 ) ;
#6828 = FACE_BOUND ( 'NONE', #6353, .T. ) ;
#6829 = DIRECTION ( 'NONE',  ( 0.0000000000000000000, -1.000000000000000000, 2.125886612716674000E-017 ) ) ;
#6830 = CARTESIAN_POINT ( 'NONE',  ( 23.76500000000000400, -1.000000000000000000, 0.0000000000000000000 ) ) ;
#6831 = FACE_OUTER_BOUND ( 'NONE', #7729, .T. ) ;
#6832 = CARTESIAN_POINT ( 'NONE',  ( 30.67500000000000800, 18.75000000000000000, 10.90000000000000000 ) ) ;
#6833 = FACE_OUTER_BOUND ( 'NONE', #3664, .T. ) ;
#6834 = AXIS2_PLACEMENT_3D ( 'NONE', #782, #7472, #61 ) ;
#6835 = EDGE_CURVE ( 'NONE', #2432, #8538, #2569, .T. ) ;
#6836 = VECTOR ( 'NONE', #593, 1000.000000000000000 ) ;
#6837 = CIRCLE ( 'NONE', #419, 1.900000000000000600 ) ;
#6838 = DIRECTION ( 'NONE',  ( 0.0000000000000000000, 0.0000000000000000000, -1.000000000000000000 ) ) ;
#6839 = EDGE_CURVE ( 'NONE', #5048, #4262, #5746, .T. ) ;
#6840 = ORIENTED_EDGE ( 'NONE', *, *, #3406, .T. ) ;
#6841 = CYLINDRICAL_SURFACE ( 'NONE', #1704, 1.000000000000000400 ) ;
#6842 = AXIS2_PLACEMENT_3D ( 'NONE', #458, #7176, #3141 ) ;
#6843 = DIRECTION ( 'NONE',  ( 0.0000000000000000000, -0.0000000000000000000, -1.000000000000000000 ) ) ;
#6844 = DIRECTION ( 'NONE',  ( 0.0000000000000000000, 1.000000000000000000, 0.0000000000000000000 ) ) ;
#6845 = LINE ( 'NONE', #2974, #5566 ) ;
#6846 = ORIENTED_EDGE ( 'NONE', *, *, #1508, .T. ) ;
#6847 = AXIS2_PLACEMENT_3D ( 'NONE', #3404, #6715, #6000 ) ;
#6848 = ADVANCED_FACE ( 'NONE', ( #6065 ), #4059, .T. ) ;
#6849 = EDGE_CURVE ( 'NONE', #8364, #2762, #4467, .T. ) ;
#6850 = FACE_OUTER_BOUND ( 'NONE', #2918, .T. ) ;
#6851 = DIRECTION ( 'NONE',  ( 1.000000000000000000, 0.0000000000000000000, 0.0000000000000000000 ) ) ;
#6852 = ORIENTED_EDGE ( 'NONE', *, *, #6839, .T. ) ;
#6853 = ORIENTED_EDGE ( 'NONE', *, *, #2414, .T. ) ;
#6854 = AXIS2_PLACEMENT_3D ( 'NONE', #1698, #332, #357 ) ;
#6855 = CARTESIAN_POINT ( 'NONE',  ( -13.82499999999999400, 7.500000000000000900, 5.200000000000002800 ) ) ;
#6856 = VERTEX_POINT ( 'NONE', #5124 ) ;
#6857 = AXIS2_PLACEMENT_3D ( 'NONE', #3694, #2282, #4932 ) ;
#6858 = ADVANCED_FACE ( 'NONE', ( #5423 ), #8541, .F. ) ;
#6859 = ORIENTED_EDGE ( 'NONE', *, *, #3649, .T. ) ;
#6860 = CIRCLE ( 'NONE', #2896, 9.599999999999999600 ) ;
#6861 = EDGE_LOOP ( 'NONE', ( #1989, #5361, #5710, #24 ) ) ;
#6862 = EDGE_CURVE ( 'NONE', #7918, #7952, #3313, .T. ) ;
#6863 = CARTESIAN_POINT ( 'NONE',  ( 35.17500000000001800, 11.27500000000000000, 3.100000000000000100 ) ) ;
#6864 = PLANE ( 'NONE',  #2804 ) ;
#6865 = VERTEX_POINT ( 'NONE', #5194 ) ;
#6866 = LINE ( 'NONE', #1645, #3262 ) ;
#6867 = EDGE_CURVE ( 'NONE', #6133, #7539, #6703, .T. ) ;
#6868 = VERTEX_POINT ( 'NONE', #2462 ) ;
#6869 = DIRECTION ( 'NONE',  ( -0.0000000000000000000, -0.0000000000000000000, 1.000000000000000000 ) ) ;
#6870 = CARTESIAN_POINT ( 'NONE',  ( 1.575000000000007300, 0.0000000000000000000, 6.200000000000000200 ) ) ;
#6871 = VERTEX_POINT ( 'NONE', #5161 ) ;
#6872 = EDGE_CURVE ( 'NONE', #8705, #7110, #8509, .T. ) ;
#6873 = SURFACE_STYLE_FILL_AREA ( #4077 ) ;
#6874 = ORIENTED_EDGE ( 'NONE', *, *, #4630, .F. ) ;
#6875 = VERTEX_POINT ( 'NONE', #7914 ) ;
#6876 = DIRECTION ( 'NONE',  ( 0.0000000000000000000, 1.000000000000000000, -0.0000000000000000000 ) ) ;
#6877 = DIRECTION ( 'NONE',  ( 0.0000000000000000000, 0.0000000000000000000, -1.000000000000000000 ) ) ;
#6878 = ORIENTED_EDGE ( 'NONE', *, *, #317, .T. ) ;
#6879 = VECTOR ( 'NONE', #3795, 1000.000000000000000 ) ;
#6880 = DIRECTION ( 'NONE',  ( 0.0000000000000000000, 0.0000000000000000000, 1.000000000000000000 ) ) ;
#6881 = AXIS2_PLACEMENT_3D ( 'NONE', #3787, #5109, #1019 ) ;
#6882 = ORIENTED_EDGE ( 'NONE', *, *, #8505, .T. ) ;
#6883 = VERTEX_POINT ( 'NONE', #2521 ) ;
#6884 = ORIENTED_EDGE ( 'NONE', *, *, #2035, .T. ) ;
#6885 =( NAMED_UNIT ( * ) PLANE_ANGLE_UNIT ( ) SI_UNIT ( $, .RADIAN. ) );
#6886 = VERTEX_POINT ( 'NONE', #7242 ) ;
#6887 = PLANE ( 'NONE',  #7667 ) ;
#6888 = CARTESIAN_POINT ( 'NONE',  ( -16.02499999999999100, 1.099999999999999900, -3.500000000000000000 ) ) ;
#6889 = ORIENTED_EDGE ( 'NONE', *, *, #973, .F. ) ;
#6890 = DIRECTION ( 'NONE',  ( -0.0000000000000000000, 1.000000000000000000, -0.0000000000000000000 ) ) ;
#6891 = AXIS2_PLACEMENT_3D ( 'NONE', #4909, #1494, #847 ) ;
#6892 = ORIENTED_EDGE ( 'NONE', *, *, #1213, .T. ) ;
#6893 = CIRCLE ( 'NONE', #7315, 4.200000000000002800 ) ;
#6894 = VECTOR ( 'NONE', #5732, 1000.000000000000000 ) ;
#6895 = ORIENTED_EDGE ( 'NONE', *, *, #2177, .T. ) ;
#6896 = AXIS2_PLACEMENT_3D ( 'NONE', #4677, #8, #7448 ) ;
#6897 = ORIENTED_EDGE ( 'NONE', *, *, #2615, .T. ) ;
#6898 = CARTESIAN_POINT ( 'NONE',  ( -31.55000000000000800, 21.30000000000000100, -0.8749999999996694900 ) ) ;
#6899 = CARTESIAN_POINT ( 'NONE',  ( -8.778589838486221100, 20.10358983848622900, -2.500000000000000000 ) ) ;
#6900 = ADVANCED_FACE ( 'NONE', ( #7234 ), #8665, .F. ) ;
#6901 = SURFACE_STYLE_FILL_AREA ( #4127 ) ;
#6902 = DIRECTION ( 'NONE',  ( 0.0000000000000000000, 0.0000000000000000000, -1.000000000000000000 ) ) ;
#6903 = EDGE_CURVE ( 'NONE', #1948, #7647, #27, .T. ) ;
#6904 = DIRECTION ( 'NONE',  ( 0.0000000000000000000, -1.000000000000000000, 0.0000000000000000000 ) ) ;
#6905 = ORIENTED_EDGE ( 'NONE', *, *, #6045, .F. ) ;
#6906 = VERTEX_POINT ( 'NONE', #6012 ) ;
#6907 = LINE ( 'NONE', #4700, #5101 ) ;
#6908 = ORIENTED_EDGE ( 'NONE', *, *, #5560, .F. ) ;
#6909 = CIRCLE ( 'NONE', #2004, 1.600000000000000800 ) ;
#6910 = PLANE ( 'NONE',  #1674 ) ;
#6911 = AXIS2_PLACEMENT_3D ( 'NONE', #6474, #7183, #7867 ) ;
#6912 = VECTOR ( 'NONE', #5481, 1000.000000000000000 ) ;
#6913 = DIRECTION ( 'NONE',  ( 0.0000000000000000000, 0.0000000000000000000, -1.000000000000000000 ) ) ;
#6914 = DIRECTION ( 'NONE',  ( 0.0000000000000000000, 0.0000000000000000000, -1.000000000000000000 ) ) ;
#6915 = CARTESIAN_POINT ( 'NONE',  ( 2.950000000000007700, 0.2000000000000000100, -5.899999999999997700 ) ) ;
#6916 = EDGE_LOOP ( 'NONE', ( #4807, #1800 ) ) ;
#6917 = FACE_OUTER_BOUND ( 'NONE', #7326, .T. ) ;
#6918 = CARTESIAN_POINT ( 'NONE',  ( 0.0000000000000000000, 21.30000000000000100, 0.0000000000000000000 ) ) ;
#6919 = EDGE_CURVE ( 'NONE', #108, #6868, #3960, .T. ) ;
#6920 = LINE ( 'NONE', #1183, #7246 ) ;
#6921 = DIRECTION ( 'NONE',  ( 0.0000000000000000000, 0.0000000000000000000, 1.000000000000000000 ) ) ;
#6922 = LINE ( 'NONE', #8016, #3653 ) ;
#6923 = CARTESIAN_POINT ( 'NONE',  ( -8.724999999999996100, -1.570000000000000100, -2.299999999999999800 ) ) ;
#6924 = AXIS2_PLACEMENT_3D ( 'NONE', #3989, #1198, #1838 ) ;
#6925 = ORIENTED_EDGE ( 'NONE', *, *, #834, .F. ) ;
#6926 = DIRECTION ( 'NONE',  ( -0.0000000000000000000, 1.000000000000000000, -0.0000000000000000000 ) ) ;
#6927 = DIRECTION ( 'NONE',  ( -0.0000000000000000000, 1.000000000000000000, -0.0000000000000000000 ) ) ;
#6928 = LINE ( 'NONE', #2634, #5238 ) ;
#6929 = EDGE_CURVE ( 'NONE', #3803, #104, #1925, .T. ) ;
#6930 = DIRECTION ( 'NONE',  ( 0.0000000000000000000, 1.000000000000000000, -9.451687981113238900E-017 ) ) ;
#6931 = VECTOR ( 'NONE', #1633, 1000.000000000000000 ) ;
#6932 = CARTESIAN_POINT ( 'NONE',  ( -0.8249999999999924100, 0.3000000000000016500, -11.19999999999999900 ) ) ;
#6933 = DIRECTION ( 'NONE',  ( 1.000000000000000000, -0.0000000000000000000, -0.0000000000000000000 ) ) ;
#6934 = PLANE ( 'NONE',  #8037 ) ;
#6935 = CARTESIAN_POINT ( 'NONE',  ( -8.751794919243108600, 0.1000000000000007000, 2.500000000000000000 ) ) ;
#6936 = ADVANCED_FACE ( 'NONE', ( #8403 ), #5533, .F. ) ;
#6937 = LINE ( 'NONE', #1593, #2161 ) ;
#6938 = VECTOR ( 'NONE', #6747, 1000.000000000000000 ) ;
#6939 = EDGE_CURVE ( 'NONE', #6089, #8378, #135, .T. ) ;
#6940 = CARTESIAN_POINT ( 'NONE',  ( 0.2000000000000070300, 0.6000000000000000900, -5.899999999999997700 ) ) ;
#6941 = DIRECTION ( 'NONE',  ( 0.0000000000000000000, 0.0000000000000000000, 1.000000000000000000 ) ) ;
#6942 = DIRECTION ( 'NONE',  ( 0.0000000000000000000, -1.000000000000000000, 0.0000000000000000000 ) ) ;
#6943 = ORIENTED_EDGE ( 'NONE', *, *, #6524, .F. ) ;
#6944 = CARTESIAN_POINT ( 'NONE',  ( 30.67500000000000800, 0.3000000000000016500, 10.90000000000000000 ) ) ;
#6945 = LINE ( 'NONE', #1544, #166 ) ;
#6946 = LINE ( 'NONE', #6172, #5136 ) ;
#6947 = ADVANCED_FACE ( 'NONE', ( #3641 ), #2635, .F. ) ;
#6948 = SURFACE_STYLE_FILL_AREA ( #3593 ) ;
#6949 = VERTEX_POINT ( 'NONE', #1221 ) ;
#6950 = VERTEX_POINT ( 'NONE', #3324 ) ;
#6951 = EDGE_CURVE ( 'NONE', #302, #1339, #3443, .T. ) ;
#6952 = CARTESIAN_POINT ( 'NONE',  ( -9.560085296108589100, 18.75000000000000400, -2.500000000000000000 ) ) ;
#6953 = ORIENTED_EDGE ( 'NONE', *, *, #1749, .T. ) ;
#6954 = VECTOR ( 'NONE', #6024, 1000.000000000000000 ) ;
#6955 = DIRECTION ( 'NONE',  ( -0.0000000000000000000, -1.000000000000000000, -0.0000000000000000000 ) ) ;
#6956 = COLOUR_RGB ( '',0.0000000000000000000, 0.5882352941176470800, 1.000000000000000000 ) ;
#6957 = EDGE_CURVE ( 'NONE', #626, #8278, #6588, .T. ) ;
#6958 = VERTEX_POINT ( 'NONE', #4554 ) ;
#6959 = ORIENTED_EDGE ( 'NONE', *, *, #8233, .T. ) ;
#6960 = ORIENTED_EDGE ( 'NONE', *, *, #1622, .T. ) ;
#6961 = DIRECTION ( 'NONE',  ( 0.0000000000000000000, 0.0000000000000000000, 1.000000000000000000 ) ) ;
#6962 =( GEOMETRIC_REPRESENTATION_CONTEXT ( 3 ) GLOBAL_UNCERTAINTY_ASSIGNED_CONTEXT ( ( #1847 ) ) GLOBAL_UNIT_ASSIGNED_CONTEXT ( ( #4560, #525, #8623 ) ) REPRESENTATION_CONTEXT ( 'NONE', 'WORKASPACE' ) );
#6963 = CARTESIAN_POINT ( 'NONE',  ( -31.54999999999997900, 21.30000000000000100, 1.925000000000330400 ) ) ;
#6964 = DIRECTION ( 'NONE',  ( 0.0000000000000000000, 0.0000000000000000000, 1.000000000000000000 ) ) ;
#6965 = ORIENTED_EDGE ( 'NONE', *, *, #2018, .T. ) ;
#6966 = CIRCLE ( 'NONE', #7384, 0.1999999999999996500 ) ;
#6967 = DIRECTION ( 'NONE',  ( 0.0000000000000000000, 0.0000000000000000000, -1.000000000000000000 ) ) ;
#6968 = AXIS2_PLACEMENT_3D ( 'NONE', #603, #8189, #6166 ) ;
#6969 = ORIENTED_EDGE ( 'NONE', *, *, #5955, .T. ) ;
#6970 = EDGE_CURVE ( 'NONE', #4883, #2874, #2455, .T. ) ;
#6971 = CARTESIAN_POINT ( 'NONE',  ( -34.12499999999998600, 20.15000000000000200, 2.499999999999999600 ) ) ;
#6972 = ORIENTED_EDGE ( 'NONE', *, *, #6134, .F. ) ;
#6973 = DIRECTION ( 'NONE',  ( 0.0000000000000000000, 1.000000000000000000, 0.0000000000000000000 ) ) ;
#6974 = DIRECTION ( 'NONE',  ( 0.0000000000000000000, 0.0000000000000000000, -1.000000000000000000 ) ) ;
#6975 = AXIS2_PLACEMENT_3D ( 'NONE', #2508, #7934, #2540 ) ;
#6976 = DIRECTION ( 'NONE',  ( -0.0000000000000000000, -1.000000000000000000, -0.0000000000000000000 ) ) ;
#6977 = ORIENTED_EDGE ( 'NONE', *, *, #6383, .T. ) ;
#6978 = EDGE_CURVE ( 'NONE', #1986, #302, #7671, .T. ) ;
#6979 = DIRECTION ( 'NONE',  ( 0.0000000000000000000, 1.000000000000000000, 0.0000000000000000000 ) ) ;
#6980 = EDGE_LOOP ( 'NONE', ( #1661, #4755, #6989, #6796, #2725, #4151 ) ) ;
#6981 = ORIENTED_EDGE ( 'NONE', *, *, #1321, .F. ) ;
#6982 = FACE_OUTER_BOUND ( 'NONE', #1467, .T. ) ;
#6983 = EDGE_LOOP ( 'NONE', ( #8471, #887, #5800, #350, #2453, #6853, #2100, #7995 ) ) ;
#6985 = ADVANCED_FACE ( 'NONE', ( #2139 ), #351, .T. ) ;
#6984 = SURFACE_SIDE_STYLE ('',( #6948 ) ) ;
#6986 = ORIENTED_EDGE ( 'NONE', *, *, #1987, .T. ) ;
#6987 = ORIENTED_EDGE ( 'NONE', *, *, #5437, .T. ) ;
#6988 = EDGE_LOOP ( 'NONE', ( #3305, #15, #1446, #323, #4048, #6087, #1055, #5369, #6211, #1577, #685, #1924, #1950 ) ) ;
#6989 = ORIENTED_EDGE ( 'NONE', *, *, #5681, .F. ) ;
#6990 = EDGE_CURVE ( 'NONE', #7054, #189, #5841, .T. ) ;
#6991 = ORIENTED_EDGE ( 'NONE', *, *, #4071, .T. ) ;
#6992 = ORIENTED_EDGE ( 'NONE', *, *, #8658, .T. ) ;
#6993 = VECTOR ( 'NONE', #3440, 1000.000000000000000 ) ;
#6994 = DIRECTION ( 'NONE',  ( -1.000000000000000000, 0.0000000000000000000, 0.0000000000000000000 ) ) ;
#6995 = ORIENTED_EDGE ( 'NONE', *, *, #8663, .T. ) ;
#6996 = ORIENTED_EDGE ( 'NONE', *, *, #1454, .F. ) ;
#6997 = FACE_OUTER_BOUND ( 'NONE', #5580, .T. ) ;
#6998 = VECTOR ( 'NONE', #1422, 1000.000000000000000 ) ;
#6999 = ORIENTED_EDGE ( 'NONE', *, *, #2044, .T. ) ;
#7000 = DIRECTION ( 'NONE',  ( -0.5000000000000001100, 0.8660254037844387100, -0.0000000000000000000 ) ) ;
#7001 = ORIENTED_EDGE ( 'NONE', *, *, #2120, .T. ) ;
#7002 = PLANE ( 'NONE',  #3205 ) ;
#7003 = AXIS2_PLACEMENT_3D ( 'NONE', #1751, #3096, #4427 ) ;
#7004 = ORIENTED_EDGE ( 'NONE', *, *, #1774, .F. ) ;
#7005 = ORIENTED_EDGE ( 'NONE', *, *, #3885, .F. ) ;
#7006 = CIRCLE ( 'NONE', #8104, 1.100000000000000300 ) ;
#7007 = CYLINDRICAL_SURFACE ( 'NONE', #1444, 0.9999999999999974500 ) ;
#7008 = DIRECTION ( 'NONE',  ( -1.000000000000000000, 0.0000000000000000000, 1.982541115402067900E-014 ) ) ;
#7009 = DIRECTION ( 'NONE',  ( -1.000000000000000000, 0.0000000000000000000, 0.0000000000000000000 ) ) ;
#7010 = AXIS2_PLACEMENT_3D ( 'NONE', #3111, #2428, #7113 ) ;
#7011 = VECTOR ( 'NONE', #8758, 1000.000000000000000 ) ;
#7012 = ORIENTED_EDGE ( 'NONE', *, *, #6589, .F. ) ;
#7013 = AXIS2_PLACEMENT_3D ( 'NONE', #2067, #3500, #2212 ) ;
#7014 = VERTEX_POINT ( 'NONE', #3296 ) ;
#7015 = LINE ( 'NONE', #6723, #4901 ) ;
#7016 = CARTESIAN_POINT ( 'NONE',  ( -0.8249999999999924100, 12.75000000000000400, 5.200000000000002000 ) ) ;
#7017 =( NAMED_UNIT ( * ) SI_UNIT ( $, .STERADIAN. ) SOLID_ANGLE_UNIT ( ) );
#7018 = CARTESIAN_POINT ( 'NONE',  ( -9.560085296108585600, 1.500000000000000400, -2.500000000000000000 ) ) ;
#7019 = EDGE_CURVE ( 'NONE', #1678, #3848, #2243, .T. ) ;
#7020 = CARTESIAN_POINT ( 'NONE',  ( 1.275000000000007500, 0.6000000000000000900, -4.824999999999999300 ) ) ;
#7021 = TOROIDAL_SURFACE ( 'NONE', #3380, 0.4000000000000000200, 0.2000000000000000100 ) ;
#7022 = LINE ( 'NONE', #7601, #8629 ) ;
#7023 = AXIS2_PLACEMENT_3D ( 'NONE', #625, #59, #8185 ) ;
#7024 = VERTEX_POINT ( 'NONE', #8091 ) ;
#7025 = CARTESIAN_POINT ( 'NONE',  ( 35.17500000000001800, 7.587037649811432700, -2.977268792265758400 ) ) ;
#7026 = AXIS2_PLACEMENT_3D ( 'NONE', #5674, #1748, #7216 ) ;
#7027 = CARTESIAN_POINT ( 'NONE',  ( 1.575000000000007300, 0.6999999999999999600, -6.200000000000000200 ) ) ;
#7028 = DIRECTION ( 'NONE',  ( 0.0000000000000000000, 0.0000000000000000000, -1.000000000000000000 ) ) ;
#7029 = DIRECTION ( 'NONE',  ( 1.000000000000000000, -0.0000000000000000000, -0.0000000000000000000 ) ) ;
#7030 = VECTOR ( 'NONE', #7282, 1000.000000000000000 ) ;
#7031 = DIRECTION ( 'NONE',  ( -0.0000000000000000000, -1.000000000000000000, -0.0000000000000000000 ) ) ;
#7032 = FACE_OUTER_BOUND ( 'NONE', #3715, .T. ) ;
#7033 = EDGE_CURVE ( 'NONE', #4349, #2416, #449, .T. ) ;
#7034 = ADVANCED_FACE ( 'NONE', ( #7345 ), #5642, .T. ) ;
#7035 = ORIENTED_EDGE ( 'NONE', *, *, #1821, .F. ) ;
#7036 = DIRECTION ( 'NONE',  ( -0.0000000000000000000, 1.000000000000000000, -0.0000000000000000000 ) ) ;
#7037 = FACE_OUTER_BOUND ( 'NONE', #6442, .T. ) ;
#7038 = CARTESIAN_POINT ( 'NONE',  ( -31.54999999999997200, 21.30000000000000100, 2.275000000000330300 ) ) ;
#7039 = DIRECTION ( 'NONE',  ( 1.000000000000000000, -0.0000000000000000000, 0.0000000000000000000 ) ) ;
#7040 = LINE ( 'NONE', #7843, #6511 ) ;
#7041 = DIRECTION ( 'NONE',  ( -1.000000000000000000, 0.0000000000000000000, 0.0000000000000000000 ) ) ;
#7042 = EDGE_CURVE ( 'NONE', #3614, #2216, #2032, .T. ) ;
#7043 = EDGE_LOOP ( 'NONE', ( #4631, #6686, #5925, #7170 ) ) ;
#7044 = EDGE_CURVE ( 'NONE', #5575, #3293, #8735, .T. ) ;
#7045 = FILL_AREA_STYLE_COLOUR ( '', #4047 ) ;
#7046 = LINE ( 'NONE', #2668, #481 ) ;
#7047 = DIRECTION ( 'NONE',  ( 0.0000000000000000000, 1.000000000000000000, -0.0000000000000000000 ) ) ;
#7048 = CARTESIAN_POINT ( 'NONE',  ( -21.52499999999998800, 1.099999999999999900, -3.500000000000000000 ) ) ;
#7049 = CARTESIAN_POINT ( 'NONE',  ( -29.12499999999998900, 21.30000000000000100, 5.000000000000001800 ) ) ;
#7050 = FACE_OUTER_BOUND ( 'NONE', #7318, .T. ) ;
#7051 = ORIENTED_EDGE ( 'NONE', *, *, #5966, .T. ) ;
#7052 = VECTOR ( 'NONE', #5387, 1000.000000000000000 ) ;
#7053 = DIRECTION ( 'NONE',  ( -0.0000000000000000000, -1.000000000000000000, -0.0000000000000000000 ) ) ;
#7054 = VERTEX_POINT ( 'NONE', #2697 ) ;
#7055 = DIRECTION ( 'NONE',  ( 1.982541115402067900E-014, 0.0000000000000000000, 1.000000000000000000 ) ) ;
#7056 = COLOUR_RGB ( '',0.7921568627450980000, 0.8196078431372548800, 0.9333333333333333500 ) ;
#7057 = AXIS2_PLACEMENT_3D ( 'NONE', #1903, #6647, #2050 ) ;
#7058 = EDGE_LOOP ( 'NONE', ( #1881, #331, #3241, #1537, #8581, #2724, #94, #5207 ) ) ;
#7059 = PLANE ( 'NONE',  #7026 ) ;
#7060 = PLANE ( 'NONE',  #1004 ) ;
#7061 = DIRECTION ( 'NONE',  ( -1.000000000000000000, 0.0000000000000000000, 0.0000000000000000000 ) ) ;
#7062 = DIRECTION ( 'NONE',  ( -0.0000000000000000000, 1.000000000000000000, -0.0000000000000000000 ) ) ;
#7063 = EDGE_LOOP ( 'NONE', ( #5614, #6812, #813, #5268 ) ) ;
#7064 = DIRECTION ( 'NONE',  ( 0.0000000000000000000, 0.0000000000000000000, -1.000000000000000000 ) ) ;
#7065 = VERTEX_POINT ( 'NONE', #2043 ) ;
#7066 = EDGE_CURVE ( 'NONE', #1328, #4299, #2893, .T. ) ;
#7067 = CARTESIAN_POINT ( 'NONE',  ( -34.12499999999998600, 0.1099999999999989900, 3.000000000000002700 ) ) ;
#7068 = DIRECTION ( 'NONE',  ( 0.0000000000000000000, 0.0000000000000000000, -1.000000000000000000 ) ) ;
#7069 = AXIS2_PLACEMENT_3D ( 'NONE', #4080, #6678, #7395 ) ;
#7070 = ADVANCED_FACE ( 'NONE', ( #3850 ), #6826, .T. ) ;
#7071 = DIRECTION ( 'NONE',  ( 0.0000000000000000000, 1.000000000000000000, 0.0000000000000000000 ) ) ;
#7072 = ORIENTED_EDGE ( 'NONE', *, *, #7324, .T. ) ;
#7073 = CIRCLE ( 'NONE', #3805, 0.3999999999999993000 ) ;
#7074 = ORIENTED_EDGE ( 'NONE', *, *, #5479, .T. ) ;
#7075 = CARTESIAN_POINT ( 'NONE',  ( -15.28905213256056000, 8.827138364388078500, 2.500000000000000000 ) ) ;
#7076 = EDGE_CURVE ( 'NONE', #2874, #8301, #7015, .T. ) ;
#7077 = ORIENTED_EDGE ( 'NONE', *, *, #592, .F. ) ;
#7078 = CARTESIAN_POINT ( 'NONE',  ( 16.61500000000000600, 0.6999999999999999600, 9.750000000000000000 ) ) ;
#7079 = DIRECTION ( 'NONE',  ( 0.0000000000000000000, -0.0000000000000000000, -1.000000000000000000 ) ) ;
#7080 = DIRECTION ( 'NONE',  ( -1.000000000000000000, 0.0000000000000000000, 9.912705577010238600E-015 ) ) ;
#7081 = DIRECTION ( 'NONE',  ( -1.000000000000000000, 0.0000000000000000000, 9.912705577010238600E-015 ) ) ;
#7082 = ORIENTED_EDGE ( 'NONE', *, *, #4769, .T. ) ;
#7083 = FACE_OUTER_BOUND ( 'NONE', #3690, .T. ) ;
#7084 = CARTESIAN_POINT ( 'NONE',  ( -6.424999999999996300, 22.02000000000000300, 2.500000000000000000 ) ) ;
#7085 = ORIENTED_EDGE ( 'NONE', *, *, #5671, .F. ) ;
#7086 = CARTESIAN_POINT ( 'NONE',  ( 0.5750000000000076200, 18.75000000000000000, -9.799999999999997200 ) ) ;
#7087 = VERTEX_POINT ( 'NONE', #2723 ) ;
#7088 = VERTEX_POINT ( 'NONE', #5475 ) ;
#7089 = VERTEX_POINT ( 'NONE', #3354 ) ;
#7090 = EDGE_CURVE ( 'NONE', #8469, #3619, #5221, .T. ) ;
#7091 = CARTESIAN_POINT ( 'NONE',  ( 32.67500000000000400, 28.80000000000000100, -8.500000000000000000 ) ) ;
#7092 = CIRCLE ( 'NONE', #7374, 0.9999999999999974500 ) ;
#7093 = CARTESIAN_POINT ( 'NONE',  ( 39.37500000000000000, 7.974999999999999600, -2.500000000000000000 ) ) ;
#7094 = DIRECTION ( 'NONE',  ( -0.0000000000000000000, 0.0000000000000000000, 1.000000000000000000 ) ) ;
#7095 = ORIENTED_EDGE ( 'NONE', *, *, #8693, .F. ) ;
#7096 = VECTOR ( 'NONE', #6652, 1000.000000000000000 ) ;
#7097 = EDGE_LOOP ( 'NONE', ( #6430, #2768, #2496, #337 ) ) ;
#7098 = ORIENTED_EDGE ( 'NONE', *, *, #3107, .T. ) ;
#7099 = EDGE_LOOP ( 'NONE', ( #8792, #5510, #5813, #8169 ) ) ;
#7100 = ORIENTED_EDGE ( 'NONE', *, *, #233, .T. ) ;
#7101 = DIRECTION ( 'NONE',  ( -0.0000000000000000000, 1.000000000000000000, -0.0000000000000000000 ) ) ;
#7102 = DIRECTION ( 'NONE',  ( 1.000000000000000000, -0.0000000000000000000, -0.0000000000000000000 ) ) ;
#7103 = DIRECTION ( 'NONE',  ( -0.0000000000000000000, 1.000000000000000000, -0.0000000000000000000 ) ) ;
#7104 = ORIENTED_EDGE ( 'NONE', *, *, #5206, .F. ) ;
#7105 = VECTOR ( 'NONE', #7707, 1000.000000000000000 ) ;
#7106 = DIRECTION ( 'NONE',  ( 0.0000000000000000000, 0.0000000000000000000, 1.000000000000000000 ) ) ;
#7107 = DIRECTION ( 'NONE',  ( 0.0000000000000000000, 0.0000000000000000000, -1.000000000000000000 ) ) ;
#7108 = PLANE ( 'NONE',  #3150 ) ;
#7109 = CARTESIAN_POINT ( 'NONE',  ( 23.76500000000000400, 19.75000000000000000, 0.0000000000000000000 ) ) ;
#7110 = VERTEX_POINT ( 'NONE', #6165 ) ;
#7111 = CARTESIAN_POINT ( 'NONE',  ( 32.67500000000000400, 18.55000000000000100, 8.500000000000000000 ) ) ;
#7112 = LINE ( 'NONE', #31, #4368 ) ;
#7113 = DIRECTION ( 'NONE',  ( -1.000000000000000000, 0.0000000000000000000, 9.912705577010238600E-015 ) ) ;
#7114 = EDGE_CURVE ( 'NONE', #6479, #1052, #3418, .T. ) ;
#7115 = ADVANCED_FACE ( 'NONE', ( #3196 ), #1329, .F. ) ;
#7116 = CIRCLE ( 'NONE', #2704, 1.900000000000000600 ) ;
#7117 = EDGE_CURVE ( 'NONE', #7196, #1247, #8081, .T. ) ;
#7118 = DIRECTION ( 'NONE',  ( 0.0000000000000000000, 0.0000000000000000000, -1.000000000000000000 ) ) ;
#7119 = ORIENTED_EDGE ( 'NONE', *, *, #93, .T. ) ;
#7120 = ORIENTED_EDGE ( 'NONE', *, *, #347, .F. ) ;
#7121 = DIRECTION ( 'NONE',  ( 0.0000000000000000000, -1.000000000000000000, 9.451687981113238900E-017 ) ) ;
#7122 = VECTOR ( 'NONE', #7506, 1000.000000000000000 ) ;
#7123 = CARTESIAN_POINT ( 'NONE',  ( 1.275000000000007500, 0.6000000000000000900, -6.499999999999999100 ) ) ;
#7124 = AXIS2_PLACEMENT_3D ( 'NONE', #1277, #2557, #1834 ) ;
#7125 = CARTESIAN_POINT ( 'NONE',  ( 1.875000000000007500, 0.6000000000000000900, -5.899999999999997700 ) ) ;
#7126 = DIRECTION ( 'NONE',  ( -0.0000000000000000000, -1.000000000000000000, 0.0000000000000000000 ) ) ;
#7127 = AXIS2_PLACEMENT_3D ( 'NONE', #5851, #506, #8687 ) ;
#7128 = FACE_OUTER_BOUND ( 'NONE', #7956, .T. ) ;
#7129 = LINE ( 'NONE', #5970, #3010 ) ;
#7130 = DIRECTION ( 'NONE',  ( 0.0000000000000000000, 0.0000000000000000000, -1.000000000000000000 ) ) ;
#7131 = PLANE ( 'NONE',  #2039 ) ;
#7132 = CARTESIAN_POINT ( 'NONE',  ( -8.924999999999997200, 20.25000000000000400, -2.300000000000000300 ) ) ;
#7133 = CARTESIAN_POINT ( 'NONE',  ( 3.765000000000005500, 0.0000000000000000000, 8.800000000000000700 ) ) ;
#7134 = CARTESIAN_POINT ( 'NONE',  ( -13.82499999999999400, 0.09999999999999939500, -5.200000000000001100 ) ) ;
#7135 = ORIENTED_EDGE ( 'NONE', *, *, #1895, .T. ) ;
#7136 = EDGE_CURVE ( 'NONE', #2116, #6255, #6813, .T. ) ;
#7137 = TOROIDAL_SURFACE ( 'NONE', #2014, 1.600000000000000800, 0.2999999999999999900 ) ;
#7138 = CARTESIAN_POINT ( 'NONE',  ( -8.724999999999996100, -0.05358983848622472800, -2.500000000000000000 ) ) ;
#7139 = LINE ( 'NONE', #204, #683 ) ;
#7140 = EDGE_LOOP ( 'NONE', ( #8477, #413, #6531, #517, #7829, #111, #1786, #2856 ) ) ;
#7141 = CARTESIAN_POINT ( 'NONE',  ( -6.424999999999996300, 18.75000000000000400, 2.500000000000000000 ) ) ;
#7142 = DIRECTION ( 'NONE',  ( 0.0000000000000000000, -1.000000000000000000, 0.0000000000000000000 ) ) ;
#7143 = PLANE ( 'NONE',  #1212 ) ;
#7144 = CARTESIAN_POINT ( 'NONE',  ( -31.89999999999997700, 25.30000000000000100, 2.275000000000333400 ) ) ;
#7145 = CIRCLE ( 'NONE', #1610, 0.2000000000000005100 ) ;
#7146 = EDGE_CURVE ( 'NONE', #3071, #7966, #5322, .T. ) ;
#7147 = LINE ( 'NONE', #6397, #8754 ) ;
#7148 = CARTESIAN_POINT ( 'NONE',  ( -0.8249999999999924100, 0.0000000000000000000, -10.90000000000000200 ) ) ;
#7149 = ORIENTED_EDGE ( 'NONE', *, *, #79, .F. ) ;
#7150 = DIRECTION ( 'NONE',  ( 0.0000000000000000000, -0.0000000000000000000, 1.000000000000000000 ) ) ;
#7151 = LINE ( 'NONE', #5302, #6836 ) ;
#7152 = FACE_OUTER_BOUND ( 'NONE', #5590, .T. ) ;
#7153 = DIRECTION ( 'NONE',  ( 0.0000000000000000000, -1.000000000000000000, 0.0000000000000000000 ) ) ;
#7154 = VECTOR ( 'NONE', #3638, 1000.000000000000000 ) ;
#7155 = EDGE_LOOP ( 'NONE', ( #612, #3261, #7451, #7308 ) ) ;
#7156 = EDGE_CURVE ( 'NONE', #1872, #4592, #246, .T. ) ;
#7157 = DIRECTION ( 'NONE',  ( -1.000000000000000000, 0.0000000000000000000, 0.0000000000000000000 ) ) ;
#7158 = DIRECTION ( 'NONE',  ( 7.350523203291556200E-017, 0.0000000000000000000, 1.000000000000000000 ) ) ;
#7159 = CARTESIAN_POINT ( 'NONE',  ( -11.82499999999999200, 1.499999999999999600, -5.200000000000000200 ) ) ;
#7161 = ADVANCED_FACE ( 'NONE', ( #6917 ), #7870, .T. ) ;
#7160 = CARTESIAN_POINT ( 'NONE',  ( -31.90000000000002000, 25.30000000000000100, -1.924999999999666300 ) ) ;
#7162 = PLANE ( 'NONE',  #8548 ) ;
#7163 = LINE ( 'NONE', #7598, #4936 ) ;
#7164 = VECTOR ( 'NONE', #2849, 1000.000000000000000 ) ;
#7165 = ORIENTED_EDGE ( 'NONE', *, *, #4469, .T. ) ;
#7166 = AXIS2_PLACEMENT_3D ( 'NONE', #5066, #4307, #1679 ) ;
#7167 = ORIENTED_EDGE ( 'NONE', *, *, #3979, .T. ) ;
#7168 = CARTESIAN_POINT ( 'NONE',  ( 25.73159604392972000, 27.40000000000000200, 1.849999999999999400 ) ) ;
#7169 = CARTESIAN_POINT ( 'NONE',  ( 39.37500000000000000, 10.77500000000000000, -1.900000000000000100 ) ) ;
#7170 = ORIENTED_EDGE ( 'NONE', *, *, #1074, .T. ) ;
#7171 = CARTESIAN_POINT ( 'NONE',  ( -11.82499999999999200, 12.75000000000000400, 5.200000000000002000 ) ) ;
#7172 = LINE ( 'NONE', #2858, #4310 ) ;
#7173 = PLANE ( 'NONE',  #1037 ) ;
#7174 = CARTESIAN_POINT ( 'NONE',  ( 30.67500000000000800, 0.3000000000000016500, 6.700000000000000200 ) ) ;
#7175 = ORIENTED_EDGE ( 'NONE', *, *, #6035, .T. ) ;
#7176 = DIRECTION ( 'NONE',  ( 1.000000000000000000, -0.0000000000000000000, -0.0000000000000000000 ) ) ;
#7177 = CARTESIAN_POINT ( 'NONE',  ( -6.624999999999996400, 1.500000000000000400, 2.299999999999999800 ) ) ;
#7178 = VERTEX_POINT ( 'NONE', #8711 ) ;
#7179 = AXIS2_PLACEMENT_3D ( 'NONE', #5643, #8426, #6974 ) ;
#7180 = MANIFOLD_SOLID_BREP ( 'Header Contact [1]', #7460 ) ;
#7181 = ORIENTED_EDGE ( 'NONE', *, *, #148, .F. ) ;
#7182 = CIRCLE ( 'NONE', #4414, 1.495000000000005700 ) ;
#7183 = DIRECTION ( 'NONE',  ( -0.0000000000000000000, -1.000000000000000000, -0.0000000000000000000 ) ) ;
#7184 = AXIS2_PLACEMENT_3D ( 'NONE', #2606, #1980, #7414 ) ;
#7185 = DIRECTION ( 'NONE',  ( -0.0000000000000000000, -0.0000000000000000000, 1.000000000000000000 ) ) ;
#7186 = ORIENTED_EDGE ( 'NONE', *, *, #5733, .T. ) ;
#7187 = DIRECTION ( 'NONE',  ( 0.0000000000000000000, 0.0000000000000000000, -1.000000000000000000 ) ) ;
#7188 = EDGE_CURVE ( 'NONE', #7401, #4550, #4461, .T. ) ;
#7189 = CARTESIAN_POINT ( 'NONE',  ( -8.724999999999996100, 21.82000000000000700, 2.500000000000000000 ) ) ;
#7190 = ORIENTED_EDGE ( 'NONE', *, *, #8008, .T. ) ;
#7191 = DIRECTION ( 'NONE',  ( 0.0000000000000000000, 0.0000000000000000000, 1.000000000000000000 ) ) ;
#7192 = DIRECTION ( 'NONE',  ( -0.5000000000000010000, 0.8660254037844381500, 0.0000000000000000000 ) ) ;
#7193 = DIRECTION ( 'NONE',  ( -1.000000000000000000, 0.0000000000000000000, 0.0000000000000000000 ) ) ;
#7194 = CARTESIAN_POINT ( 'NONE',  ( -16.02499999999999100, 0.09999999999999989500, 3.500000000000000000 ) ) ;
#7195 = EDGE_LOOP ( 'NONE', ( #8021, #7005, #3553, #2679 ) ) ;
#7196 = VERTEX_POINT ( 'NONE', #797 ) ;
#7197 = DIRECTION ( 'NONE',  ( -0.0000000000000000000, 1.000000000000000000, -0.0000000000000000000 ) ) ;
#7198 = AXIS2_PLACEMENT_3D ( 'NONE', #4182, #2750, #2155 ) ;
#7199 = ORIENTED_EDGE ( 'NONE', *, *, #5328, .T. ) ;
#7200 = VECTOR ( 'NONE', #5016, 1000.000000000000000 ) ;
#7201 = EDGE_CURVE ( 'NONE', #1655, #2454, #7112, .T. ) ;
#7202 = CARTESIAN_POINT ( 'NONE',  ( -8.724999999999996100, 0.0000000000000000000, 2.500000000000000000 ) ) ;
#7203 = EDGE_LOOP ( 'NONE', ( #3036, #5916, #7199, #860 ) ) ;
#7204 = ORIENTED_EDGE ( 'NONE', *, *, #3283, .F. ) ;
#7205 = ORIENTED_EDGE ( 'NONE', *, *, #5261, .F. ) ;
#7206 = DIRECTION ( 'NONE',  ( 0.0000000000000000000, 0.0000000000000000000, 1.000000000000000000 ) ) ;
#7207 = ORIENTED_EDGE ( 'NONE', *, *, #6458, .T. ) ;
#7208 = ORIENTED_EDGE ( 'NONE', *, *, #8781, .T. ) ;
#7209 = DIRECTION ( 'NONE',  ( 0.0000000000000000000, 0.0000000000000000000, 1.000000000000000000 ) ) ;
#7210 = VERTEX_POINT ( 'NONE', #5494 ) ;
#7211 = LINE ( 'NONE', #3827, #5930 ) ;
#7212 = ADVANCED_FACE ( 'NONE', ( #4051 ), #115, .F. ) ;
#7213 = EDGE_LOOP ( 'NONE', ( #651, #7733, #5330, #1773 ) ) ;
#7214 = VECTOR ( 'NONE', #2224, 1000.000000000000000 ) ;
#7215 = ORIENTED_EDGE ( 'NONE', *, *, #8492, .T. ) ;
#7216 = DIRECTION ( 'NONE',  ( 0.0000000000000000000, -0.0000000000000000000, -1.000000000000000000 ) ) ;
#7217 = EDGE_CURVE ( 'NONE', #3293, #6856, #7860, .T. ) ;
#7218 = CARTESIAN_POINT ( 'NONE',  ( 3.765000000000007700, 0.0000000000000000000, -8.800000000000000700 ) ) ;
#7219 = EDGE_LOOP ( 'NONE', ( #6572, #7847, #4760, #604 ) ) ;
#7220 = DIRECTION ( 'NONE',  ( 0.0000000000000000000, -0.0000000000000000000, 1.000000000000000000 ) ) ;
#7221 = EDGE_CURVE ( 'NONE', #8604, #4400, #3306, .T. ) ;
#7222 = DIRECTION ( 'NONE',  ( -1.000000000000000000, 0.0000000000000000000, 0.0000000000000000000 ) ) ;
#7223 = EDGE_LOOP ( 'NONE', ( #6663, #4139, #7754, #1675 ) ) ;
#7224 = CIRCLE ( 'NONE', #6733, 0.9999999999999995600 ) ;
#7225 = FACE_OUTER_BOUND ( 'NONE', #8370, .T. ) ;
#7226 = CARTESIAN_POINT ( 'NONE',  ( 0.0000000000000000000, 25.30000000000000100, 0.0000000000000000000 ) ) ;
#7227 = CARTESIAN_POINT ( 'NONE',  ( 34.87500000000000700, 18.44999999999999900, -6.700000000000000200 ) ) ;
#7228 = DIRECTION ( 'NONE',  ( 0.0000000000000000000, 0.0000000000000000000, 1.000000000000000000 ) ) ;
#7229 = DIRECTION ( 'NONE',  ( 1.000000000000000000, 0.0000000000000000000, -2.710505431213754200E-016 ) ) ;
#7230 = EDGE_CURVE ( 'NONE', #923, #4379, #8192, .T. ) ;
#7231 = LINE ( 'NONE', #4163, #5418 ) ;
#7232 = ORIENTED_EDGE ( 'NONE', *, *, #7274, .F. ) ;
#7233 = EDGE_LOOP ( 'NONE', ( #4640, #1702, #1174, #2113 ) ) ;
#7234 = FACE_OUTER_BOUND ( 'NONE', #4875, .T. ) ;
#7235 = DIRECTION ( 'NONE',  ( 0.0000000000000000000, 0.0000000000000000000, 1.000000000000000000 ) ) ;
#7236 = DIRECTION ( 'NONE',  ( 0.0000000000000000000, -1.000000000000000000, 0.0000000000000000000 ) ) ;
#7237 = PLANE ( 'NONE',  #6331 ) ;
#7238 = AXIS2_PLACEMENT_3D ( 'NONE', #7835, #1022, #3762 ) ;
#7239 = CARTESIAN_POINT ( 'NONE',  ( 34.87500000000000700, 0.3000000000000016500, -6.700000000000000200 ) ) ;
#7240 = LINE ( 'NONE', #1715, #8196 ) ;
#7241 = DIRECTION ( 'NONE',  ( -0.0000000000000000000, 1.000000000000000000, -0.0000000000000000000 ) ) ;
#7242 = CARTESIAN_POINT ( 'NONE',  ( 23.76500000000000400, 19.75000000000000000, 2.700000000000001100 ) ) ;
#7243 = AXIS2_PLACEMENT_3D ( 'NONE', #1513, #6973, #6342 ) ;
#7244 = VECTOR ( 'NONE', #7634, 1000.000000000000000 ) ;
#7245 = EDGE_CURVE ( 'NONE', #1782, #2577, #8076, .T. ) ;
#7246 = VECTOR ( 'NONE', #8631, 1000.000000000000000 ) ;
#7247 = CARTESIAN_POINT ( 'NONE',  ( -26.62499999999998900, 16.72320809022047400, 6.000000000000000000 ) ) ;
#7248 = CARTESIAN_POINT ( 'NONE',  ( 23.76500000000000400, 0.0000000000000000000, -2.700000000000001100 ) ) ;
#7249 = VECTOR ( 'NONE', #6592, 1000.000000000000000 ) ;
#7250 = AXIS2_PLACEMENT_3D ( 'NONE', #3760, #5170, #3037 ) ;
#7251 = AXIS2_PLACEMENT_3D ( 'NONE', #982, #6405, #2333 ) ;
#7252 = DIRECTION ( 'NONE',  ( 1.000000000000000000, 0.0000000000000000000, -9.912705577010238600E-015 ) ) ;
#7253 = VECTOR ( 'NONE', #3562, 1000.000000000000100 ) ;
#7254 = DIRECTION ( 'NONE',  ( 0.0000000000000000000, 0.0000000000000000000, 1.000000000000000000 ) ) ;
#7256 = ADVANCED_FACE ( 'NONE', ( #6485 ), #4671, .T. ) ;
#7255 = DIRECTION ( 'NONE',  ( 1.982541115402067900E-014, 0.0000000000000000000, 1.000000000000000000 ) ) ;
#7257 = CARTESIAN_POINT ( 'NONE',  ( 32.67500000000000400, 0.0000000000000000000, 9.499999999999998200 ) ) ;
#7258 = LINE ( 'NONE', #2450, #2362 ) ;
#7259 = EDGE_CURVE ( 'NONE', #3487, #7560, #3518, .T. ) ;
#7260 = ORIENTED_EDGE ( 'NONE', *, *, #4092, .T. ) ;
#7261 = DIRECTION ( 'NONE',  ( -1.000000000000000000, -0.0000000000000000000, -0.0000000000000000000 ) ) ;
#7262 = DIRECTION ( 'NONE',  ( 0.0000000000000000000, 0.0000000000000000000, 1.000000000000000000 ) ) ;
#7263 = AXIS2_PLACEMENT_3D ( 'NONE', #2570, #5912, #7314 ) ;
#7264 = LINE ( 'NONE', #4915, #6194 ) ;
#7265 = DIRECTION ( 'NONE',  ( -1.982541115402067600E-014, 0.0000000000000000000, -1.000000000000000000 ) ) ;
#7266 = CARTESIAN_POINT ( 'NONE',  ( -31.90000000000004100, 21.30000000000000100, -3.674999999999665900 ) ) ;
#7267 = ADVANCED_FACE ( 'NONE', ( #1288 ), #742, .T. ) ;
#7268 = EDGE_CURVE ( 'NONE', #6363, #4124, #1558, .T. ) ;
#7269 = ORIENTED_EDGE ( 'NONE', *, *, #5146, .T. ) ;
#7270 = LINE ( 'NONE', #8369, #4096 ) ;
#7271 = ORIENTED_EDGE ( 'NONE', *, *, #787, .T. ) ;
#7272 = DIRECTION ( 'NONE',  ( 0.0000000000000000000, 0.0000000000000000000, -1.000000000000000000 ) ) ;
#7273 = FILL_AREA_STYLE ('',( #560 ) ) ;
#7274 = EDGE_CURVE ( 'NONE', #7700, #2577, #6267, .T. ) ;
#7275 = CARTESIAN_POINT ( 'NONE',  ( -16.02499999999999100, 1.099999999999999900, -4.500000000000000900 ) ) ;
#7276 = DIRECTION ( 'NONE',  ( -0.0000000000000000000, -0.0000000000000000000, 1.000000000000000000 ) ) ;
#7277 = VECTOR ( 'NONE', #4643, 1000.000000000000000 ) ;
#7278 = VERTEX_POINT ( 'NONE', #5527 ) ;
#7279 = DIRECTION ( 'NONE',  ( 0.0000000000000000000, 0.0000000000000000000, -1.000000000000000000 ) ) ;
#7280 = PLANE ( 'NONE',  #8560 ) ;
#7281 = CARTESIAN_POINT ( 'NONE',  ( -0.8249999999999924100, 18.75000000000000000, 5.200000000000002000 ) ) ;
#7282 = DIRECTION ( 'NONE',  ( 0.0000000000000000000, 8.340016711426954100E-017, 1.000000000000000000 ) ) ;
#7283 = ORIENTED_EDGE ( 'NONE', *, *, #4296, .T. ) ;
#7284 = ORIENTED_EDGE ( 'NONE', *, *, #499, .T. ) ;
#7285 = FACE_OUTER_BOUND ( 'NONE', #6453, .T. ) ;
#7286 = EDGE_CURVE ( 'NONE', #6950, #2875, #7663, .T. ) ;
#7287 = CARTESIAN_POINT ( 'NONE',  ( 1.275000000000007500, 0.2000000000000000100, 4.824999999999999300 ) ) ;
#7288 = CARTESIAN_POINT ( 'NONE',  ( -26.62499999999998900, 25.89999999999999900, 5.999999999999999100 ) ) ;
#7289 = DIRECTION ( 'NONE',  ( -0.0000000000000000000, -1.000000000000000000, -0.0000000000000000000 ) ) ;
#7290 = ORIENTED_EDGE ( 'NONE', *, *, #6224, .F. ) ;
#7291 = EDGE_CURVE ( 'NONE', #5870, #5680, #4784, .T. ) ;
#7292 = FACE_OUTER_BOUND ( 'NONE', #4992, .T. ) ;
#7293 = ADVANCED_FACE ( 'NONE', ( #2667, #862 ), #8321, .T. ) ;
#7294 = CARTESIAN_POINT ( 'NONE',  ( -31.54999999999998600, 21.30000000000000100, 0.8750000000003299600 ) ) ;
#7295 = ORIENTED_EDGE ( 'NONE', *, *, #2374, .T. ) ;
#7296 = ORIENTED_EDGE ( 'NONE', *, *, #4678, .T. ) ;
#7297 = DIRECTION ( 'NONE',  ( -1.000000000000000000, 0.0000000000000000000, 0.0000000000000000000 ) ) ;
#7298 = AXIS2_PLACEMENT_3D ( 'NONE', #30, #2714, #7463 ) ;
#7299 = DIRECTION ( 'NONE',  ( -0.0000000000000000000, -1.000000000000000000, -0.0000000000000000000 ) ) ;
#7300 = VERTEX_POINT ( 'NONE', #7583 ) ;
#7301 = DIRECTION ( 'NONE',  ( 0.0000000000000000000, -1.000000000000000000, 0.0000000000000000000 ) ) ;
#7302 = LINE ( 'NONE', #5074, #5706 ) ;
#7303 = CARTESIAN_POINT ( 'NONE',  ( 0.0000000000000000000, 21.30000000000000100, 0.0000000000000000000 ) ) ;
#7304 = EDGE_CURVE ( 'NONE', #1948, #8789, #6056, .T. ) ;
#7305 = ORIENTED_EDGE ( 'NONE', *, *, #1753, .F. ) ;
#7306 = CARTESIAN_POINT ( 'NONE',  ( 1.875000000000007500, 0.6000000000000000900, 6.499999999999999100 ) ) ;
#7307 = EDGE_CURVE ( 'NONE', #6466, #2659, #6377, .T. ) ;
#7308 = ORIENTED_EDGE ( 'NONE', *, *, #1281, .T. ) ;
#7309 = ADVANCED_FACE ( 'NONE', ( #3948 ), #967, .F. ) ;
#7310 = EDGE_LOOP ( 'NONE', ( #4214, #8587, #5405, #2510 ) ) ;
#7311 = DIRECTION ( 'NONE',  ( 0.0000000000000000000, 1.000000000000000000, 0.0000000000000000000 ) ) ;
#7312 = ORIENTED_EDGE ( 'NONE', *, *, #2474, .F. ) ;
#7313 = FILL_AREA_STYLE_COLOUR ( '', #226 ) ;
#7314 = DIRECTION ( 'NONE',  ( 0.0000000000000000000, -1.000000000000000000, 2.125886612716674300E-017 ) ) ;
#7315 = AXIS2_PLACEMENT_3D ( 'NONE', #5911, #1788, #3189 ) ;
#7316 = VECTOR ( 'NONE', #4319, 1000.000000000000000 ) ;
#7317 = CARTESIAN_POINT ( 'NONE',  ( 12.76500000000000600, -1.770000000000000000, -1.490000000000001300 ) ) ;
#7318 = EDGE_LOOP ( 'NONE', ( #2281, #1680, #8459, #4337 ) ) ;
#7319 = AXIS2_PLACEMENT_3D ( 'NONE', #8707, #5281, #7297 ) ;
#7320 = ORIENTED_EDGE ( 'NONE', *, *, #1283, .T. ) ;
#7321 = ORIENTED_EDGE ( 'NONE', *, *, #7217, .F. ) ;
#7322 = ORIENTED_EDGE ( 'NONE', *, *, #3243, .F. ) ;
#7323 = ORIENTED_EDGE ( 'NONE', *, *, #4587, .T. ) ;
#7324 = EDGE_CURVE ( 'NONE', #4323, #6133, #3737, .T. ) ;
#7325 = CARTESIAN_POINT ( 'NONE',  ( -34.12499999999998600, 16.72320809022047400, -6.000000000000000000 ) ) ;
#7326 = EDGE_LOOP ( 'NONE', ( #5932, #244, #1887, #3058, #4646, #744, #7072, #7334 ) ) ;
#7327 = CIRCLE ( 'NONE', #8397, 5.999999999999999100 ) ;
#7328 = CARTESIAN_POINT ( 'NONE',  ( 1.575000000000008800, 0.0000000000000000000, -6.200000000000000200 ) ) ;
#7329 = VECTOR ( 'NONE', #8251, 1000.000000000000000 ) ;
#7330 = CARTESIAN_POINT ( 'NONE',  ( 35.67500000000001100, 7.974999999999999600, 2.508392021690040600 ) ) ;
#7331 = CARTESIAN_POINT ( 'NONE',  ( 12.76500000000000600, -1.270000000000000000, 1.990000000000001300 ) ) ;
#7332 = ORIENTED_EDGE ( 'NONE', *, *, #391, .T. ) ;
#7333 = FACE_OUTER_BOUND ( 'NONE', #5971, .T. ) ;
#7334 = ORIENTED_EDGE ( 'NONE', *, *, #6867, .T. ) ;
#7335 = VERTEX_POINT ( 'NONE', #4958 ) ;
#7336 = PLANE ( 'NONE',  #7875 ) ;
#7337 = ORIENTED_EDGE ( 'NONE', *, *, #3574, .T. ) ;
#7338 = CIRCLE ( 'NONE', #3673, 6.000000000000000000 ) ;
#7339 = EDGE_CURVE ( 'NONE', #3599, #2012, #5634, .T. ) ;
#7340 = DIRECTION ( 'NONE',  ( 0.0000000000000000000, -0.0000000000000000000, -1.000000000000000000 ) ) ;
#7341 = PLANE ( 'NONE',  #6542 ) ;
#7342 = VECTOR ( 'NONE', #8514, 1000.000000000000000 ) ;
#7343 = EDGE_LOOP ( 'NONE', ( #7836, #5280, #4209, #4656 ) ) ;
#7344 = ORIENTED_EDGE ( 'NONE', *, *, #1440, .T. ) ;
#7345 = FACE_OUTER_BOUND ( 'NONE', #6720, .T. ) ;
#7346 = DIRECTION ( 'NONE',  ( -1.000000000000000000, 0.0000000000000000000, 0.0000000000000000000 ) ) ;
#7347 = ADVANCED_FACE ( 'NONE', ( #559 ), #5837, .T. ) ;
#7348 = AXIS2_PLACEMENT_3D ( 'NONE', #2518, #1833, #8639 ) ;
#7349 = CARTESIAN_POINT ( 'NONE',  ( 0.0000000000000000000, 0.0000000000000000000, 2.500000000000000000 ) ) ;
#7350 =( BOUNDED_CURVE ( )  B_SPLINE_CURVE ( 3, ( #4537, #6597, #406, #2476 ),
 .UNSPECIFIED., .F., .F. ) 
 B_SPLINE_CURVE_WITH_KNOTS ( ( 4, 4 ),
 ( 0.0000000000000000000, 1.570796326794903900 ),
 .UNSPECIFIED. ) 
 CURVE ( )  GEOMETRIC_REPRESENTATION_ITEM ( )  RATIONAL_B_SPLINE_CURVE ( ( 1.000000000000000000, 0.8047378541243631600, 0.8047378541243631600, 1.000000000000000000 ) ) 
 REPRESENTATION_ITEM ( '' )  );
#7351 = FACE_OUTER_BOUND ( 'NONE', #4661, .T. ) ;
#7352 = DIRECTION ( 'NONE',  ( 0.0000000000000000000, -9.451687981113238900E-017, -1.000000000000000000 ) ) ;
#7353 = VECTOR ( 'NONE', #6419, 1000.000000000000000 ) ;
#7354 =( LENGTH_UNIT ( ) NAMED_UNIT ( * ) SI_UNIT ( .MILLI., .METRE. ) );
#7355 = ORIENTED_EDGE ( 'NONE', *, *, #3979, .F. ) ;
#7356 = DIRECTION ( 'NONE',  ( -0.0000000000000000000, 0.0000000000000000000, -1.000000000000000000 ) ) ;
#7357 = AXIS2_PLACEMENT_3D ( 'NONE', #353, #7153, #326 ) ;
#7359 = ADVANCED_FACE ( 'NONE', ( #660 ), #7554, .T. ) ;
#7358 = DIRECTION ( 'NONE',  ( 0.0000000000000000000, 1.000000000000000000, 0.0000000000000000000 ) ) ;
#7360 = CARTESIAN_POINT ( 'NONE',  ( 23.76500000000000400, -8.650000000000000400, 0.0000000000000000000 ) ) ;
#7361 = DIRECTION ( 'NONE',  ( 0.0000000000000000000, -1.000000000000000000, 0.0000000000000000000 ) ) ;
#7362 = AXIS2_PLACEMENT_3D ( 'NONE', #4798, #752, #3533 ) ;
#7363 = VECTOR ( 'NONE', #1438, 1000.000000000000000 ) ;
#7364 = VECTOR ( 'NONE', #4882, 1000.000000000000100 ) ;
#7365 = CARTESIAN_POINT ( 'NONE',  ( 0.2000000000000070300, 0.2000000000000000100, -6.499999999999998200 ) ) ;
#7366 = EDGE_LOOP ( 'NONE', ( #5203, #1064, #5181 ) ) ;
#7367 = EDGE_CURVE ( 'NONE', #5720, #4009, #2233, .T. ) ;
#7368 = CARTESIAN_POINT ( 'NONE',  ( 1.875000000000007500, 0.2000000000000000100, 4.824999999999999300 ) ) ;
#7369 = DIRECTION ( 'NONE',  ( 0.0000000000000000000, 0.0000000000000000000, -1.000000000000000000 ) ) ;
#7370 = DIRECTION ( 'NONE',  ( 1.000000000000000000, 0.0000000000000000000, -0.0000000000000000000 ) ) ;
#7371 = FACE_OUTER_BOUND ( 'NONE', #4618, .T. ) ;
#7372 = CARTESIAN_POINT ( 'NONE',  ( -31.90000000000003400, 25.30000000000000100, -3.324999999999666200 ) ) ;
#7373 = ORIENTED_EDGE ( 'NONE', *, *, #2886, .F. ) ;
#7374 = AXIS2_PLACEMENT_3D ( 'NONE', #575, #1245, #3291 ) ;
#7375 = DIRECTION ( 'NONE',  ( 0.0000000000000000000, 0.0000000000000000000, -1.000000000000000000 ) ) ;
#7376 = CARTESIAN_POINT ( 'NONE',  ( -11.82499999999999200, 12.75000000000000400, 12.06410161513776000 ) ) ;
#7377 = CARTESIAN_POINT ( 'NONE',  ( 35.77500000000001300, 7.974999999999999600, 2.499999999999999600 ) ) ;
#7378 = FACE_OUTER_BOUND ( 'NONE', #1842, .T. ) ;
#7379 = CARTESIAN_POINT ( 'NONE',  ( 1.875000000000007500, 0.6000000000000000900, 4.824999999999999300 ) ) ;
#7380 = EDGE_CURVE ( 'NONE', #1155, #228, #6909, .T. ) ;
#7381 = FACE_OUTER_BOUND ( 'NONE', #3269, .T. ) ;
#7382 = FACE_OUTER_BOUND ( 'NONE', #327, .T. ) ;
#7383 = VERTEX_POINT ( 'NONE', #4283 ) ;
#7384 = AXIS2_PLACEMENT_3D ( 'NONE', #1607, #7676, #4373 ) ;
#7385 = CIRCLE ( 'NONE', #1582, 2.700000000000001100 ) ;
#7386 = FACE_OUTER_BOUND ( 'NONE', #4722, .T. ) ;
#7387 = ORIENTED_EDGE ( 'NONE', *, *, #6612, .T. ) ;
#7388 = DIRECTION ( 'NONE',  ( 1.000000000000000000, 0.0000000000000000000, -1.982541115402067900E-014 ) ) ;
#7389 = EDGE_CURVE ( 'NONE', #4941, #1948, #7443, .T. ) ;
#7390 = ADVANCED_FACE ( 'NONE', ( #2129 ), #5018, .T. ) ;
#7391 = ORIENTED_EDGE ( 'NONE', *, *, #7307, .T. ) ;
#7392 = DIRECTION ( 'NONE',  ( 0.0000000000000000000, 0.0000000000000000000, -1.000000000000000000 ) ) ;
#7393 = VERTEX_POINT ( 'NONE', #6355 ) ;
#7394 = CIRCLE ( 'NONE', #6006, 2.700000000000001100 ) ;
#7395 = DIRECTION ( 'NONE',  ( 0.0000000000000000000, 0.0000000000000000000, 1.000000000000000000 ) ) ;
#7396 = ORIENTED_EDGE ( 'NONE', *, *, #4045, .T. ) ;
#7397 = DIRECTION ( 'NONE',  ( 0.0000000000000000000, 0.0000000000000000000, 1.000000000000000000 ) ) ;
#7398 = DIRECTION ( 'NONE',  ( 0.0000000000000000000, 0.0000000000000000000, 1.000000000000000000 ) ) ;
#7399 = ORIENTED_EDGE ( 'NONE', *, *, #1111, .T. ) ;
#7400 = ADVANCED_FACE ( 'NONE', ( #1695 ), #4559, .F. ) ;
#7401 = VERTEX_POINT ( 'NONE', #6238 ) ;
#7402 = VECTOR ( 'NONE', #7236, 1000.000000000000000 ) ;
#7403 = DIRECTION ( 'NONE',  ( -0.0000000000000000000, 1.000000000000000000, -0.0000000000000000000 ) ) ;
#7404 = CARTESIAN_POINT ( 'NONE',  ( 23.76500000000000400, 27.40000000000000200, 0.0000000000000000000 ) ) ;
#7405 = ORIENTED_EDGE ( 'NONE', *, *, #1132, .T. ) ;
#7406 = CARTESIAN_POINT ( 'NONE',  ( -8.724999999999996100, 21.82000000000000700, -2.500000000000000000 ) ) ;
#7407 = PRESENTATION_LAYER_ASSIGNMENT (  '', '', ( #7855 ) ) ;
#7408 = DIRECTION ( 'NONE',  ( 0.0000000000000000000, 0.0000000000000000000, 1.000000000000000000 ) ) ;
#7409 = ORIENTED_EDGE ( 'NONE', *, *, #6849, .T. ) ;
#7410 = EDGE_CURVE ( 'NONE', #953, #8704, #7338, .T. ) ;
#7411 = CARTESIAN_POINT ( 'NONE',  ( -34.12499999999998600, 9.229210492142396300, 1.301042606982605300E-015 ) ) ;
#7412 = ORIENTED_EDGE ( 'NONE', *, *, #5898, .T. ) ;
#7413 = CARTESIAN_POINT ( 'NONE',  ( 0.0000000000000000000, 0.6999999999999999600, 0.0000000000000000000 ) ) ;
#7414 = DIRECTION ( 'NONE',  ( 0.0000000000000000000, 0.0000000000000000000, -1.000000000000000000 ) ) ;
#7415 = EDGE_CURVE ( 'NONE', #7278, #5499, #5525, .T. ) ;
#7416 = PLANE ( 'NONE',  #6506 ) ;
#7417 = ORIENTED_EDGE ( 'NONE', *, *, #412, .T. ) ;
#7418 = LINE ( 'NONE', #6066, #6344 ) ;
#7419 = AXIS2_PLACEMENT_3D ( 'NONE', #6113, #2682, #6018 ) ;
#7420 = ORIENTED_EDGE ( 'NONE', *, *, #8077, .T. ) ;
#7421 = ORIENTED_EDGE ( 'NONE', *, *, #7217, .T. ) ;
#7422 = SURFACE_SIDE_STYLE ('',( #6873 ) ) ;
#7423 = AXIS2_PLACEMENT_3D ( 'NONE', #5142, #5909, #7191 ) ;
#7424 = CARTESIAN_POINT ( 'NONE',  ( 39.97500000000000100, 10.77500000000000000, 1.900000000000000100 ) ) ;
#7425 = CARTESIAN_POINT ( 'NONE',  ( 35.67500000000001100, 10.77500000000000000, -2.508392021690040600 ) ) ;
#7426 = ORIENTED_EDGE ( 'NONE', *, *, #5444, .F. ) ;
#7427 = PLANE ( 'NONE',  #4791 ) ;
#7428 = ORIENTED_EDGE ( 'NONE', *, *, #6303, .T. ) ;
#7429 = LINE ( 'NONE', #8146, #2431 ) ;
#7430 = CARTESIAN_POINT ( 'NONE',  ( -6.624999999999996400, -1.570000000000000100, -2.300000000000000300 ) ) ;
#7431 = EDGE_CURVE ( 'NONE', #4566, #2828, #1915, .T. ) ;
#7432 = ORIENTED_EDGE ( 'NONE', *, *, #6809, .T. ) ;
#7433 = EDGE_LOOP ( 'NONE', ( #4317, #1969, #4833, #164 ) ) ;
#7434 = VECTOR ( 'NONE', #1617, 1000.000000000000000 ) ;
#7435 = VECTOR ( 'NONE', #7691, 1000.000000000000000 ) ;
#7436 = ORIENTED_EDGE ( 'NONE', *, *, #3161, .T. ) ;
#7437 = CARTESIAN_POINT ( 'NONE',  ( -29.52499999999998800, 25.89999999999999900, -4.600000000000000500 ) ) ;
#7438 = VERTEX_POINT ( 'NONE', #5700 ) ;
#7439 = ADVANCED_FACE ( 'NONE', ( #6696 ), #2170, .F. ) ;
#7440 = DIRECTION ( 'NONE',  ( -0.0000000000000000000, 1.000000000000000000, 0.0000000000000000000 ) ) ;
#7441 = ORIENTED_EDGE ( 'NONE', *, *, #2958, .T. ) ;
#7442 = CYLINDRICAL_SURFACE ( 'NONE', #3100, 0.2999999999999999300 ) ;
#7443 = LINE ( 'NONE', #3650, #1187 ) ;
#7444 = EDGE_CURVE ( 'NONE', #2226, #6010, #4893, .T. ) ;
#7446 = ADVANCED_FACE ( 'NONE', ( #1489 ), #3087, .T. ) ;
#7445 = CARTESIAN_POINT ( 'NONE',  ( 1.575000000000007300, 0.5000000000000000000, -6.200000000000000200 ) ) ;
#7447 = LINE ( 'NONE', #6639, #7342 ) ;
#7448 = DIRECTION ( 'NONE',  ( 0.0000000000000000000, 0.0000000000000000000, -1.000000000000000000 ) ) ;
#7449 = ORIENTED_EDGE ( 'NONE', *, *, #8527, .F. ) ;
#7450 = VECTOR ( 'NONE', #4011, 1000.000000000000000 ) ;
#7451 = ORIENTED_EDGE ( 'NONE', *, *, #7117, .F. ) ;
#7452 = DIRECTION ( 'NONE',  ( 0.0000000000000000000, 0.0000000000000000000, -1.000000000000000000 ) ) ;
#7453 = PRESENTATION_STYLE_ASSIGNMENT (( #2985 ) ) ;
#7454 = DIRECTION ( 'NONE',  ( 1.000000000000000000, 0.0000000000000000000, 0.0000000000000000000 ) ) ;
#7455 = EDGE_CURVE ( 'NONE', #3387, #1720, #4838, .T. ) ;
#7456 = DIRECTION ( 'NONE',  ( 0.0000000000000000000, 0.0000000000000000000, -1.000000000000000000 ) ) ;
#7457 = CARTESIAN_POINT ( 'NONE',  ( -8.724999999999996100, 0.0000000000000000000, 2.299999999999999800 ) ) ;
#7458 = CARTESIAN_POINT ( 'NONE',  ( -6.424999999999996300, -1.570000000000000100, 2.299999999999999800 ) ) ;
#7459 = LINE ( 'NONE', #260, #5229 ) ;
#7460 = CLOSED_SHELL ( 'NONE', ( #8457, #7115, #6900, #4062, #8503, #3309 ) ) ;
#7461 = LINE ( 'NONE', #1299, #5540 ) ;
#7462 = AXIS2_PLACEMENT_3D ( 'NONE', #6680, #1957, #8624 ) ;
#7463 = DIRECTION ( 'NONE',  ( 0.0000000000000000000, 0.0000000000000000000, -1.000000000000000000 ) ) ;
#7464 = LINE ( 'NONE', #4589, #261 ) ;
#7465 = DIRECTION ( 'NONE',  ( -9.912705577010238600E-015, 0.0000000000000000000, -1.000000000000000000 ) ) ;
#7466 = VERTEX_POINT ( 'NONE', #2403 ) ;
#7467 = CARTESIAN_POINT ( 'NONE',  ( 21.79840395607028800, 27.40000000000000200, 1.849999999999999400 ) ) ;
#7468 = CIRCLE ( 'NONE', #4609, 0.9999999999999974500 ) ;
#7469 = DIRECTION ( 'NONE',  ( 0.0000000000000000000, -1.000000000000000000, 0.0000000000000000000 ) ) ;
#7470 = LINE ( 'NONE', #4320, #1836 ) ;
#7471 = AXIS2_PLACEMENT_3D ( 'NONE', #5838, #1013, #4496 ) ;
#7472 = DIRECTION ( 'NONE',  ( -0.0000000000000000000, -1.000000000000000000, -0.0000000000000000000 ) ) ;
#7473 = CARTESIAN_POINT ( 'NONE',  ( -31.54999999999995500, 25.30000000000000100, 3.675000000000330200 ) ) ;
#7474 = DIRECTION ( 'NONE',  ( -1.000000000000000000, 0.0000000000000000000, 0.0000000000000000000 ) ) ;
#7475 = AXIS2_PLACEMENT_3D ( 'NONE', #4629, #5948, #8598 ) ;
#7476 = EDGE_LOOP ( 'NONE', ( #2759, #1034, #2751, #1573 ) ) ;
#7477 = ADVANCED_FACE ( 'NONE', ( #120 ), #2375, .T. ) ;
#7478 = LINE ( 'NONE', #479, #1214 ) ;
#7479 = VECTOR ( 'NONE', #5370, 1000.000000000000000 ) ;
#7480 = CARTESIAN_POINT ( 'NONE',  ( -11.82499999999999200, 12.75000000000000400, 11.20000000000000100 ) ) ;
#7481 = VECTOR ( 'NONE', #2960, 1000.000000000000100 ) ;
#7482 = EDGE_CURVE ( 'NONE', #4033, #5696, #4658, .T. ) ;
#7483 = DIRECTION ( 'NONE',  ( -1.000000000000000000, 0.0000000000000000000, -0.0000000000000000000 ) ) ;
#7484 = CARTESIAN_POINT ( 'NONE',  ( -20.72499999999999100, 20.15000000000000200, 3.199999999999997500 ) ) ;
#7485 = DIRECTION ( 'NONE',  ( 1.000000000000000000, 0.0000000000000000000, 0.0000000000000000000 ) ) ;
#7486 = CARTESIAN_POINT ( 'NONE',  ( 35.77500000000001300, 10.77500000000000000, -2.499999999999999600 ) ) ;
#7487 = ORIENTED_EDGE ( 'NONE', *, *, #2294, .F. ) ;
#7488 = CIRCLE ( 'NONE', #1461, 2.700000000000001100 ) ;
#7489 = AXIS2_PLACEMENT_3D ( 'NONE', #7494, #8202, #3459 ) ;
#7490 = ADVANCED_FACE ( 'NONE', ( #8293 ), #7007, .F. ) ;
#7491 = CIRCLE ( 'NONE', #6031, 0.6000000000000015300 ) ;
#7492 = ORIENTED_EDGE ( 'NONE', *, *, #853, .F. ) ;
#7493 =( NAMED_UNIT ( * ) PLANE_ANGLE_UNIT ( ) SI_UNIT ( $, .RADIAN. ) );
#7494 = CARTESIAN_POINT ( 'NONE',  ( 35.77500000000001300, 10.77500000000000000, -3.100000000000000500 ) ) ;
#7495 = DIRECTION ( 'NONE',  ( -1.000000000000000000, 0.0000000000000000000, 2.710505431213754200E-016 ) ) ;
#7496 = EDGE_CURVE ( 'NONE', #3297, #3109, #5514, .T. ) ;
#7497 = VECTOR ( 'NONE', #3899, 1000.000000000000000 ) ;
#7498 = CARTESIAN_POINT ( 'NONE',  ( -31.54999999999997200, 25.30000000000000100, 2.275000000000330300 ) ) ;
#7499 = ORIENTED_EDGE ( 'NONE', *, *, #2018, .F. ) ;
#7500 = ORIENTED_EDGE ( 'NONE', *, *, #6279, .T. ) ;
#7501 = CARTESIAN_POINT ( 'NONE',  ( 0.5750000000000076200, 18.34999999999999800, -8.699999999999997500 ) ) ;
#7502 = DIRECTION ( 'NONE',  ( -0.0000000000000000000, 1.000000000000000000, -0.0000000000000000000 ) ) ;
#7503 = CARTESIAN_POINT ( 'NONE',  ( 0.5750000000000099500, 18.34999999999999800, 10.90000000000000600 ) ) ;
#7504 = ORIENTED_EDGE ( 'NONE', *, *, #4522, .F. ) ;
#7505 = LINE ( 'NONE', #8719, #3902 ) ;
#7506 = DIRECTION ( 'NONE',  ( 1.982541115402067600E-014, -0.0000000000000000000, 1.000000000000000000 ) ) ;
#7507 = EDGE_CURVE ( 'NONE', #2116, #2388, #5415, .T. ) ;
#7508 = ORIENTED_EDGE ( 'NONE', *, *, #6303, .F. ) ;
#7509 = UNCERTAINTY_MEASURE_WITH_UNIT (LENGTH_MEASURE( 1.000000000000000100E-005 ), #3427, 'distance_accuracy_value', 'NONE');
#7510 = SURFACE_STYLE_USAGE ( .BOTH. , #7422 ) ;
#7511 = CARTESIAN_POINT ( 'NONE',  ( -34.12499999999998600, 0.1099999999999992700, -2.999999999999997300 ) ) ;
#7512 = VERTEX_POINT ( 'NONE', #8494 ) ;
#7513 = CARTESIAN_POINT ( 'NONE',  ( -33.12499999999999300, 20.89999999999999900, 5.000000000000000000 ) ) ;
#7514 = FACE_BOUND ( 'NONE', #8556, .T. ) ;
#7515 = DIRECTION ( 'NONE',  ( 0.0000000000000000000, 0.0000000000000000000, -1.000000000000000000 ) ) ;
#7516 = VERTEX_POINT ( 'NONE', #6504 ) ;
#7517 = DIRECTION ( 'NONE',  ( 1.000000000000000000, -0.0000000000000000000, -0.0000000000000000000 ) ) ;
#7518 = EDGE_CURVE ( 'NONE', #1134, #3231, #6371, .T. ) ;
#7519 = EDGE_LOOP ( 'NONE', ( #6064, #7599, #8785, #3328 ) ) ;
#7520 = ORIENTED_EDGE ( 'NONE', *, *, #5733, .F. ) ;
#7521 = CIRCLE ( 'NONE', #5090, 1.540000000000000500 ) ;
#7522 = ADVANCED_FACE ( 'NONE', ( #1686 ), #8183, .T. ) ;
#7523 = CARTESIAN_POINT ( 'NONE',  ( 23.76500000000000400, -7.649999999999999500, 0.0000000000000000000 ) ) ;
#7524 = ORIENTED_EDGE ( 'NONE', *, *, #7753, .F. ) ;
#7525 = AXIS2_PLACEMENT_3D ( 'NONE', #1584, #928, #301 ) ;
#7526 = CARTESIAN_POINT ( 'NONE',  ( -0.8249999999999924100, 0.3000000000000016500, 10.90000000000000000 ) ) ;
#7527 = VERTEX_POINT ( 'NONE', #433 ) ;
#7528 = ORIENTED_EDGE ( 'NONE', *, *, #8346, .F. ) ;
#7529 = AXIS2_PLACEMENT_3D ( 'NONE', #2912, #1502, #1560 ) ;
#7530 = ORIENTED_EDGE ( 'NONE', *, *, #3032, .F. ) ;
#7531 = LINE ( 'NONE', #8212, #5401 ) ;
#7532 = CARTESIAN_POINT ( 'NONE',  ( 37.57500000000000300, 7.974999999999999600, 0.0000000000000000000 ) ) ;
#7534 = ADVANCED_FACE ( 'NONE', ( #3727 ), #8396, .T. ) ;
#7533 = DIRECTION ( 'NONE',  ( -0.0000000000000000000, -0.0000000000000000000, -1.000000000000000000 ) ) ;
#7535 = ORIENTED_EDGE ( 'NONE', *, *, #1394, .F. ) ;
#7536 = SHAPE_DEFINITION_REPRESENTATION ( #6748, #2610 ) ;
#7537 = CARTESIAN_POINT ( 'NONE',  ( -11.82499999999999200, 12.75000000000000400, 12.06410161513776000 ) ) ;
#7538 = EDGE_CURVE ( 'NONE', #6871, #3135, #5209, .T. ) ;
#7539 = VERTEX_POINT ( 'NONE', #7248 ) ;
#7540 = EDGE_LOOP ( 'NONE', ( #2114, #1146 ) ) ;
#7541 = VERTEX_POINT ( 'NONE', #8014 ) ;
#7542 = AXIS2_PLACEMENT_3D ( 'NONE', #2290, #8437, #6392 ) ;
#7543 = VERTEX_POINT ( 'NONE', #3177 ) ;
#7544 = CARTESIAN_POINT ( 'NONE',  ( -26.62499999999998900, 6.442151305867749800, 3.199999999999998000 ) ) ;
#7545 = FACE_OUTER_BOUND ( 'NONE', #3763, .T. ) ;
#7546 = DIRECTION ( 'NONE',  ( 0.0000000000000000000, -1.000000000000000000, 0.0000000000000000000 ) ) ;
#7547 = DIRECTION ( 'NONE',  ( 0.0000000000000000000, -1.000000000000000000, 0.0000000000000000000 ) ) ;
#7548 = VERTEX_POINT ( 'NONE', #7894 ) ;
#7549 = DIRECTION ( 'NONE',  ( -0.0000000000000000000, -0.0000000000000000000, 1.000000000000000000 ) ) ;
#7550 = EDGE_CURVE ( 'NONE', #2285, #427, #2765, .T. ) ;
#7551 = CARTESIAN_POINT ( 'NONE',  ( -11.82499999999999200, 7.499999999999999100, 12.06410161513776400 ) ) ;
#7552 = ORIENTED_EDGE ( 'NONE', *, *, #5222, .T. ) ;
#7553 = ORIENTED_EDGE ( 'NONE', *, *, #7339, .F. ) ;
#7554 = SPHERICAL_SURFACE ( 'NONE', #2464, 0.2000000000000000100 ) ;
#7555 = DIRECTION ( 'NONE',  ( -0.0000000000000000000, -1.000000000000000000, 2.125886612716674300E-017 ) ) ;
#7556 = CARTESIAN_POINT ( 'NONE',  ( 35.59162246973738800, 10.77500000000000000, 2.522485396580082600 ) ) ;
#7557 = AXIS2_PLACEMENT_3D ( 'NONE', #4994, #6387, #4284 ) ;
#7558 = DIRECTION ( 'NONE',  ( 0.0000000000000000000, 0.0000000000000000000, -1.000000000000000000 ) ) ;
#7559 = VECTOR ( 'NONE', #2636, 1000.000000000000000 ) ;
#7560 = VERTEX_POINT ( 'NONE', #3874 ) ;
#7561 = CYLINDRICAL_SURFACE ( 'NONE', #5528, 1.250000000000001100 ) ;
#7562 = EDGE_CURVE ( 'NONE', #8576, #7942, #761, .T. ) ;
#7563 = CARTESIAN_POINT ( 'NONE',  ( -20.72499999999999100, 18.55000000000000100, -3.199999999999997500 ) ) ;
#7564 = LINE ( 'NONE', #6538, #785 ) ;
#7565 = ADVANCED_FACE ( 'NONE', ( #4776 ), #1907, .T. ) ;
#7566 = VECTOR ( 'NONE', #563, 1000.000000000000000 ) ;
#7567 = PLANE ( 'NONE',  #2360 ) ;
#7568 = CARTESIAN_POINT ( 'NONE',  ( -9.124999999999998200, -0.05358983848622472800, 2.500000000000000000 ) ) ;
#7569 = MANIFOLD_SOLID_BREP ( 'Header Contact [3]', #3931 ) ;
#7570 = DIRECTION ( 'NONE',  ( -1.000000000000000000, 0.0000000000000000000, 0.0000000000000000000 ) ) ;
#7571 = DIRECTION ( 'NONE',  ( -0.0000000000000000000, -1.000000000000000000, -0.0000000000000000000 ) ) ;
#7572 = DIRECTION ( 'NONE',  ( -0.0000000000000000000, -1.000000000000000000, -0.0000000000000000000 ) ) ;
#7573 = FACE_OUTER_BOUND ( 'NONE', #954, .T. ) ;
#7574 = CARTESIAN_POINT ( 'NONE',  ( 1.575000000000007300, 0.1999999999999999800, -8.099999999999999600 ) ) ;
#7575 = CIRCLE ( 'NONE', #989, 0.2000000000000005100 ) ;
#7576 = ADVANCED_FACE ( 'NONE', ( #5093 ), #2528, .F. ) ;
#7577 = AXIS2_PLACEMENT_3D ( 'NONE', #750, #6789, #6755 ) ;
#7578 = CARTESIAN_POINT ( 'NONE',  ( 30.67500000000000800, 18.44999999999999900, 6.700000000000000200 ) ) ;
#7579 = DIRECTION ( 'NONE',  ( 0.0000000000000000000, 0.0000000000000000000, 1.000000000000000000 ) ) ;
#7580 = EDGE_CURVE ( 'NONE', #4002, #478, #3842, .T. ) ;
#7581 = LINE ( 'NONE', #6832, #6293 ) ;
#7582 = DIRECTION ( 'NONE',  ( 1.000000000000000000, 0.0000000000000000000, -2.040851148208002900E-015 ) ) ;
#7583 = CARTESIAN_POINT ( 'NONE',  ( -31.90000000000004100, 25.30000000000000100, -3.674999999999665900 ) ) ;
#7584 = EDGE_CURVE ( 'NONE', #1052, #4288, #7759, .T. ) ;
#7585 = CYLINDRICAL_SURFACE ( 'NONE', #3316, 3.500000000000000000 ) ;
#7586 = DIRECTION ( 'NONE',  ( -1.000000000000000000, 0.0000000000000000000, -0.0000000000000000000 ) ) ;
#7587 = EDGE_CURVE ( 'NONE', #7110, #534, #4991, .T. ) ;
#7588 = VERTEX_POINT ( 'NONE', #1871 ) ;
#7589 = CARTESIAN_POINT ( 'NONE',  ( -8.724999999999996100, -1.570000000000000100, 2.299999999999999800 ) ) ;
#7590 = FACE_OUTER_BOUND ( 'NONE', #2215, .T. ) ;
#7591 = AXIS2_PLACEMENT_3D ( 'NONE', #7723, #4333, #2369 ) ;
#7592 = VECTOR ( 'NONE', #5008, 1000.000000000000000 ) ;
#7593 = ORIENTED_EDGE ( 'NONE', *, *, #131, .T. ) ;
#7594 =( GEOMETRIC_REPRESENTATION_CONTEXT ( 3 ) GLOBAL_UNCERTAINTY_ASSIGNED_CONTEXT ( ( #3375 ) ) GLOBAL_UNIT_ASSIGNED_CONTEXT ( ( #901, #7763, #3695 ) ) REPRESENTATION_CONTEXT ( 'NONE', 'WORKASPACE' ) );
#7595 = EDGE_CURVE ( 'NONE', #8606, #4771, #1595, .T. ) ;
#7596 = EDGE_CURVE ( 'NONE', #3848, #3619, #3078, .T. ) ;
#7597 = VECTOR ( 'NONE', #4404, 1000.000000000000000 ) ;
#7598 = CARTESIAN_POINT ( 'NONE',  ( 30.67500000000000800, 18.75000000000000000, -11.20000000000000100 ) ) ;
#7599 = ORIENTED_EDGE ( 'NONE', *, *, #2958, .F. ) ;
#7600 = DIRECTION ( 'NONE',  ( -0.0000000000000000000, -1.000000000000000000, -0.0000000000000000000 ) ) ;
#7601 = CARTESIAN_POINT ( 'NONE',  ( -34.12499999999998600, 20.15000000000000200, -5.200000000000001100 ) ) ;
#7602 = VERTEX_POINT ( 'NONE', #5967 ) ;
#7603 = AXIS2_PLACEMENT_3D ( 'NONE', #3026, #6340, #7774 ) ;
#7604 = ORIENTED_EDGE ( 'NONE', *, *, #7660, .F. ) ;
#7605 = LINE ( 'NONE', #4809, #913 ) ;
#7606 = CARTESIAN_POINT ( 'NONE',  ( -39.97500000000000100, 0.1099999999999989900, -2.999999999999997300 ) ) ;
#7607 = ORIENTED_EDGE ( 'NONE', *, *, #3733, .F. ) ;
#7608 = DIRECTION ( 'NONE',  ( -1.000000000000000000, -0.0000000000000000000, -0.0000000000000000000 ) ) ;
#7609 = ADVANCED_FACE ( 'NONE', ( #1276 ), #1897, .F. ) ;
#7610 = EDGE_CURVE ( 'NONE', #4157, #3725, #5943, .T. ) ;
#7611 = DIRECTION ( 'NONE',  ( 0.0000000000000000000, 1.000000000000000000, 0.0000000000000000000 ) ) ;
#7612 = VERTEX_POINT ( 'NONE', #2469 ) ;
#7613 = EDGE_LOOP ( 'NONE', ( #4097, #2493, #3591, #5760 ) ) ;
#7614 = SURFACE_STYLE_USAGE ( .BOTH. , #1402 ) ;
#7615 = FACE_OUTER_BOUND ( 'NONE', #5188, .T. ) ;
#7616 = EDGE_LOOP ( 'NONE', ( #8508, #3798, #4752, #778 ) ) ;
#7618 = ADVANCED_FACE ( 'NONE', ( #546 ), #5368, .T. ) ;
#7617 = FILL_AREA_STYLE_COLOUR ( '', #1627 ) ;
#7619 = DIRECTION ( 'NONE',  ( 0.0000000000000000000, 0.0000000000000000000, 1.000000000000000000 ) ) ;
#7620 = CARTESIAN_POINT ( 'NONE',  ( -31.54999999999998600, 21.30000000000000100, 0.8750000000003299600 ) ) ;
#7621 = ORIENTED_EDGE ( 'NONE', *, *, #7507, .F. ) ;
#7622 = EDGE_CURVE ( 'NONE', #5140, #6871, #8613, .T. ) ;
#7623 = LINE ( 'NONE', #6800, #5174 ) ;
#7624 = ORIENTED_EDGE ( 'NONE', *, *, #6729, .F. ) ;
#7625 = EDGE_LOOP ( 'NONE', ( #5395, #6986, #4578, #1278, #6773, #601 ) ) ;
#7626 = ORIENTED_EDGE ( 'NONE', *, *, #2691, .T. ) ;
#7627 = DIRECTION ( 'NONE',  ( 0.0000000000000000000, 0.0000000000000000000, 1.000000000000000000 ) ) ;
#7628 = CARTESIAN_POINT ( 'NONE',  ( -8.724999999999996100, 21.82000000000000700, 2.299999999999999800 ) ) ;
#7629 = PLANE ( 'NONE',  #7827 ) ;
#7630 = DIRECTION ( 'NONE',  ( 0.0000000000000000000, 0.0000000000000000000, -1.000000000000000000 ) ) ;
#7631 = DIRECTION ( 'NONE',  ( 0.0000000000000000000, 1.000000000000000000, 0.0000000000000000000 ) ) ;
#7632 = ORIENTED_EDGE ( 'NONE', *, *, #4408, .F. ) ;
#7633 = LINE ( 'NONE', #4312, #4642 ) ;
#7634 = DIRECTION ( 'NONE',  ( 0.0000000000000000000, 1.000000000000000000, 0.0000000000000000000 ) ) ;
#7635 = AXIS2_PLACEMENT_3D ( 'NONE', #6341, #7000, #3053 ) ;
#7636 = VERTEX_POINT ( 'NONE', #3965 ) ;
#7637 = ORIENTED_EDGE ( 'NONE', *, *, #2844, .T. ) ;
#7638 = EDGE_CURVE ( 'NONE', #3263, #5784, #8281, .T. ) ;
#7639 = ORIENTED_EDGE ( 'NONE', *, *, #4045, .F. ) ;
#7640 = DIRECTION ( 'NONE',  ( 0.0000000000000000000, 1.000000000000000000, 0.0000000000000000000 ) ) ;
#7641 = ORIENTED_EDGE ( 'NONE', *, *, #3783, .F. ) ;
#7642 = ORIENTED_EDGE ( 'NONE', *, *, #4641, .T. ) ;
#7643 = CARTESIAN_POINT ( 'NONE',  ( 0.2000000000000070300, 0.6000000000000000900, 6.499999999999998200 ) ) ;
#7644 = VERTEX_POINT ( 'NONE', #8741 ) ;
#7645 = DIRECTION ( 'NONE',  ( 1.000000000000000000, 0.0000000000000000000, 0.0000000000000000000 ) ) ;
#7646 = LINE ( 'NONE', #158, #5500 ) ;
#7647 = VERTEX_POINT ( 'NONE', #8127 ) ;
#7648 = DIRECTION ( 'NONE',  ( 1.000000000000000000, 0.0000000000000000000, 0.0000000000000000000 ) ) ;
#7649 = EDGE_LOOP ( 'NONE', ( #5899, #4148, #8772, #7916 ) ) ;
#7650 = ORIENTED_EDGE ( 'NONE', *, *, #5926, .F. ) ;
#7651 = LINE ( 'NONE', #2957, #1065 ) ;
#7652 = FACE_OUTER_BOUND ( 'NONE', #7519, .T. ) ;
#7653 = ORIENTED_EDGE ( 'NONE', *, *, #6237, .T. ) ;
#7654 = AXIS2_PLACEMENT_3D ( 'NONE', #4095, #6844, #6791 ) ;
#7655 = ORIENTED_EDGE ( 'NONE', *, *, #1880, .F. ) ;
#7656 = DIRECTION ( 'NONE',  ( 0.0000000000000000000, -1.000000000000000000, 2.125886612716674000E-017 ) ) ;
#7657 = CARTESIAN_POINT ( 'NONE',  ( 30.67500000000000800, 18.44999999999999900, 11.19999999999999900 ) ) ;
#7658 = CARTESIAN_POINT ( 'NONE',  ( -13.82499999999999400, 7.499999999999999100, 12.60000000000000300 ) ) ;
#7659 = SURFACE_STYLE_FILL_AREA ( #3879 ) ;
#7660 = EDGE_CURVE ( 'NONE', #6384, #5132, #1381, .T. ) ;
#7661 = VERTEX_POINT ( 'NONE', #8101 ) ;
#7662 = FACE_OUTER_BOUND ( 'NONE', #3909, .T. ) ;
#7663 = LINE ( 'NONE', #4147, #770 ) ;
#7664 = AXIS2_PLACEMENT_3D ( 'NONE', #1436, #7656, #6302 ) ;
#7665 = CARTESIAN_POINT ( 'NONE',  ( 16.61500000000000600, 0.0000000000000000000, -9.750000000000000000 ) ) ;
#7666 = DIRECTION ( 'NONE',  ( 0.0000000000000000000, -1.000000000000000000, 2.125886612716674000E-017 ) ) ;
#7667 = AXIS2_PLACEMENT_3D ( 'NONE', #8294, #2800, #4218 ) ;
#7668 = LINE ( 'NONE', #66, #8297 ) ;
#7669 = CARTESIAN_POINT ( 'NONE',  ( 1.575000000000008800, 0.0000000000000000000, -6.200000000000000200 ) ) ;
#7670 = ORIENTED_EDGE ( 'NONE', *, *, #1021, .F. ) ;
#7671 = LINE ( 'NONE', #3925, #3745 ) ;
#7672 = DIRECTION ( 'NONE',  ( 0.0000000000000000000, 0.0000000000000000000, 1.000000000000000000 ) ) ;
#7673 = EDGE_CURVE ( 'NONE', #769, #2205, #3295, .T. ) ;
#7674 = ADVANCED_FACE ( 'NONE', ( #2022 ), #1336, .F. ) ;
#7675 = DIRECTION ( 'NONE',  ( 0.0000000000000000000, -0.0000000000000000000, 1.000000000000000000 ) ) ;
#7676 = DIRECTION ( 'NONE',  ( -0.0000000000000000000, -0.0000000000000000000, -1.000000000000000000 ) ) ;
#7677 = CIRCLE ( 'NONE', #7298, 4.500000000000001800 ) ;
#7678 = CIRCLE ( 'NONE', #5875, 5.999999999999999100 ) ;
#7679 = CARTESIAN_POINT ( 'NONE',  ( -13.82499999999999400, 7.500000000000000000, -5.200000000000000200 ) ) ;
#7680 = CYLINDRICAL_SURFACE ( 'NONE', #1662, 1.539999999999999600 ) ;
#7681 = EDGE_CURVE ( 'NONE', #4743, #6883, #5730, .T. ) ;
#7682 = VECTOR ( 'NONE', #5785, 1000.000000000000000 ) ;
#7683 = CARTESIAN_POINT ( 'NONE',  ( 34.87500000000000700, 18.75000000000000000, -6.700000000000000200 ) ) ;
#7684 = DIRECTION ( 'NONE',  ( -0.0000000000000000000, -1.000000000000000000, 0.0000000000000000000 ) ) ;
#7685 =( NAMED_UNIT ( * ) PLANE_ANGLE_UNIT ( ) SI_UNIT ( $, .RADIAN. ) );
#7686 = CARTESIAN_POINT ( 'NONE',  ( 0.0000000000000000000, 0.0000000000000000000, -2.500000000000000000 ) ) ;
#7687 = EDGE_CURVE ( 'NONE', #3463, #6643, #6805, .T. ) ;
#7688 = FACE_OUTER_BOUND ( 'NONE', #1635, .T. ) ;
#7689 = LINE ( 'NONE', #5025, #8107 ) ;
#7690 = EDGE_CURVE ( 'NONE', #2289, #5919, #4797, .T. ) ;
#7691 = DIRECTION ( 'NONE',  ( -1.000000000000000000, 0.0000000000000000000, 2.710505431213754200E-016 ) ) ;
#7692 = ORIENTED_EDGE ( 'NONE', *, *, #3368, .F. ) ;
#7693 = DIRECTION ( 'NONE',  ( 0.0000000000000000000, 1.251002506714043300E-016, 1.000000000000000000 ) ) ;
#7694 = LINE ( 'NONE', #6915, #7164 ) ;
#7695 = FACE_OUTER_BOUND ( 'NONE', #7195, .T. ) ;
#7696 = AXIS2_PLACEMENT_3D ( 'NONE', #3698, #6443, #5809 ) ;
#7697 = CARTESIAN_POINT ( 'NONE',  ( 1.575000000000007300, 0.0000000000000000000, 4.049999999999999800 ) ) ;
#7698 = AXIS2_PLACEMENT_3D ( 'NONE', #4239, #5477, #280 ) ;
#7699 = DIRECTION ( 'NONE',  ( 0.0000000000000000000, 0.0000000000000000000, 1.000000000000000000 ) ) ;
#7700 = VERTEX_POINT ( 'NONE', #3993 ) ;
#7701 = EDGE_CURVE ( 'NONE', #6757, #8547, #2329, .T. ) ;
#7702 = LINE ( 'NONE', #1568, #590 ) ;
#7703 = EDGE_CURVE ( 'NONE', #1985, #4176, #964, .T. ) ;
#7704 = ORIENTED_EDGE ( 'NONE', *, *, #8582, .F. ) ;
#7705 = ORIENTED_EDGE ( 'NONE', *, *, #7066, .F. ) ;
#7706 = CARTESIAN_POINT ( 'NONE',  ( -26.62499999999998900, 16.72320809022047400, 6.000000000000000000 ) ) ;
#7707 = DIRECTION ( 'NONE',  ( 1.000000000000000000, 0.0000000000000000000, 6.672013369141588900E-016 ) ) ;
#7708 = AXIS2_PLACEMENT_3D ( 'NONE', #6493, #4416, #2487 ) ;
#7709 = CARTESIAN_POINT ( 'NONE',  ( -39.97500000000000100, 16.72320809022047400, 6.000000000000000000 ) ) ;
#7710 = ADVANCED_FACE ( 'NONE', ( #7225 ), #2023, .T. ) ;
#7711 = CARTESIAN_POINT ( 'NONE',  ( -9.124999999999998200, -0.05358983848622472800, -2.500000000000000000 ) ) ;
#7712 = CIRCLE ( 'NONE', #4036, 0.2999999999999999300 ) ;
#7713 = PRESENTATION_LAYER_ASSIGNMENT (  '', '', ( #6801 ) ) ;
#7714 = EDGE_LOOP ( 'NONE', ( #568, #5712, #1205, #2241, #7757, #2617, #2187, #6197 ) ) ;
#7715 = ORIENTED_EDGE ( 'NONE', *, *, #6164, .F. ) ;
#7716 = EDGE_CURVE ( 'NONE', #4206, #2568, #2118, .T. ) ;
#7717 = DIRECTION ( 'NONE',  ( 0.0000000000000000000, -1.000000000000000000, 0.0000000000000000000 ) ) ;
#7718 = VERTEX_POINT ( 'NONE', #609 ) ;
#7719 = DIRECTION ( 'NONE',  ( 0.0000000000000000000, 0.0000000000000000000, -1.000000000000000000 ) ) ;
#7720 = VECTOR ( 'NONE', #3219, 1000.000000000000000 ) ;
#7721 = DIRECTION ( 'NONE',  ( -0.0000000000000000000, 1.000000000000000000, -0.0000000000000000000 ) ) ;
#7722 = PLANE ( 'NONE',  #2060 ) ;
#7723 = CARTESIAN_POINT ( 'NONE',  ( -13.82499999999999400, 7.500000000000000900, 5.200000000000002800 ) ) ;
#7724 = ORIENTED_EDGE ( 'NONE', *, *, #4270, .T. ) ;
#7725 = LINE ( 'NONE', #6971, #821 ) ;
#7726 = DIRECTION ( 'NONE',  ( -0.0000000000000000000, 0.0000000000000000000, -1.000000000000000000 ) ) ;
#7727 = EDGE_CURVE ( 'NONE', #3725, #4229, #1370, .T. ) ;
#7728 = DIRECTION ( 'NONE',  ( 0.0000000000000000000, 1.000000000000000000, 0.0000000000000000000 ) ) ;
#7729 = EDGE_LOOP ( 'NONE', ( #1053, #7947, #6428, #5641 ) ) ;
#7730 = DIRECTION ( 'NONE',  ( 0.0000000000000000000, 0.0000000000000000000, -1.000000000000000000 ) ) ;
#7731 = CARTESIAN_POINT ( 'NONE',  ( 0.5750000000000077300, 18.34999999999999800, -10.89999999999999900 ) ) ;
#7732 = ORIENTED_EDGE ( 'NONE', *, *, #6718, .F. ) ;
#7733 = ORIENTED_EDGE ( 'NONE', *, *, #7076, .F. ) ;
#7734 = LINE ( 'NONE', #4281, #3382 ) ;
#7735 = EDGE_CURVE ( 'NONE', #7210, #8057, #8386, .T. ) ;
#7736 = CARTESIAN_POINT ( 'NONE',  ( 0.2000000000000070300, 0.2000000000000000100, 5.899999999999997700 ) ) ;
#7737 = DIRECTION ( 'NONE',  ( 0.0000000000000000000, 1.000000000000000000, -0.0000000000000000000 ) ) ;
#7738 = DIRECTION ( 'NONE',  ( -1.734723475976803500E-015, 0.0000000000000000000, -1.000000000000000000 ) ) ;
#7739 = DIRECTION ( 'NONE',  ( -0.0000000000000000000, -0.0000000000000000000, -1.000000000000000000 ) ) ;
#7740 = ORIENTED_EDGE ( 'NONE', *, *, #4799, .F. ) ;
#7741 = ORIENTED_EDGE ( 'NONE', *, *, #8486, .T. ) ;
#7742 = EDGE_LOOP ( 'NONE', ( #5410, #6469, #4257, #7593 ) ) ;
#7743 = LINE ( 'NONE', #7879, #6565 ) ;
#7744 = VERTEX_POINT ( 'NONE', #5574 ) ;
#7745 = ORIENTED_EDGE ( 'NONE', *, *, #4962, .T. ) ;
#7746 = CARTESIAN_POINT ( 'NONE',  ( 3.765000000000007700, 18.75000000000000000, -8.800000000000000700 ) ) ;
#7747 = AXIS2_PLACEMENT_3D ( 'NONE', #4294, #3656, #2210 ) ;
#7748 = VERTEX_POINT ( 'NONE', #133 ) ;
#7749 = DIRECTION ( 'NONE',  ( 0.0000000000000000000, 0.0000000000000000000, -1.000000000000000000 ) ) ;
#7750 = ORIENTED_EDGE ( 'NONE', *, *, #5301, .F. ) ;
#7751 = ORIENTED_EDGE ( 'NONE', *, *, #4630, .T. ) ;
#7752 = DIRECTION ( 'NONE',  ( -0.0000000000000000000, 1.000000000000000000, -0.0000000000000000000 ) ) ;
#7753 = EDGE_CURVE ( 'NONE', #2577, #8132, #1799, .T. ) ;
#7754 = ORIENTED_EDGE ( 'NONE', *, *, #4376, .T. ) ;
#7755 = ADVANCED_FACE ( 'NONE', ( #8602 ), #71, .F. ) ;
#7756 = CARTESIAN_POINT ( 'NONE',  ( 0.0000000000000000000, 25.30000000000000100, 0.0000000000000000000 ) ) ;
#7757 = ORIENTED_EDGE ( 'NONE', *, *, #902, .F. ) ;
#7758 = LINE ( 'NONE', #2687, #5942 ) ;
#7759 = LINE ( 'NONE', #5202, #6581 ) ;
#7760 = EDGE_CURVE ( 'NONE', #8538, #7089, #9, .T. ) ;
#7761 = CARTESIAN_POINT ( 'NONE',  ( 30.67500000000000800, 0.0000000000000000000, 10.90000000000000000 ) ) ;
#7762 = EDGE_LOOP ( 'NONE', ( #5858, #6667 ) ) ;
#7763 =( NAMED_UNIT ( * ) PLANE_ANGLE_UNIT ( ) SI_UNIT ( $, .RADIAN. ) );
#7764 = CARTESIAN_POINT ( 'NONE',  ( 1.575000000000007100, 0.5000000000000000000, -7.800000000000000700 ) ) ;
#7765 = PLANE ( 'NONE',  #7557 ) ;
#7766 = CARTESIAN_POINT ( 'NONE',  ( -34.12499999999998600, 20.15000000000000200, 5.200000000000001100 ) ) ;
#7767 = ORIENTED_EDGE ( 'NONE', *, *, #6763, .T. ) ;
#7768 = ORIENTED_EDGE ( 'NONE', *, *, #8569, .T. ) ;
#7769 = CARTESIAN_POINT ( 'NONE',  ( 37.57500000000000300, 7.974999999999999600, 0.0000000000000000000 ) ) ;
#7770 = EDGE_CURVE ( 'NONE', #8468, #5784, #5827, .T. ) ;
#7771 = VECTOR ( 'NONE', #3236, 1000.000000000000000 ) ;
#7772 = ORIENTED_EDGE ( 'NONE', *, *, #6191, .F. ) ;
#7773 = LINE ( 'NONE', #2027, #1611 ) ;
#7774 = DIRECTION ( 'NONE',  ( 0.0000000000000000000, 0.0000000000000000000, 1.000000000000000000 ) ) ;
#7775 = CARTESIAN_POINT ( 'NONE',  ( -34.12499999999998600, 12.75000000000000400, 12.60000000000000000 ) ) ;
#7776 = CARTESIAN_POINT ( 'NONE',  ( -21.52499999999998800, 1.099999999999999900, -4.500000000000000900 ) ) ;
#7777 = FACE_OUTER_BOUND ( 'NONE', #6254, .T. ) ;
#7778 = FACE_OUTER_BOUND ( 'NONE', #7058, .T. ) ;
#7779 = EDGE_CURVE ( 'NONE', #3390, #848, #4451, .T. ) ;
#7780 = EDGE_LOOP ( 'NONE', ( #8258, #7767 ) ) ;
#7781 = DIRECTION ( 'NONE',  ( 1.000000000000000000, -0.0000000000000000000, -0.0000000000000000000 ) ) ;
#7782 = CIRCLE ( 'NONE', #4287, 2.700000000000001100 ) ;
#7783 = CARTESIAN_POINT ( 'NONE',  ( 21.79840395607028800, -1.000000000000000000, 1.849999999999999400 ) ) ;
#7784 = VECTOR ( 'NONE', #7558, 1000.000000000000000 ) ;
#7785 = CARTESIAN_POINT ( 'NONE',  ( 32.67500000000000400, 28.80000000000000100, 8.500000000000000000 ) ) ;
#7786 = EDGE_CURVE ( 'NONE', #2577, #234, #1587, .T. ) ;
#7787 = LINE ( 'NONE', #1741, #1101 ) ;
#7788 = CARTESIAN_POINT ( 'NONE',  ( -0.8249999999999924100, 18.44999999999999900, -11.19999999999999900 ) ) ;
#7789 = CARTESIAN_POINT ( 'NONE',  ( 3.765000000000007700, 0.6999999999999999600, -7.260000000000000700 ) ) ;
#7791 = ADVANCED_FACE ( 'NONE', ( #1066 ), #2657, .F. ) ;
#7790 = DIRECTION ( 'NONE',  ( -1.982541115402066600E-014, 0.0000000000000000000, -1.000000000000000000 ) ) ;
#7792 = DIRECTION ( 'NONE',  ( 0.0000000000000000000, 0.0000000000000000000, 1.000000000000000000 ) ) ;
#7793 = LINE ( 'NONE', #2356, #4488 ) ;
#7794 = CARTESIAN_POINT ( 'NONE',  ( 1.575000000000007300, 0.1999999999999999800, -6.200000000000000200 ) ) ;
#7795 = AXIS2_PLACEMENT_3D ( 'NONE', #1011, #4388, #7081 ) ;
#7796 = ORIENTED_EDGE ( 'NONE', *, *, #6073, .F. ) ;
#7797 = CARTESIAN_POINT ( 'NONE',  ( 30.67500000000000800, 18.75000000000000000, -6.700000000000000200 ) ) ;
#7798 = FACE_OUTER_BOUND ( 'NONE', #1813, .T. ) ;
#7799 = CARTESIAN_POINT ( 'NONE',  ( -11.82499999999999200, 19.61410161513776300, 5.200000000000001100 ) ) ;
#7800 = VECTOR ( 'NONE', #7142, 1000.000000000000000 ) ;
#7801 = AXIS2_PLACEMENT_3D ( 'NONE', #2988, #3674, #4347 ) ;
#7802 = ORIENTED_EDGE ( 'NONE', *, *, #1300, .F. ) ;
#7803 = CARTESIAN_POINT ( 'NONE',  ( -11.82499999999999200, 12.75000000000000200, -11.20000000000000300 ) ) ;
#7804 = AXIS2_PLACEMENT_3D ( 'NONE', #623, #5801, #4805 ) ;
#7805 = DIRECTION ( 'NONE',  ( -0.0000000000000000000, -1.000000000000000000, -0.0000000000000000000 ) ) ;
#7806 = EDGE_CURVE ( 'NONE', #4941, #3940, #851, .T. ) ;
#7807 = DIRECTION ( 'NONE',  ( -1.982541115402067900E-014, 0.0000000000000000000, -1.000000000000000000 ) ) ;
#7808 = VERTEX_POINT ( 'NONE', #8311 ) ;
#7809 = EDGE_CURVE ( 'NONE', #5798, #8342, #7849, .T. ) ;
#7810 = LINE ( 'NONE', #2506, #6112 ) ;
#7811 = EDGE_LOOP ( 'NONE', ( #3546, #7085, #7796, #8566 ) ) ;
#7812 = CARTESIAN_POINT ( 'NONE',  ( -6.624999999999996400, 22.02000000000000300, -2.300000000000000300 ) ) ;
#7813 = AXIS2_PLACEMENT_3D ( 'NONE', #2808, #8266, #5592 ) ;
#7814 = CARTESIAN_POINT ( 'NONE',  ( -21.52499999999998800, 1.099999999999999900, 4.500000000000000900 ) ) ;
#7815 = VERTEX_POINT ( 'NONE', #2134 ) ;
#7816 = AXIS2_PLACEMENT_3D ( 'NONE', #3870, #2613, #1927 ) ;
#7817 = ORIENTED_EDGE ( 'NONE', *, *, #5232, .F. ) ;
#7818 = LINE ( 'NONE', #339, #6011 ) ;
#7819 = EDGE_CURVE ( 'NONE', #4104, #4736, #6258, .T. ) ;
#7820 = CARTESIAN_POINT ( 'NONE',  ( -31.89999999999997700, 21.30000000000000100, 2.275000000000333400 ) ) ;
#7821 = CARTESIAN_POINT ( 'NONE',  ( -13.82499999999999400, 20.15000000000000200, 5.200000000000001100 ) ) ;
#7822 = CARTESIAN_POINT ( 'NONE',  ( 1.275000000000007500, 0.6000000000000000900, 4.824999999999999300 ) ) ;
#7823 = CARTESIAN_POINT ( 'NONE',  ( -6.624999999999996400, -1.570000000000000100, 2.299999999999999800 ) ) ;
#7824 = DIRECTION ( 'NONE',  ( 0.0000000000000000000, 0.0000000000000000000, 1.000000000000000000 ) ) ;
#7825 = ORIENTED_EDGE ( 'NONE', *, *, #1340, .F. ) ;
#7826 = FACE_BOUND ( 'NONE', #929, .T. ) ;
#7827 = AXIS2_PLACEMENT_3D ( 'NONE', #6286, #162, #4949 ) ;
#7828 = ADVANCED_FACE ( 'NONE', ( #2011 ), #3400, .T. ) ;
#7829 = ORIENTED_EDGE ( 'NONE', *, *, #355, .F. ) ;
#7830 = DIRECTION ( 'NONE',  ( 0.0000000000000000000, 9.451687981113238900E-017, 1.000000000000000000 ) ) ;
#7831 = VERTEX_POINT ( 'NONE', #2275 ) ;
#7832 = EDGE_CURVE ( 'NONE', #2828, #3722, #6044, .T. ) ;
#7833 = FACE_BOUND ( 'NONE', #89, .T. ) ;
#7834 = CARTESIAN_POINT ( 'NONE',  ( -8.924999999999997200, -0.05358983848622472800, -2.300000000000000300 ) ) ;
#7835 = CARTESIAN_POINT ( 'NONE',  ( -13.82499999999999400, 12.75000000000000200, -5.200000000000001100 ) ) ;
#7836 = ORIENTED_EDGE ( 'NONE', *, *, #6903, .T. ) ;
#7837 = ORIENTED_EDGE ( 'NONE', *, *, #4976, .F. ) ;
#7838 = ORIENTED_EDGE ( 'NONE', *, *, #3483, .F. ) ;
#7839 = ORIENTED_EDGE ( 'NONE', *, *, #6444, .F. ) ;
#7840 = EDGE_CURVE ( 'NONE', #1328, #8132, #4981, .T. ) ;
#7841 = ORIENTED_EDGE ( 'NONE', *, *, #3252, .T. ) ;
#7842 = CARTESIAN_POINT ( 'NONE',  ( 1.575000000000007500, 0.6999999999999999600, 8.349999999999999600 ) ) ;
#7843 = CARTESIAN_POINT ( 'NONE',  ( 32.67500000000000400, 0.6999999999999999600, 9.499999999999998200 ) ) ;
#7844 = DIRECTION ( 'NONE',  ( 0.0000000000000000000, -1.000000000000000000, 0.0000000000000000000 ) ) ;
#7845 = PLANE ( 'NONE',  #4340 ) ;
#7846 = ORIENTED_EDGE ( 'NONE', *, *, #1870, .F. ) ;
#7847 = ORIENTED_EDGE ( 'NONE', *, *, #4993, .T. ) ;
#7848 = VECTOR ( 'NONE', #2993, 1000.000000000000000 ) ;
#7849 = LINE ( 'NONE', #1510, #5199 ) ;
#7850 = EDGE_LOOP ( 'NONE', ( #1151, #951, #2647, #3598 ) ) ;
#7851 = VERTEX_POINT ( 'NONE', #5667 ) ;
#7852 = ORIENTED_EDGE ( 'NONE', *, *, #3618, .T. ) ;
#7853 = CARTESIAN_POINT ( 'NONE',  ( 0.2000000000000070300, 0.6000000000000000900, -5.899999999999997700 ) ) ;
#7854 = VECTOR ( 'NONE', #6620, 1000.000000000000000 ) ;
#7855 = STYLED_ITEM ( 'NONE', ( #5452 ), #5604 ) ;
#7856 = ORIENTED_EDGE ( 'NONE', *, *, #5662, .T. ) ;
#7857 = ORIENTED_EDGE ( 'NONE', *, *, #5569, .F. ) ;
#7858 = CIRCLE ( 'NONE', #4740, 0.2000000000000000900 ) ;
#7859 = DIRECTION ( 'NONE',  ( 0.0000000000000000000, 0.0000000000000000000, -1.000000000000000000 ) ) ;
#7860 = LINE ( 'NONE', #4175, #2561 ) ;
#7861 = EDGE_CURVE ( 'NONE', #7808, #3864, #649, .T. ) ;
#7862 = ORIENTED_EDGE ( 'NONE', *, *, #873, .T. ) ;
#7863 = EDGE_CURVE ( 'NONE', #4166, #4698, #6792, .T. ) ;
#7864 = CARTESIAN_POINT ( 'NONE',  ( 1.275000000000007500, 0.6000000000000000900, -6.499999999999999100 ) ) ;
#7865 = VECTOR ( 'NONE', #1676, 1000.000000000000000 ) ;
#7866 = EDGE_CURVE ( 'NONE', #5408, #1005, #2434, .T. ) ;
#7867 = DIRECTION ( 'NONE',  ( 0.0000000000000000000, 0.0000000000000000000, -1.000000000000000000 ) ) ;
#7868 = ORIENTED_EDGE ( 'NONE', *, *, #2562, .T. ) ;
#7869 = CARTESIAN_POINT ( 'NONE',  ( 1.875000000000007500, 0.6000000000000000900, -4.824999999999999300 ) ) ;
#7870 = CYLINDRICAL_SURFACE ( 'NONE', #1837, 2.700000000000001100 ) ;
#7871 = DIRECTION ( 'NONE',  ( 0.0000000000000000000, -1.000000000000000000, 0.0000000000000000000 ) ) ;
#7872 = CARTESIAN_POINT ( 'NONE',  ( -16.02499999999999100, 18.55000000000000100, -3.500000000000000000 ) ) ;
#7873 = AXIS2_PLACEMENT_3D ( 'NONE', #192, #161, #2103 ) ;
#7874 = CARTESIAN_POINT ( 'NONE',  ( 16.61500000000000600, 0.0000000000000000000, 9.750000000000000000 ) ) ;
#7875 = AXIS2_PLACEMENT_3D ( 'NONE', #522, #558, #2792 ) ;
#7876 = FACE_OUTER_BOUND ( 'NONE', #4520, .T. ) ;
#7877 = DIRECTION ( 'NONE',  ( 0.0000000000000000000, 1.000000000000000000, 0.0000000000000000000 ) ) ;
#7878 = FACE_OUTER_BOUND ( 'NONE', #5409, .T. ) ;
#7879 = CARTESIAN_POINT ( 'NONE',  ( 30.67500000000000800, 18.75000000000000000, -10.90000000000000000 ) ) ;
#7880 = ADVANCED_FACE ( 'NONE', ( #7652 ), #8067, .T. ) ;
#7881 = EDGE_CURVE ( 'NONE', #6295, #4771, #4766, .T. ) ;
#7882 = CIRCLE ( 'NONE', #4123, 2.149999999999999900 ) ;
#7883 = PRODUCT_RELATED_PRODUCT_CATEGORY ( 'part', '', ( #4121 ) ) ;
#7884 = VECTOR ( 'NONE', #6926, 1000.000000000000000 ) ;
#7885 = CARTESIAN_POINT ( 'NONE',  ( -9.560085296108592700, 18.75000000000000400, 2.500000000000000000 ) ) ;
#7886 = CARTESIAN_POINT ( 'NONE',  ( 1.575000000000007300, 0.1999999999999999800, 8.099999999999999600 ) ) ;
#7887 = DIRECTION ( 'NONE',  ( -1.000000000000000000, -0.0000000000000000000, 9.912705577010238600E-015 ) ) ;
#7888 = CARTESIAN_POINT ( 'NONE',  ( -11.82499999999999200, 18.75000000000000400, 5.200000000000001100 ) ) ;
#7889 = CARTESIAN_POINT ( 'NONE',  ( -31.89999999999999100, 21.30000000000000100, 0.8750000000003334000 ) ) ;
#7890 = VECTOR ( 'NONE', #2426, 1000.000000000000000 ) ;
#7891 = EDGE_CURVE ( 'NONE', #2427, #5713, #6571, .T. ) ;
#7892 = PLANE ( 'NONE',  #2771 ) ;
#7893 = ORIENTED_EDGE ( 'NONE', *, *, #6019, .F. ) ;
#7894 = CARTESIAN_POINT ( 'NONE',  ( -31.55000000000001500, 21.30000000000000100, -1.924999999999669900 ) ) ;
#7895 = DIRECTION ( 'NONE',  ( -0.0000000000000000000, 1.000000000000000000, 0.0000000000000000000 ) ) ;
#7896 = VECTOR ( 'NONE', #823, 1000.000000000000000 ) ;
#7897 = FILL_AREA_STYLE_COLOUR ( '', #6301 ) ;
#7898 = EDGE_CURVE ( 'NONE', #5397, #2432, #429, .T. ) ;
#7899 = DIRECTION ( 'NONE',  ( 0.0000000000000000000, -1.000000000000000000, 0.0000000000000000000 ) ) ;
#7900 = CARTESIAN_POINT ( 'NONE',  ( -31.89999999999999900, 25.30000000000000100, 0.5250000000003337600 ) ) ;
#7901 = VECTOR ( 'NONE', #6110, 1000.000000000000000 ) ;
#7902 = CARTESIAN_POINT ( 'NONE',  ( -6.624999999999996400, 21.82000000000000700, 2.299999999999999800 ) ) ;
#7903 = SURFACE_STYLE_FILL_AREA ( #4591 ) ;
#7904 = CYLINDRICAL_SURFACE ( 'NONE', #1424, 0.2999999999999999300 ) ;
#7905 = PLANE ( 'NONE',  #2371 ) ;
#7906 = AXIS2_PLACEMENT_3D ( 'NONE', #7992, #2618, #7925 ) ;
#7907 = ORIENTED_EDGE ( 'NONE', *, *, #7389, .F. ) ;
#7908 = CARTESIAN_POINT ( 'NONE',  ( 1.575000000000008800, 0.0000000000000000000, -8.349999999999999600 ) ) ;
#7909 = CARTESIAN_POINT ( 'NONE',  ( -9.791025403784438200, 18.75000000000000400, 2.500000000000000000 ) ) ;
#7910 = DIRECTION ( 'NONE',  ( -1.000000000000000000, -0.0000000000000000000, 0.0000000000000000000 ) ) ;
#7911 = VECTOR ( 'NONE', #1952, 1000.000000000000000 ) ;
#7912 = DIRECTION ( 'NONE',  ( -0.0000000000000000000, 0.0000000000000000000, -1.000000000000000000 ) ) ;
#7913 = ORIENTED_EDGE ( 'NONE', *, *, #2599, .F. ) ;
#7914 = CARTESIAN_POINT ( 'NONE',  ( 23.76500000000000400, 18.75000000000000000, -2.700000000000001100 ) ) ;
#7915 = ADVANCED_FACE ( 'NONE', ( #4043, #2223 ), #8341, .T. ) ;
#7916 = ORIENTED_EDGE ( 'NONE', *, *, #671, .T. ) ;
#7917 = AXIS2_PLACEMENT_3D ( 'NONE', #2582, #1157, #6582 ) ;
#7918 = VERTEX_POINT ( 'NONE', #2334 ) ;
#7919 = VECTOR ( 'NONE', #594, 1000.000000000000000 ) ;
#7920 = PLANE ( 'NONE',  #5612 ) ;
#7921 = AXIS2_PLACEMENT_3D ( 'NONE', #3871, #2468, #8621 ) ;
#7922 = CARTESIAN_POINT ( 'NONE',  ( 3.423247678597960900, 0.6999999999999999600, -7.298399070719416800 ) ) ;
#7923 = DIRECTION ( 'NONE',  ( 0.0000000000000000000, 0.0000000000000000000, 1.000000000000000000 ) ) ;
#7924 = EDGE_LOOP ( 'NONE', ( #7001, #6260, #6943, #7653 ) ) ;
#7925 = DIRECTION ( 'NONE',  ( 0.0000000000000000000, 0.0000000000000000000, 1.000000000000000000 ) ) ;
#7926 = DIRECTION ( 'NONE',  ( 1.000000000000000000, 0.0000000000000000000, -9.912705577010238600E-015 ) ) ;
#7927 = DIRECTION ( 'NONE',  ( 0.0000000000000000000, -1.000000000000000000, 0.0000000000000000000 ) ) ;
#7928 = EDGE_CURVE ( 'NONE', #7748, #5696, #2217, .T. ) ;
#7929 = ADVANCED_FACE ( 'NONE', ( #5625 ), #1147, .T. ) ;
#7930 = EDGE_LOOP ( 'NONE', ( #8069, #7604, #1379, #6118 ) ) ;
#7931 = CYLINDRICAL_SURFACE ( 'NONE', #3643, 0.2000000000000005100 ) ;
#7932 = CARTESIAN_POINT ( 'NONE',  ( -8.724999999999996100, 20.30358983848622900, -2.500000000000000000 ) ) ;
#7933 = CARTESIAN_POINT ( 'NONE',  ( -8.724999999999996100, -1.570000000000000100, -2.300000000000000300 ) ) ;
#7934 = DIRECTION ( 'NONE',  ( -0.0000000000000000000, 1.000000000000000000, -0.0000000000000000000 ) ) ;
#7935 = AXIS2_PLACEMENT_3D ( 'NONE', #1860, #5331, #1216 ) ;
#7936 = ORIENTED_EDGE ( 'NONE', *, *, #7735, .T. ) ;
#7937 = CARTESIAN_POINT ( 'NONE',  ( 34.87500000000000700, 0.0000000000000000000, 6.700000000000000200 ) ) ;
#7938 = ORIENTED_EDGE ( 'NONE', *, *, #2677, .F. ) ;
#7939 = ORIENTED_EDGE ( 'NONE', *, *, #5681, .T. ) ;
#7940 = VECTOR ( 'NONE', #2924, 1000.000000000000000 ) ;
#7941 = EDGE_CURVE ( 'NONE', #8705, #8353, #4840, .T. ) ;
#7942 = VERTEX_POINT ( 'NONE', #2250 ) ;
#7943 = DIRECTION ( 'NONE',  ( 0.0000000000000000000, 0.0000000000000000000, -1.000000000000000000 ) ) ;
#7944 = DIRECTION ( 'NONE',  ( 0.0000000000000000000, -1.000000000000000000, 0.0000000000000000000 ) ) ;
#7945 = DIRECTION ( 'NONE',  ( -1.000000000000000000, 0.0000000000000000000, 0.0000000000000000000 ) ) ;
#7946 = ORIENTED_EDGE ( 'NONE', *, *, #5830, .T. ) ;
#7947 = ORIENTED_EDGE ( 'NONE', *, *, #2195, .F. ) ;
#7948 = DIRECTION ( 'NONE',  ( -1.000000000000000000, 0.0000000000000000000, 0.0000000000000000000 ) ) ;
#7949 = CARTESIAN_POINT ( 'NONE',  ( -34.12499999999998600, 12.75000000000000400, 12.60000000000000000 ) ) ;
#7950 = ORIENTED_EDGE ( 'NONE', *, *, #6682, .F. ) ;
#7951 = ORIENTED_EDGE ( 'NONE', *, *, #1631, .F. ) ;
#7952 = VERTEX_POINT ( 'NONE', #5605 ) ;
#7953 = SPHERICAL_SURFACE ( 'NONE', #7198, 0.2000000000000000100 ) ;
#7954 = DIRECTION ( 'NONE',  ( 0.0000000000000000000, 0.0000000000000000000, 1.000000000000000000 ) ) ;
#7955 = DIRECTION ( 'NONE',  ( 1.000000000000000000, 0.0000000000000000000, -0.0000000000000000000 ) ) ;
#7956 = EDGE_LOOP ( 'NONE', ( #2773, #4635, #5941, #617 ) ) ;
#7957 = ORIENTED_EDGE ( 'NONE', *, *, #3003, .F. ) ;
#7958 = EDGE_LOOP ( 'NONE', ( #8610, #3183, #3632, #7802 ) ) ;
#7959 = CARTESIAN_POINT ( 'NONE',  ( -0.8249999999999924100, 18.44999999999999900, 11.19999999999999900 ) ) ;
#7960 = EDGE_CURVE ( 'NONE', #1005, #5408, #4300, .T. ) ;
#7961 = DIRECTION ( 'NONE',  ( 0.0000000000000000000, 0.0000000000000000000, 1.000000000000000000 ) ) ;
#7962 = ORIENTED_EDGE ( 'NONE', *, *, #5584, .F. ) ;
#7963 =( LENGTH_UNIT ( ) NAMED_UNIT ( * ) SI_UNIT ( .MILLI., .METRE. ) );
#7964 = ORIENTED_EDGE ( 'NONE', *, *, #7809, .F. ) ;
#7965 = CARTESIAN_POINT ( 'NONE',  ( 1.875000000000007500, 0.6000000000000000900, -6.499999999999999100 ) ) ;
#7966 = VERTEX_POINT ( 'NONE', #8423 ) ;
#7967 = FACE_OUTER_BOUND ( 'NONE', #1747, .T. ) ;
#7968 = SURFACE_STYLE_FILL_AREA ( #7273 ) ;
#7969 = CARTESIAN_POINT ( 'NONE',  ( 23.76500000000000400, -8.650000000000000400, -1.250000000000001100 ) ) ;
#7970 = DIRECTION ( 'NONE',  ( 0.5000000000000010000, -0.8660254037844381500, 0.0000000000000000000 ) ) ;
#7971 = ADVANCED_FACE ( 'NONE', ( #5360 ), #5689, .F. ) ;
#7972 = EDGE_CURVE ( 'NONE', #6479, #2427, #1857, .T. ) ;
#7973 = LINE ( 'NONE', #2017, #341 ) ;
#7974 = ORIENTED_EDGE ( 'NONE', *, *, #7673, .F. ) ;
#7975 = LINE ( 'NONE', #7886, #5407 ) ;
#7976 = CARTESIAN_POINT ( 'NONE',  ( 1.875000000000007500, 0.2000000000000000100, 4.824999999999999300 ) ) ;
#7977 = CARTESIAN_POINT ( 'NONE',  ( -8.924999999999997200, 21.82000000000000700, -2.300000000000000300 ) ) ;
#7978 = CARTESIAN_POINT ( 'NONE',  ( 23.76500000000000400, -0.2999999999999999900, 0.0000000000000000000 ) ) ;
#7979 = AXIS2_PLACEMENT_3D ( 'NONE', #2706, #7398, #583 ) ;
#7980 = DIRECTION ( 'NONE',  ( 1.000000000000000000, 0.0000000000000000000, 0.0000000000000000000 ) ) ;
#7982 = ADVANCED_FACE ( 'NONE', ( #4491 ), #7108, .T. ) ;
#7981 = CARTESIAN_POINT ( 'NONE',  ( 1.575000000000007300, 0.6999999999999999600, 6.200000000000000200 ) ) ;
#7983 = FACE_OUTER_BOUND ( 'NONE', #5236, .T. ) ;
#7984 = DIRECTION ( 'NONE',  ( 0.0000000000000000000, 0.0000000000000000000, -1.000000000000000000 ) ) ;
#7985 = AXIS2_PLACEMENT_3D ( 'NONE', #1473, #2159, #3534 ) ;
#7986 = ORIENTED_EDGE ( 'NONE', *, *, #6177, .F. ) ;
#7987 = LINE ( 'NONE', #1603, #6498 ) ;
#7988 = EDGE_CURVE ( 'NONE', #5713, #6782, #5445, .T. ) ;
#7989 = CARTESIAN_POINT ( 'NONE',  ( -25.12499999999998600, 20.15000000000000200, 5.200000000000002000 ) ) ;
#7990 = VECTOR ( 'NONE', #4749, 1000.000000000000000 ) ;
#7991 = DIRECTION ( 'NONE',  ( -1.000000000000000000, -0.0000000000000000000, -0.0000000000000000000 ) ) ;
#7992 = CARTESIAN_POINT ( 'NONE',  ( 35.17500000000001100, 18.75000000000000000, 6.700000000000000200 ) ) ;
#7993 = LINE ( 'NONE', #3124, #2788 ) ;
#7994 = DIRECTION ( 'NONE',  ( 0.0000000000000000000, 0.0000000000000000000, -1.000000000000000000 ) ) ;
#7995 = ORIENTED_EDGE ( 'NONE', *, *, #3032, .T. ) ;
#7996 = MECHANICAL_DESIGN_GEOMETRIC_PRESENTATION_REPRESENTATION (  '', ( #6801 ), #2074 ) ;
#7997 = FACE_BOUND ( 'NONE', #2126, .T. ) ;
#7998 = CARTESIAN_POINT ( 'NONE',  ( 16.61500000000000600, 0.6999999999999999600, 10.75000000000000200 ) ) ;
#7999 = CARTESIAN_POINT ( 'NONE',  ( -16.02499999999999100, 1.099999999999999900, 4.500000000000000900 ) ) ;
#8000 = PLANE ( 'NONE',  #6737 ) ;
#8001 = VECTOR ( 'NONE', #146, 1000.000000000000000 ) ;
#8002 = EDGE_CURVE ( 'NONE', #5389, #6466, #1505, .T. ) ;
#8003 = FACE_OUTER_BOUND ( 'NONE', #78, .T. ) ;
#8004 = CARTESIAN_POINT ( 'NONE',  ( 3.765000000000005500, 18.75000000000000000, 8.800000000000000700 ) ) ;
#8005 = LINE ( 'NONE', #6332, #7896 ) ;
#8006 = DIRECTION ( 'NONE',  ( 0.0000000000000000000, 0.0000000000000000000, -1.000000000000000000 ) ) ;
#8007 = DIRECTION ( 'NONE',  ( -0.0000000000000000000, -1.000000000000000000, -0.0000000000000000000 ) ) ;
#8008 = EDGE_CURVE ( 'NONE', #5450, #626, #7678, .T. ) ;
#8009 = ADVANCED_FACE ( 'NONE', ( #4285 ), #7237, .F. ) ;
#8010 = ORIENTED_EDGE ( 'NONE', *, *, #4612, .T. ) ;
#8011 = LINE ( 'NONE', #7123, #2166 ) ;
#8012 = FACE_OUTER_BOUND ( 'NONE', #7924, .T. ) ;
#8013 = ORIENTED_EDGE ( 'NONE', *, *, #6279, .F. ) ;
#8014 = CARTESIAN_POINT ( 'NONE',  ( 21.79840395607028800, 19.75000000000000000, 1.849999999999999400 ) ) ;
#8015 = EDGE_CURVE ( 'NONE', #8564, #528, #3833, .T. ) ;
#8016 = CARTESIAN_POINT ( 'NONE',  ( -0.8249999999999924100, 18.75000000000000000, 11.19999999999999900 ) ) ;
#8017 = CIRCLE ( 'NONE', #3114, 1.600000000000000800 ) ;
#8018 = ADVANCED_FACE ( 'NONE', ( #3631 ), #2192, .F. ) ;
#8019 = FILL_AREA_STYLE_COLOUR ( '', #1470 ) ;
#8020 = DIRECTION ( 'NONE',  ( -0.0000000000000000000, 1.000000000000000000, -0.0000000000000000000 ) ) ;
#8021 = ORIENTED_EDGE ( 'NONE', *, *, #3955, .T. ) ;
#8022 = EDGE_LOOP ( 'NONE', ( #5725, #6695, #2522, #4900 ) ) ;
#8023 = LINE ( 'NONE', #8645, #7911 ) ;
#8024 = AXIS2_PLACEMENT_3D ( 'NONE', #36, #3441, #6843 ) ;
#8025 = EDGE_LOOP ( 'NONE', ( #8481, #2649, #4004, #492, #205, #8568, #6846, #5091 ) ) ;
#8026 = EDGE_CURVE ( 'NONE', #2184, #4516, #3281, .T. ) ;
#8027 = PRODUCT_DEFINITION_CONTEXT ( 'detailed design', #1429, 'design' ) ;
#8028 = CARTESIAN_POINT ( 'NONE',  ( 16.61500000000000600, 0.0000000000000000000, -8.749999999999998200 ) ) ;
#8029 = PLANE ( 'NONE',  #6282 ) ;
#8030 = DIRECTION ( 'NONE',  ( -0.0000000000000000000, 1.000000000000000000, 0.0000000000000000000 ) ) ;
#8031 = DIRECTION ( 'NONE',  ( -1.000000000000000000, -0.0000000000000000000, -1.204669080539454300E-016 ) ) ;
#8032 = ORIENTED_EDGE ( 'NONE', *, *, #4814, .T. ) ;
#8033 = EDGE_CURVE ( 'NONE', #3387, #7516, #3130, .T. ) ;
#8034 = CIRCLE ( 'NONE', #453, 0.3000000000000016500 ) ;
#8035 = VERTEX_POINT ( 'NONE', #1737 ) ;
#8036 = FILL_AREA_STYLE_COLOUR ( '', #2098 ) ;
#8037 = AXIS2_PLACEMENT_3D ( 'NONE', #7049, #5661, #4233 ) ;
#8038 = ORIENTED_EDGE ( 'NONE', *, *, #7033, .T. ) ;
#8039 = CARTESIAN_POINT ( 'NONE',  ( 35.17500000000001100, 11.16227351442012000, -2.976514209802240800 ) ) ;
#8040 = FACE_OUTER_BOUND ( 'NONE', #8487, .T. ) ;
#8041 = CARTESIAN_POINT ( 'NONE',  ( 32.67500000000000400, 0.6999999999999999600, -7.500000000000002700 ) ) ;
#8042 = VERTEX_POINT ( 'NONE', #3136 ) ;
#8043 = DIRECTION ( 'NONE',  ( 0.0000000000000000000, -1.000000000000000000, 0.0000000000000000000 ) ) ;
#8044 = FILL_AREA_STYLE_COLOUR ( '', #7056 ) ;
#8045 = EDGE_CURVE ( 'NONE', #7512, #8799, #2051, .T. ) ;
#8046 = ORIENTED_EDGE ( 'NONE', *, *, #579, .F. ) ;
#8047 = ORIENTED_EDGE ( 'NONE', *, *, #6111, .F. ) ;
#8048 = VECTOR ( 'NONE', #8083, 1000.000000000000000 ) ;
#8049 = DIRECTION ( 'NONE',  ( 0.0000000000000000000, -1.000000000000000000, 0.0000000000000000000 ) ) ;
#8050 = ADVANCED_FACE ( 'NONE', ( #6402 ), #6434, .F. ) ;
#8051 = AXIS2_PLACEMENT_3D ( 'NONE', #8004, #3465, #4758 ) ;
#8052 = ORIENTED_EDGE ( 'NONE', *, *, #4258, .F. ) ;
#8053 = VECTOR ( 'NONE', #5290, 1000.000000000000000 ) ;
#8054 = EDGE_LOOP ( 'NONE', ( #7520, #6788, #1591, #7741 ) ) ;
#8055 = DIRECTION ( 'NONE',  ( -0.0000000000000000000, 0.0000000000000000000, 1.000000000000000000 ) ) ;
#8056 = VERTEX_POINT ( 'NONE', #343 ) ;
#8057 = VERTEX_POINT ( 'NONE', #1099 ) ;
#8058 = ORIENTED_EDGE ( 'NONE', *, *, #8207, .F. ) ;
#8059 = CARTESIAN_POINT ( 'NONE',  ( 12.76500000000000600, -1.770000000000000000, 0.0000000000000000000 ) ) ;
#8060 = ORIENTED_EDGE ( 'NONE', *, *, #5921, .T. ) ;
#8061 = EDGE_CURVE ( 'NONE', #5081, #7644, #7975, .T. ) ;
#8062 = DIRECTION ( 'NONE',  ( 0.0000000000000000000, 0.0000000000000000000, 1.000000000000000000 ) ) ;
#8063 = ORIENTED_EDGE ( 'NONE', *, *, #8346, .T. ) ;
#8064 = EDGE_LOOP ( 'NONE', ( #1555, #940, #1565, #843, #7621, #7208 ) ) ;
#8065 = CIRCLE ( 'NONE', #5212, 1.900000000000000600 ) ;
#8066 = DIRECTION ( 'NONE',  ( -0.0000000000000000000, 1.000000000000000000, -0.0000000000000000000 ) ) ;
#8067 = TOROIDAL_SURFACE ( 'NONE', #882, 4.200000000000002000, 0.2999999999999999900 ) ;
#8068 = CARTESIAN_POINT ( 'NONE',  ( -21.52499999999998800, 1.099999999999999900, -2.499999999999999600 ) ) ;
#8069 = ORIENTED_EDGE ( 'NONE', *, *, #3771, .F. ) ;
#8070 = ORIENTED_EDGE ( 'NONE', *, *, #4564, .F. ) ;
#8071 = VECTOR ( 'NONE', #3215, 1000.000000000000100 ) ;
#8072 = ORIENTED_EDGE ( 'NONE', *, *, #7861, .T. ) ;
#8073 = VERTEX_POINT ( 'NONE', #8607 ) ;
#8074 = CARTESIAN_POINT ( 'NONE',  ( 32.67500000000000400, 18.75000000000000000, 9.499999999999998200 ) ) ;
#8075 = LINE ( 'NONE', #3256, #4460 ) ;
#8076 = CIRCLE ( 'NONE', #1049, 0.2000000000000005100 ) ;
#8077 = EDGE_CURVE ( 'NONE', #8688, #4566, #1254, .T. ) ;
#8078 = CARTESIAN_POINT ( 'NONE',  ( 35.33318296233501600, 10.90468538383524000, -2.688344417323500000 ) ) ;
#8079 = LINE ( 'NONE', #5431, #6912 ) ;
#8080 = ORIENTED_EDGE ( 'NONE', *, *, #1721, .F. ) ;
#8081 = LINE ( 'NONE', #38, #3094 ) ;
#8082 = CARTESIAN_POINT ( 'NONE',  ( 1.275000000000007500, 0.6000000000000000900, -4.824999999999999300 ) ) ;
#8083 = DIRECTION ( 'NONE',  ( -0.0000000000000000000, 1.000000000000000000, -0.0000000000000000000 ) ) ;
#8084 = AXIS2_PLACEMENT_3D ( 'NONE', #2950, #299, #7699 ) ;
#8085 = CARTESIAN_POINT ( 'NONE',  ( 23.76500000000000400, 26.39999999999999900, -1.250000000000001100 ) ) ;
#8086 = LINE ( 'NONE', #6613, #2681 ) ;
#8087 = DIRECTION ( 'NONE',  ( 0.0000000000000000000, -1.000000000000000000, 0.0000000000000000000 ) ) ;
#8088 = LINE ( 'NONE', #1453, #459 ) ;
#8089 = CARTESIAN_POINT ( 'NONE',  ( -8.724999999999996100, 0.0000000000000000000, -2.300000000000000300 ) ) ;
#8090 = AXIS2_PLACEMENT_3D ( 'NONE', #5464, #6126, #712 ) ;
#8091 = CARTESIAN_POINT ( 'NONE',  ( 1.275000000000007500, 0.6000000000000000900, -7.574999999999999300 ) ) ;
#8092 = CARTESIAN_POINT ( 'NONE',  ( -6.624999999999996400, 22.02000000000000300, 2.500000000000000000 ) ) ;
#8093 = AXIS2_PLACEMENT_3D ( 'NONE', #1001, #7071, #7792 ) ;
#8094 = VECTOR ( 'NONE', #599, 1000.000000000000000 ) ;
#8095 = ADVANCED_FACE ( 'NONE', ( #5049 ), #656, .T. ) ;
#8096 = VECTOR ( 'NONE', #4995, 1000.000000000000000 ) ;
#8097 = VERTEX_POINT ( 'NONE', #5304 ) ;
#8098 = EDGE_CURVE ( 'NONE', #1192, #5798, #2446, .T. ) ;
#8099 = CARTESIAN_POINT ( 'NONE',  ( 34.87500000000000700, 18.75000000000000000, 6.700000000000000200 ) ) ;
#8100 = CARTESIAN_POINT ( 'NONE',  ( 1.575000000000007300, 0.6999999999999999600, -8.099999999999999600 ) ) ;
#8101 = CARTESIAN_POINT ( 'NONE',  ( -20.42499999999999000, 20.15000000000000200, 3.499999999999997300 ) ) ;
#8102 = CARTESIAN_POINT ( 'NONE',  ( -31.89999999999998400, 25.30000000000000100, 1.925000000000334000 ) ) ;
#8103 = FACE_OUTER_BOUND ( 'NONE', #1561, .T. ) ;
#8104 = AXIS2_PLACEMENT_3D ( 'NONE', #304, #7047, #7130 ) ;
#8105 = DIRECTION ( 'NONE',  ( 0.0000000000000000000, 0.0000000000000000000, -1.000000000000000000 ) ) ;
#8106 = ORIENTED_EDGE ( 'NONE', *, *, #6589, .T. ) ;
#8107 = VECTOR ( 'NONE', #3045, 1000.000000000000000 ) ;
#8108 = AXIS2_PLACEMENT_3D ( 'NONE', #236, #7726, #1628 ) ;
#8109 = ADVANCED_FACE ( 'NONE', ( #2666 ), #861, .F. ) ;
#8110 = ORIENTED_EDGE ( 'NONE', *, *, #8319, .F. ) ;
#8111 = VECTOR ( 'NONE', #1605, 1000.000000000000000 ) ;
#8112 = CARTESIAN_POINT ( 'NONE',  ( -0.8249999999999924100, 18.75000000000000000, 11.19999999999999900 ) ) ;
#8113 = EDGE_CURVE ( 'NONE', #4550, #8706, #4990, .T. ) ;
#8114 = FACE_OUTER_BOUND ( 'NONE', #4872, .T. ) ;
#8115 = VECTOR ( 'NONE', #4153, 1000.000000000000000 ) ;
#8116 = CARTESIAN_POINT ( 'NONE',  ( 2.950000000000007700, 0.6000000000000000900, -5.899999999999997700 ) ) ;
#8117 = AXIS2_PLACEMENT_3D ( 'NONE', #5996, #8591, #6561 ) ;
#8118 = ORIENTED_EDGE ( 'NONE', *, *, #8338, .F. ) ;
#8119 = CARTESIAN_POINT ( 'NONE',  ( -25.12499999999998900, 20.15000000000000200, -3.499999999999997300 ) ) ;
#8120 = VECTOR ( 'NONE', #2422, 1000.000000000000000 ) ;
#8121 = FACE_OUTER_BOUND ( 'NONE', #1344, .T. ) ;
#8122 = VERTEX_POINT ( 'NONE', #7325 ) ;
#8123 = ORIENTED_EDGE ( 'NONE', *, *, #5704, .F. ) ;
#8124 = EDGE_CURVE ( 'NONE', #2419, #448, #1178, .T. ) ;
#8125 = ORIENTED_EDGE ( 'NONE', *, *, #878, .T. ) ;
#8126 = FACE_OUTER_BOUND ( 'NONE', #8458, .T. ) ;
#8127 = CARTESIAN_POINT ( 'NONE',  ( -8.924999999999997200, -1.570000000000000100, -2.300000000000000300 ) ) ;
#8128 = EDGE_LOOP ( 'NONE', ( #212, #7936, #7082 ) ) ;
#8129 = PLANE ( 'NONE',  #532 ) ;
#8130 = CARTESIAN_POINT ( 'NONE',  ( -31.54999999999999400, 25.30000000000000100, 0.5250000000003303100 ) ) ;
#8131 = ORIENTED_EDGE ( 'NONE', *, *, #7380, .F. ) ;
#8132 = VERTEX_POINT ( 'NONE', #7977 ) ;
#8133 = CIRCLE ( 'NONE', #2418, 1.600000000000000800 ) ;
#8134 = DIRECTION ( 'NONE',  ( 0.0000000000000000000, 0.0000000000000000000, -1.000000000000000000 ) ) ;
#8135 = ORIENTED_EDGE ( 'NONE', *, *, #6327, .T. ) ;
#8136 = DIRECTION ( 'NONE',  ( 0.0000000000000000000, 1.219727444046192500E-016, 1.000000000000000000 ) ) ;
#8137 = ADVANCED_FACE ( 'NONE', ( #8292 ), #5208, .F. ) ;
#8138 = DIRECTION ( 'NONE',  ( -0.2588190451025178000, 0.0000000000000000000, -0.9659258262890692000 ) ) ;
#8139 = CARTESIAN_POINT ( 'NONE',  ( 35.77500000000001300, 7.974999999999999600, -3.100000000000000500 ) ) ;
#8140 = EDGE_LOOP ( 'NONE', ( #2665, #6351, #3039, #4756 ) ) ;
#8141 = VECTOR ( 'NONE', #5769, 1000.000000000000000 ) ;
#8142 = PRESENTATION_LAYER_ASSIGNMENT (  '', '', ( #1158 ) ) ;
#8143 = ORIENTED_EDGE ( 'NONE', *, *, #6939, .T. ) ;
#8144 = DIRECTION ( 'NONE',  ( 1.000000000000000000, 3.198396408832229900E-014, 0.0000000000000000000 ) ) ;
#8145 = EDGE_LOOP ( 'NONE', ( #1464, #7321, #4645, #187 ) ) ;
#8146 = CARTESIAN_POINT ( 'NONE',  ( -31.54999999999998600, 25.30000000000000100, 0.8750000000003299600 ) ) ;
#8148 = ADVANCED_FACE ( 'NONE', ( #6484 ), #1810, .T. ) ;
#8147 = CARTESIAN_POINT ( 'NONE',  ( 35.17500000000001100, 18.44999999999999900, 6.700000000000000200 ) ) ;
#8149 = CARTESIAN_POINT ( 'NONE',  ( 0.0000000000000000000, 20.89999999999999900, 0.0000000000000000000 ) ) ;
#8150 = EDGE_CURVE ( 'NONE', #3900, #1084, #8611, .T. ) ;
#8151 = CARTESIAN_POINT ( 'NONE',  ( -31.90000000000004100, 25.30000000000000100, -3.674999999999665900 ) ) ;
#8152 = ORIENTED_EDGE ( 'NONE', *, *, #1682, .F. ) ;
#8153 = FACE_OUTER_BOUND ( 'NONE', #5059, .T. ) ;
#8154 = AXIS2_PLACEMENT_3D ( 'NONE', #1481, #6259, #4246 ) ;
#8155 = ORIENTED_EDGE ( 'NONE', *, *, #445, .F. ) ;
#8156 = CARTESIAN_POINT ( 'NONE',  ( -21.52499999999998800, 0.09999999999999945000, -4.500000000000000900 ) ) ;
#8157 = EDGE_LOOP ( 'NONE', ( #7391, #1279, #6672, #8578 ) ) ;
#8158 = VERTEX_POINT ( 'NONE', #2578 ) ;
#8159 = AXIS2_PLACEMENT_3D ( 'NONE', #5637, #6196, #8310 ) ;
#8160 = DIRECTION ( 'NONE',  ( 1.982541115402067600E-014, -0.0000000000000000000, 1.000000000000000000 ) ) ;
#8161 = DIRECTION ( 'NONE',  ( -0.8660254037844405900, 0.4999999999999966700, 0.0000000000000000000 ) ) ;
#8162 = EDGE_LOOP ( 'NONE', ( #3311, #194, #6036, #2295 ) ) ;
#8163 = DIRECTION ( 'NONE',  ( 0.0000000000000000000, 0.0000000000000000000, 1.000000000000000000 ) ) ;
#8164 = PLANE ( 'NONE',  #2984 ) ;
#8165 = ORIENTED_EDGE ( 'NONE', *, *, #6919, .F. ) ;
#8166 = VECTOR ( 'NONE', #4027, 1000.000000000000100 ) ;
#8167 = DIRECTION ( 'NONE',  ( 0.0000000000000000000, -1.000000000000000000, 0.0000000000000000000 ) ) ;
#8168 = EDGE_CURVE ( 'NONE', #3043, #6001, #6804, .T. ) ;
#8169 = ORIENTED_EDGE ( 'NONE', *, *, #7090, .F. ) ;
#8170 = ORIENTED_EDGE ( 'NONE', *, *, #4830, .T. ) ;
#8171 = ORIENTED_EDGE ( 'NONE', *, *, #4224, .F. ) ;
#8172 = ORIENTED_EDGE ( 'NONE', *, *, #1814, .F. ) ;
#8173 = ORIENTED_EDGE ( 'NONE', *, *, #7245, .F. ) ;
#8174 = APPLICATION_CONTEXT ( 'automotive_design' ) ;
#8175 = ORIENTED_EDGE ( 'NONE', *, *, #6640, .T. ) ;
#8176 =( NAMED_UNIT ( * ) SI_UNIT ( $, .STERADIAN. ) SOLID_ANGLE_UNIT ( ) );
#8177 = ORIENTED_EDGE ( 'NONE', *, *, #6659, .T. ) ;
#8178 = DIRECTION ( 'NONE',  ( -1.000000000000000000, -0.0000000000000000000, -0.0000000000000000000 ) ) ;
#8179 = AXIS2_PLACEMENT_3D ( 'NONE', #5910, #3216, #1850 ) ;
#8180 = DIRECTION ( 'NONE',  ( 0.0000000000000000000, 1.000000000000000000, -0.0000000000000000000 ) ) ;
#8181 = EDGE_LOOP ( 'NONE', ( #7215, #5627, #3140, #3481 ) ) ;
#8182 = VECTOR ( 'NONE', #6187, 1000.000000000000000 ) ;
#8183 = CYLINDRICAL_SURFACE ( 'NONE', #8439, 6.000000000000000000 ) ;
#8184 = EDGE_CURVE ( 'NONE', #4315, #7335, #4552, .T. ) ;
#8185 = DIRECTION ( 'NONE',  ( 0.0000000000000000000, 0.0000000000000000000, -1.000000000000000000 ) ) ;
#8186 = CARTESIAN_POINT ( 'NONE',  ( 3.765000000000005500, 0.0000000000000000000, 10.34000000000000000 ) ) ;
#8187 = DIRECTION ( 'NONE',  ( -0.0000000000000000000, -1.000000000000000000, -0.0000000000000000000 ) ) ;
#8188 = CARTESIAN_POINT ( 'NONE',  ( 23.76500000000000400, -8.650000000000000400, 0.0000000000000000000 ) ) ;
#8189 = DIRECTION ( 'NONE',  ( 1.000000000000000000, 0.0000000000000000000, -0.0000000000000000000 ) ) ;
#8190 = VERTEX_POINT ( 'NONE', #2629 ) ;
#8191 = VERTEX_POINT ( 'NONE', #5980 ) ;
#8192 = CIRCLE ( 'NONE', #8211, 0.2000000000000005100 ) ;
#8193 = EDGE_CURVE ( 'NONE', #6153, #8353, #8075, .T. ) ;
#8194 = ADVANCED_FACE ( 'NONE', ( #4670 ), #8029, .F. ) ;
#8195 = DIRECTION ( 'NONE',  ( 0.0000000000000000000, 0.0000000000000000000, -1.000000000000000000 ) ) ;
#8196 = VECTOR ( 'NONE', #2437, 1000.000000000000100 ) ;
#8197 = ORIENTED_EDGE ( 'NONE', *, *, #1351, .F. ) ;
#8198 = VECTOR ( 'NONE', #6289, 1000.000000000000000 ) ;
#8199 = ADVANCED_FACE ( 'NONE', ( #235 ), #7442, .T. ) ;
#8200 = AXIS2_PLACEMENT_3D ( 'NONE', #4433, #2293, #2383 ) ;
#8201 = CIRCLE ( 'NONE', #4402, 0.5999999999999985300 ) ;
#8202 = DIRECTION ( 'NONE',  ( -0.0000000000000000000, 1.000000000000000000, -0.0000000000000000000 ) ) ;
#8203 = EDGE_CURVE ( 'NONE', #7815, #6255, #2883, .T. ) ;
#8204 = VECTOR ( 'NONE', #6734, 1000.000000000000000 ) ;
#8205 = DIRECTION ( 'NONE',  ( 1.000000000000000000, 3.198396408832229900E-014, 0.0000000000000000000 ) ) ;
#8206 = VERTEX_POINT ( 'NONE', #7287 ) ;
#8207 = EDGE_CURVE ( 'NONE', #5282, #2643, #7224, .T. ) ;
#8208 = CIRCLE ( 'NONE', #8215, 0.2999999999999999300 ) ;
#8209 = CIRCLE ( 'NONE', #1886, 1.100000000000000300 ) ;
#8210 = PLANE ( 'NONE',  #5542 ) ;
#8211 = AXIS2_PLACEMENT_3D ( 'NONE', #3432, #1378, #8205 ) ;
#8212 = CARTESIAN_POINT ( 'NONE',  ( -26.62499999999998600, 6.442151305867749800, 5.200000000000002000 ) ) ;
#8213 = DIRECTION ( 'NONE',  ( 0.0000000000000000000, 0.0000000000000000000, -1.000000000000000000 ) ) ;
#8214 = DIRECTION ( 'NONE',  ( -1.000000000000000000, 0.0000000000000000000, 0.0000000000000000000 ) ) ;
#8215 = AXIS2_PLACEMENT_3D ( 'NONE', #1532, #4322, #3558 ) ;
#8216 = CARTESIAN_POINT ( 'NONE',  ( 16.61500000000000600, 0.6999999999999999600, 9.750000000000000000 ) ) ;
#8217 = VECTOR ( 'NONE', #7533, 1000.000000000000000 ) ;
#8218 = EDGE_CURVE ( 'NONE', #7700, #1260, #6157, .T. ) ;
#8219 = DIRECTION ( 'NONE',  ( 0.0000000000000000000, 0.0000000000000000000, 1.000000000000000000 ) ) ;
#8220 = DIRECTION ( 'NONE',  ( 1.000000000000000000, -0.0000000000000000000, -0.0000000000000000000 ) ) ;
#8221 = CARTESIAN_POINT ( 'NONE',  ( -31.55000000000000100, 25.30000000000000100, -0.5249999999996698400 ) ) ;
#8222 = DIRECTION ( 'NONE',  ( -0.0000000000000000000, 1.000000000000000000, 0.0000000000000000000 ) ) ;
#8223 = VERTEX_POINT ( 'NONE', #6008 ) ;
#8224 = VECTOR ( 'NONE', #3732, 1000.000000000000000 ) ;
#8225 = EDGE_CURVE ( 'NONE', #2952, #6262, #3086, .T. ) ;
#8226 = AXIS2_PLACEMENT_3D ( 'NONE', #567, #5288, #3278 ) ;
#8227 = CIRCLE ( 'NONE', #7166, 2.149999999999999900 ) ;
#8228 = EDGE_LOOP ( 'NONE', ( #2926, #5150, #4129, #4779 ) ) ;
#8229 = CARTESIAN_POINT ( 'NONE',  ( -6.624999999999996400, 21.82000000000000700, -2.299999999999999800 ) ) ;
#8230 = ADVANCED_FACE ( 'NONE', ( #4050 ), #8724, .T. ) ;
#8231 = CARTESIAN_POINT ( 'NONE',  ( -9.791025403784443500, 18.75000000000000000, -2.417157287525382200 ) ) ;
#8232 = EDGE_CURVE ( 'NONE', #1872, #7831, #4255, .T. ) ;
#8233 = EDGE_CURVE ( 'NONE', #7548, #6252, #6907, .T. ) ;
#8234 = CARTESIAN_POINT ( 'NONE',  ( 35.33317554716878600, 10.90469195514966600, 2.688352078543569100 ) ) ;
#8235 = VECTOR ( 'NONE', #4382, 1000.000000000000000 ) ;
#8236 = DIRECTION ( 'NONE',  ( -1.000000000000000000, 0.0000000000000000000, 0.0000000000000000000 ) ) ;
#8237 = DIRECTION ( 'NONE',  ( -1.000000000000000000, 0.0000000000000000000, -0.0000000000000000000 ) ) ;
#8238 = ORIENTED_EDGE ( 'NONE', *, *, #6231, .T. ) ;
#8239 = CARTESIAN_POINT ( 'NONE',  ( -33.12499999999999300, 25.89999999999999900, -5.000000000000000900 ) ) ;
#8241 = ADVANCED_FACE ( 'NONE', ( #1488 ), #8395, .T. ) ;
#8240 = CARTESIAN_POINT ( 'NONE',  ( -0.8249999999999924100, 0.3000000000000016500, -10.90000000000000000 ) ) ;
#8242 = CARTESIAN_POINT ( 'NONE',  ( 3.423247678597963500, 0.6999999999999995100, -7.298399070719413300 ) ) ;
#8243 = VERTEX_POINT ( 'NONE', #1324 ) ;
#8244 = LINE ( 'NONE', #1303, #7919 ) ;
#8245 = CARTESIAN_POINT ( 'NONE',  ( 23.76500000000000400, 26.39999999999999900, 0.0000000000000000000 ) ) ;
#8246 = EDGE_CURVE ( 'NONE', #189, #2034, #1694, .T. ) ;
#8247 = ORIENTED_EDGE ( 'NONE', *, *, #7587, .F. ) ;
#8248 = CARTESIAN_POINT ( 'NONE',  ( 1.875000000000007500, 0.6000000000000000900, -6.499999999999999100 ) ) ;
#8249 = CARTESIAN_POINT ( 'NONE',  ( -31.90000000000001300, 21.30000000000000100, -0.8749999999996659300 ) ) ;
#8250 = ORIENTED_EDGE ( 'NONE', *, *, #142, .T. ) ;
#8251 = DIRECTION ( 'NONE',  ( 1.000000000000000000, 0.0000000000000000000, 4.336808689942010300E-016 ) ) ;
#8252 = LINE ( 'NONE', #4210, #731 ) ;
#8253 = ORIENTED_EDGE ( 'NONE', *, *, #4184, .F. ) ;
#8254 = AXIS2_PLACEMENT_3D ( 'NONE', #8482, #5036, #8453 ) ;
#8255 = SURFACE_STYLE_USAGE ( .BOTH. , #8713 ) ;
#8256 = ORIENTED_EDGE ( 'NONE', *, *, #1252, .F. ) ;
#8257 = LINE ( 'NONE', #7989, #6658 ) ;
#8258 = ORIENTED_EDGE ( 'NONE', *, *, #4053, .T. ) ;
#8259 = VERTEX_POINT ( 'NONE', #4069 ) ;
#8260 = AXIS2_PLACEMENT_3D ( 'NONE', #7679, #5587, #2903 ) ;
#8261 = ORIENTED_EDGE ( 'NONE', *, *, #4734, .F. ) ;
#8262 = AXIS2_PLACEMENT_3D ( 'NONE', #1535, #4208, #5539 ) ;
#8263 = ORIENTED_EDGE ( 'NONE', *, *, #5752, .F. ) ;
#8264 = LINE ( 'NONE', #2660, #4026 ) ;
#8265 = CARTESIAN_POINT ( 'NONE',  ( -34.12499999999998600, 20.15000000000000200, 4.500000000000000900 ) ) ;
#8266 = DIRECTION ( 'NONE',  ( 0.0000000000000000000, 0.0000000000000000000, -1.000000000000000000 ) ) ;
#8267 = ORIENTED_EDGE ( 'NONE', *, *, #6207, .T. ) ;
#8268 = VERTEX_POINT ( 'NONE', #7501 ) ;
#8269 = EDGE_CURVE ( 'NONE', #4498, #1271, #3185, .T. ) ;
#8270 = EDGE_LOOP ( 'NONE', ( #6764, #4237, #557, #4098, #1369, #3285, #1068, #7825, #2646, #6745, #2596, #1222 ) ) ;
#8271 = ORIENTED_EDGE ( 'NONE', *, *, #1654, .F. ) ;
#8272 = ORIENTED_EDGE ( 'NONE', *, *, #5061, .F. ) ;
#8273 = ADVANCED_FACE ( 'NONE', ( #8500 ), #2694, .F. ) ;
#8274 = EDGE_LOOP ( 'NONE', ( #6897, #1175, #3163, #1761 ) ) ;
#8275 =( GEOMETRIC_REPRESENTATION_CONTEXT ( 3 ) GLOBAL_UNCERTAINTY_ASSIGNED_CONTEXT ( ( #4358 ) ) GLOBAL_UNIT_ASSIGNED_CONTEXT ( ( #5997, #3942, #2624 ) ) REPRESENTATION_CONTEXT ( 'NONE', 'WORKASPACE' ) );
#8276 = DIRECTION ( 'NONE',  ( 1.000000000000000000, 0.0000000000000000000, -9.912705577010238600E-015 ) ) ;
#8277 = DIRECTION ( 'NONE',  ( -1.000000000000000000, 0.0000000000000000000, 0.0000000000000000000 ) ) ;
#8278 = VERTEX_POINT ( 'NONE', #4759 ) ;
#8279 = ORIENTED_EDGE ( 'NONE', *, *, #6575, .T. ) ;
#8280 = LINE ( 'NONE', #7437, #2869 ) ;
#8281 = CIRCLE ( 'NONE', #7069, 0.2999999999999999300 ) ;
#8282 = ORIENTED_EDGE ( 'NONE', *, *, #6809, .F. ) ;
#8283 = DIRECTION ( 'NONE',  ( 0.0000000000000000000, 0.0000000000000000000, 1.000000000000000000 ) ) ;
#8284 = ORIENTED_EDGE ( 'NONE', *, *, #2901, .T. ) ;
#8285 = ORIENTED_EDGE ( 'NONE', *, *, #270, .T. ) ;
#8286 = DIRECTION ( 'NONE',  ( 1.204669080539454300E-016, 0.0000000000000000000, -1.000000000000000000 ) ) ;
#8287 = EDGE_CURVE ( 'NONE', #5422, #3570, #1380, .T. ) ;
#8288 = ADVANCED_FACE ( 'NONE', ( #5836, #6370 ), #8210, .T. ) ;
#8289 = FACE_OUTER_BOUND ( 'NONE', #5927, .T. ) ;
#8290 = VERTEX_POINT ( 'NONE', #6721 ) ;
#8291 = ORIENTED_EDGE ( 'NONE', *, *, #8113, .T. ) ;
#8292 = FACE_OUTER_BOUND ( 'NONE', #6687, .T. ) ;
#8293 = FACE_OUTER_BOUND ( 'NONE', #1600, .T. ) ;
#8294 = CARTESIAN_POINT ( 'NONE',  ( -31.89999999999998400, 25.30000000000000100, 1.925000000000334000 ) ) ;
#8295 = AXIS2_PLACEMENT_3D ( 'NONE', #5034, #950, #1677 ) ;
#8296 = DIRECTION ( 'NONE',  ( -0.0000000000000000000, -0.0000000000000000000, -1.000000000000000000 ) ) ;
#8297 = VECTOR ( 'NONE', #1416, 1000.000000000000000 ) ;
#8298 = DIRECTION ( 'NONE',  ( 0.0000000000000000000, 0.0000000000000000000, 1.000000000000000000 ) ) ;
#8299 = ORIENTED_EDGE ( 'NONE', *, *, #7550, .F. ) ;
#8300 = ORIENTED_EDGE ( 'NONE', *, *, #5420, .T. ) ;
#8301 = VERTEX_POINT ( 'NONE', #3347 ) ;
#8302 = VECTOR ( 'NONE', #5248, 1000.000000000000000 ) ;
#8303 = EDGE_CURVE ( 'NONE', #7014, #4561, #2232, .T. ) ;
#8304 = CARTESIAN_POINT ( 'NONE',  ( 21.79840395607028800, 27.40000000000000200, 1.849999999999999400 ) ) ;
#8305 = DIRECTION ( 'NONE',  ( 0.0000000000000000000, 1.000000000000000000, 0.0000000000000000000 ) ) ;
#8306 = VECTOR ( 'NONE', #6552, 1000.000000000000000 ) ;
#8307 = EDGE_CURVE ( 'NONE', #8469, #6865, #6266, .T. ) ;
#8308 = LINE ( 'NONE', #5693, #8198 ) ;
#8309 = CARTESIAN_POINT ( 'NONE',  ( 1.275000000000007500, 0.6000000000000000900, 4.824999999999999300 ) ) ;
#8310 = DIRECTION ( 'NONE',  ( 0.0000000000000000000, 0.0000000000000000000, -1.000000000000000000 ) ) ;
#8311 = CARTESIAN_POINT ( 'NONE',  ( -6.424999999999996300, -1.570000000000000100, -2.300000000000000300 ) ) ;
#8312 = CARTESIAN_POINT ( 'NONE',  ( -6.624999999999996400, 1.499999999999999800, -2.300000000000000300 ) ) ;
#8313 = LINE ( 'NONE', #1246, #6503 ) ;
#8314 = FACE_OUTER_BOUND ( 'NONE', #6368, .T. ) ;
#8315 = ORIENTED_EDGE ( 'NONE', *, *, #6612, .F. ) ;
#8316 = DIRECTION ( 'NONE',  ( -1.000000000000000000, -0.0000000000000000000, -0.0000000000000000000 ) ) ;
#8317 = AXIS2_PLACEMENT_3D ( 'NONE', #3557, #5001, #1592 ) ;
#8318 = DIRECTION ( 'NONE',  ( -0.0000000000000000000, -1.000000000000000000, -0.0000000000000000000 ) ) ;
#8319 = EDGE_CURVE ( 'NONE', #670, #4206, #5414, .T. ) ;
#8320 = FACE_OUTER_BOUND ( 'NONE', #2025, .T. ) ;
#8321 = PLANE ( 'NONE',  #3372 ) ;
#8322 = DIRECTION ( 'NONE',  ( 0.0000000000000000000, -1.000000000000000000, 0.0000000000000000000 ) ) ;
#8323 = VECTOR ( 'NONE', #5711, 1000.000000000000000 ) ;
#8324 = DIRECTION ( 'NONE',  ( 0.0000000000000000000, -1.000000000000000000, 0.0000000000000000000 ) ) ;
#8325 = EDGE_CURVE ( 'NONE', #396, #1898, #7858, .T. ) ;
#8326 = ORIENTED_EDGE ( 'NONE', *, *, #6338, .T. ) ;
#8327 = FACE_OUTER_BOUND ( 'NONE', #7043, .T. ) ;
#8328 = CIRCLE ( 'NONE', #1375, 2.700000000000001100 ) ;
#8329 = AXIS2_PLACEMENT_3D ( 'NONE', #8766, #3422, #8161 ) ;
#8331 = ADVANCED_FACE ( 'NONE', ( #2444 ), #6579, .T. ) ;
#8330 = DIRECTION ( 'NONE',  ( 0.0000000000000000000, 0.0000000000000000000, -1.000000000000000000 ) ) ;
#8332 = CARTESIAN_POINT ( 'NONE',  ( -33.12499999999999300, 25.89999999999999900, 5.000000000000000000 ) ) ;
#8333 = CIRCLE ( 'NONE', #1649, 1.000000000000000400 ) ;
#8334 = ORIENTED_EDGE ( 'NONE', *, *, #4240, .T. ) ;
#8335 = CARTESIAN_POINT ( 'NONE',  ( -34.12499999999998600, 7.500000000000000900, 5.200000000000002800 ) ) ;
#8336 = AXIS2_PLACEMENT_3D ( 'NONE', #5707, #1697, #933 ) ;
#8337 = ORIENTED_EDGE ( 'NONE', *, *, #1821, .T. ) ;
#8338 = EDGE_CURVE ( 'NONE', #6470, #5200, #4775, .T. ) ;
#8339 = LINE ( 'NONE', #5893, #7800 ) ;
#8340 = CARTESIAN_POINT ( 'NONE',  ( 23.76500000000000400, 0.0000000000000000000, 0.0000000000000000000 ) ) ;
#8341 = PLANE ( 'NONE',  #3738 ) ;
#8342 = VERTEX_POINT ( 'NONE', #4152 ) ;
#8343 = ORIENTED_EDGE ( 'NONE', *, *, #7339, .T. ) ;
#8344 = DIRECTION ( 'NONE',  ( 0.0000000000000000000, 0.0000000000000000000, -1.000000000000000000 ) ) ;
#8345 = VERTEX_POINT ( 'NONE', #2121 ) ;
#8346 = EDGE_CURVE ( 'NONE', #1985, #5485, #963, .T. ) ;
#8347 = AXIS2_PLACEMENT_3D ( 'NONE', #1091, #5818, #6535 ) ;
#8348 = FACE_OUTER_BOUND ( 'NONE', #8270, .T. ) ;
#8349 = ORIENTED_EDGE ( 'NONE', *, *, #319, .F. ) ;
#8350 = EDGE_CURVE ( 'NONE', #4551, #7196, #6055, .T. ) ;
#8351 = DIRECTION ( 'NONE',  ( 0.0000000000000000000, 0.0000000000000000000, -1.000000000000000000 ) ) ;
#8352 = ORIENTED_EDGE ( 'NONE', *, *, #3799, .T. ) ;
#8353 = VERTEX_POINT ( 'NONE', #124 ) ;
#8354 = DIRECTION ( 'NONE',  ( -2.205236150722681400E-016, 0.0000000000000000000, 1.000000000000000000 ) ) ;
#8355 = DIRECTION ( 'NONE',  ( 1.982541115402067900E-014, 0.0000000000000000000, 1.000000000000000000 ) ) ;
#8356 = CARTESIAN_POINT ( 'NONE',  ( 16.61500000000000600, 0.6999999999999999600, -10.75000000000000200 ) ) ;
#8357 = DIRECTION ( 'NONE',  ( -0.0000000000000000000, 1.000000000000000000, -0.0000000000000000000 ) ) ;
#8358 = CARTESIAN_POINT ( 'NONE',  ( 32.67500000000000400, 18.55000000000000100, -8.500000000000000000 ) ) ;
#8359 = DIRECTION ( 'NONE',  ( 1.000000000000000000, 0.0000000000000000000, 0.0000000000000000000 ) ) ;
#8360 = VERTEX_POINT ( 'NONE', #4227 ) ;
#8361 = LINE ( 'NONE', #7853, #6547 ) ;
#8362 = ORIENTED_EDGE ( 'NONE', *, *, #2498, .T. ) ;
#8363 = DIRECTION ( 'NONE',  ( 1.000000000000000000, 0.0000000000000000000, 0.0000000000000000000 ) ) ;
#8364 = VERTEX_POINT ( 'NONE', #5562 ) ;
#8365 = ORIENTED_EDGE ( 'NONE', *, *, #2235, .T. ) ;
#8366 = DIRECTION ( 'NONE',  ( -0.0000000000000000000, -1.000000000000000000, -0.0000000000000000000 ) ) ;
#8367 = CARTESIAN_POINT ( 'NONE',  ( 0.0000000000000000000, -0.2999999999999999900, 0.0000000000000000000 ) ) ;
#8368 = CARTESIAN_POINT ( 'NONE',  ( 23.76500000000000400, 0.2000000000000000100, 0.0000000000000000000 ) ) ;
#8369 = CARTESIAN_POINT ( 'NONE',  ( -31.90000000000002000, 25.30000000000000100, -1.924999999999666300 ) ) ;
#8370 = EDGE_LOOP ( 'NONE', ( #5490, #6972, #99, #1744 ) ) ;
#8371 = LINE ( 'NONE', #6414, #2739 ) ;
#8372 = CARTESIAN_POINT ( 'NONE',  ( 0.5750000000000099500, 18.34999999999999800, 9.800000000000004300 ) ) ;
#8373 = ADVANCED_FACE ( 'NONE', ( #7662 ), #5535, .T. ) ;
#8374 = ORIENTED_EDGE ( 'NONE', *, *, #4071, .F. ) ;
#8375 = CARTESIAN_POINT ( 'NONE',  ( -11.82499999999999200, 1.499999999999999600, -5.200000000000000200 ) ) ;
#8376 = VERTEX_POINT ( 'NONE', #2837 ) ;
#8377 = ORIENTED_EDGE ( 'NONE', *, *, #1614, .T. ) ;
#8378 = VERTEX_POINT ( 'NONE', #6214 ) ;
#8379 = ORIENTED_EDGE ( 'NONE', *, *, #571, .F. ) ;
#8380 = CARTESIAN_POINT ( 'NONE',  ( 23.76500000000000400, 27.40000000000000200, 0.0000000000000000000 ) ) ;
#8381 = LINE ( 'NONE', #4594, #8166 ) ;
#8382 = CARTESIAN_POINT ( 'NONE',  ( 12.76500000000000600, -1.270000000000000000, 0.0000000000000000000 ) ) ;
#8383 = AXIS2_PLACEMENT_3D ( 'NONE', #8151, #4702, #4730 ) ;
#8384 = ORIENTED_EDGE ( 'NONE', *, *, #2430, .F. ) ;
#8385 = ORIENTED_EDGE ( 'NONE', *, *, #7431, .T. ) ;
#8386 = CIRCLE ( 'NONE', #97, 2.700000000000001100 ) ;
#8387 = EDGE_LOOP ( 'NONE', ( #5241, #4354, #271, #3396 ) ) ;
#8388 = AXIS2_PLACEMENT_3D ( 'NONE', #6095, #8138, #4001 ) ;
#8389 = ORIENTED_EDGE ( 'NONE', *, *, #5253, .T. ) ;
#8390 = VERTEX_POINT ( 'NONE', #4888 ) ;
#8391 = CARTESIAN_POINT ( 'NONE',  ( -31.54999999999995500, 25.30000000000000100, 3.675000000000330200 ) ) ;
#8392 = CARTESIAN_POINT ( 'NONE',  ( -16.02499999999999100, 1.099999999999999900, 3.500000000000000000 ) ) ;
#8393 = EDGE_CURVE ( 'NONE', #536, #7808, #2021, .T. ) ;
#8394 = ORIENTED_EDGE ( 'NONE', *, *, #445, .T. ) ;
#8395 = CYLINDRICAL_SURFACE ( 'NONE', #6564, 0.2000000000000000900 ) ;
#8396 = CYLINDRICAL_SURFACE ( 'NONE', #5709, 2.700000000000001100 ) ;
#8397 = AXIS2_PLACEMENT_3D ( 'NONE', #7016, #3654, #2291 ) ;
#8398 = CARTESIAN_POINT ( 'NONE',  ( 3.423247678597960400, 0.6999999999999999600, 7.298399070719416000 ) ) ;
#8399 = AXIS2_PLACEMENT_3D ( 'NONE', #1564, #2186, #2885 ) ;
#8400 = LINE ( 'NONE', #2096, #5949 ) ;
#8401 = CARTESIAN_POINT ( 'NONE',  ( 30.67500000000000800, 18.44999999999999900, 10.90000000000000000 ) ) ;
#8402 = ORIENTED_EDGE ( 'NONE', *, *, #7136, .F. ) ;
#8403 = FACE_OUTER_BOUND ( 'NONE', #3808, .T. ) ;
#8404 = DIRECTION ( 'NONE',  ( 0.0000000000000000000, 0.0000000000000000000, -1.000000000000000000 ) ) ;
#8405 = EDGE_CURVE ( 'NONE', #6797, #2965, #18, .T. ) ;
#8406 = FACE_OUTER_BOUND ( 'NONE', #4596, .T. ) ;
#8407 = VERTEX_POINT ( 'NONE', #8304 ) ;
#8408 = CIRCLE ( 'NONE', #6320, 0.9999999999999974500 ) ;
#8409 = DIRECTION ( 'NONE',  ( 0.0000000000000000000, 0.0000000000000000000, 1.000000000000000000 ) ) ;
#8410 = DIRECTION ( 'NONE',  ( 1.000000000000000000, -0.0000000000000000000, -0.0000000000000000000 ) ) ;
#8411 = PLANE ( 'NONE',  #3550 ) ;
#8412 = LINE ( 'NONE', #7134, #7030 ) ;
#8413 = EDGE_CURVE ( 'NONE', #550, #6569, #439, .T. ) ;
#8414 = CIRCLE ( 'NONE', #3257, 1.000000000000002700 ) ;
#8415 = DIRECTION ( 'NONE',  ( 1.000000000000000000, -0.0000000000000000000, -0.0000000000000000000 ) ) ;
#8416 = ADVANCED_FACE ( 'NONE', ( #5633 ), #2554, .T. ) ;
#8417 = VERTEX_POINT ( 'NONE', #2244 ) ;
#8418 = VECTOR ( 'NONE', #6163, 1000.000000000000000 ) ;
#8419 = FACE_BOUND ( 'NONE', #5790, .T. ) ;
#8420 = CARTESIAN_POINT ( 'NONE',  ( -31.90000000000000600, 25.30000000000000100, -0.5249999999996664000 ) ) ;
#8421 = CARTESIAN_POINT ( 'NONE',  ( -8.924999999999997200, 22.02000000000000300, 2.299999999999999800 ) ) ;
#8422 = ORIENTED_EDGE ( 'NONE', *, *, #8768, .F. ) ;
#8423 = CARTESIAN_POINT ( 'NONE',  ( -6.424999999999996300, 18.75000000000000400, 2.299999999999999800 ) ) ;
#8424 = DIRECTION ( 'NONE',  ( 0.0000000000000000000, -0.0000000000000000000, -1.000000000000000000 ) ) ;
#8425 = CARTESIAN_POINT ( 'NONE',  ( -8.924999999999997200, -1.770000000000000000, 2.299999999999999800 ) ) ;
#8426 = DIRECTION ( 'NONE',  ( 0.0000000000000000000, -1.000000000000000000, -0.0000000000000000000 ) ) ;
#8427 = LINE ( 'NONE', #3254, #6094 ) ;
#8428 = VECTOR ( 'NONE', #2065, 1000.000000000000000 ) ;
#8429 = AXIS2_PLACEMENT_3D ( 'NONE', #7430, #644, #3333 ) ;
#8430 =( GEOMETRIC_REPRESENTATION_CONTEXT ( 3 ) GLOBAL_UNCERTAINTY_ASSIGNED_CONTEXT ( ( #4042 ) ) GLOBAL_UNIT_ASSIGNED_CONTEXT ( ( #6144, #5579, #5694 ) ) REPRESENTATION_CONTEXT ( 'NONE', 'WORKASPACE' ) );
#8431 = DIRECTION ( 'NONE',  ( -0.0000000000000000000, 0.0000000000000000000, -1.000000000000000000 ) ) ;
#8432 = ORIENTED_EDGE ( 'NONE', *, *, #1006, .T. ) ;
#8433 = VECTOR ( 'NONE', #7039, 1000.000000000000000 ) ;
#8434 = VECTOR ( 'NONE', #3662, 1000.000000000000000 ) ;
#8435 = EDGE_CURVE ( 'NONE', #4111, #1923, #659, .T. ) ;
#8436 = VERTEX_POINT ( 'NONE', #5628 ) ;
#8437 = DIRECTION ( 'NONE',  ( 0.0000000000000000000, 0.0000000000000000000, -1.000000000000000000 ) ) ;
#8438 = CARTESIAN_POINT ( 'NONE',  ( -6.624999999999996400, -1.770000000000000000, -2.300000000000000300 ) ) ;
#8439 = AXIS2_PLACEMENT_3D ( 'NONE', #376, #3095, #3786 ) ;
#8440 = CARTESIAN_POINT ( 'NONE',  ( 1.275000000000007500, 0.6000000000000000900, -6.499999999999999100 ) ) ;
#8441 = DIRECTION ( 'NONE',  ( 0.0000000000000000000, 0.0000000000000000000, -1.000000000000000000 ) ) ;
#8442 = LINE ( 'NONE', #5764, #1232 ) ;
#8443 = DIRECTION ( 'NONE',  ( 0.0000000000000000000, 0.0000000000000000000, -1.000000000000000000 ) ) ;
#8444 = AXIS2_PLACEMENT_3D ( 'NONE', #3187, #5846, #470 ) ;
#8445 = VERTEX_POINT ( 'NONE', #7683 ) ;
#8446 = ORIENTED_EDGE ( 'NONE', *, *, #7881, .T. ) ;
#8447 = CARTESIAN_POINT ( 'NONE',  ( -26.62499999999998900, 25.89999999999999900, -6.000000000000000900 ) ) ;
#8448 = EDGE_CURVE ( 'NONE', #1720, #4743, #2981, .T. ) ;
#8449 = ORIENTED_EDGE ( 'NONE', *, *, #5339, .T. ) ;
#8450 = DIRECTION ( 'NONE',  ( 0.0000000000000000000, -2.125886612716674300E-017, -1.000000000000000000 ) ) ;
#8451 = CARTESIAN_POINT ( 'NONE',  ( 0.5750000000000099500, 18.75000000000000000, 10.90000000000000000 ) ) ;
#8452 = FACE_OUTER_BOUND ( 'NONE', #3819, .T. ) ;
#8453 = DIRECTION ( 'NONE',  ( 0.0000000000000000000, -0.0000000000000000000, -1.000000000000000000 ) ) ;
#8454 = VERTEX_POINT ( 'NONE', #7563 ) ;
#8455 = DIRECTION ( 'NONE',  ( -0.0000000000000000000, 1.000000000000000000, -0.0000000000000000000 ) ) ;
#8456 = AXIS2_PLACEMENT_3D ( 'NONE', #5956, #1943, #5355 ) ;
#8457 = ADVANCED_FACE ( 'NONE', ( #7967 ), #5682, .F. ) ;
#8458 = EDGE_LOOP ( 'NONE', ( #3938, #6240 ) ) ;
#8459 = ORIENTED_EDGE ( 'NONE', *, *, #8512, .T. ) ;
#8460 = VECTOR ( 'NONE', #1123, 1000.000000000000000 ) ;
#8461 = EDGE_CURVE ( 'NONE', #1328, #2423, #7651, .T. ) ;
#8462 = DIRECTION ( 'NONE',  ( -1.000000000000000000, 0.0000000000000000000, 0.0000000000000000000 ) ) ;
#8463 = EDGE_LOOP ( 'NONE', ( #3302, #3133, #6908, #6641 ) ) ;
#8464 = CARTESIAN_POINT ( 'NONE',  ( 0.0000000000000000000, 21.30000000000000100, 0.0000000000000000000 ) ) ;
#8465 = DIRECTION ( 'NONE',  ( -0.0000000000000000000, -1.000000000000000000, 0.0000000000000000000 ) ) ;
#8466 = ORIENTED_EDGE ( 'NONE', *, *, #282, .T. ) ;
#8467 = VECTOR ( 'NONE', #6644, 1000.000000000000000 ) ;
#8468 = VERTEX_POINT ( 'NONE', #7788 ) ;
#8469 = VERTEX_POINT ( 'NONE', #7067 ) ;
#8470 = EDGE_CURVE ( 'NONE', #8190, #7748, #7006, .T. ) ;
#8471 = ORIENTED_EDGE ( 'NONE', *, *, #8033, .F. ) ;
#8472 = CARTESIAN_POINT ( 'NONE',  ( -11.82499999999999200, 12.75000000000000200, -12.06410161513776000 ) ) ;
#8473 = VERTEX_POINT ( 'NONE', #7736 ) ;
#8474 = VECTOR ( 'NONE', #2055, 1000.000000000000000 ) ;
#8475 = ORIENTED_EDGE ( 'NONE', *, *, #2954, .F. ) ;
#8476 = CARTESIAN_POINT ( 'NONE',  ( 35.38513020980073500, 7.888782025660451500, -2.637489285131167100 ) ) ;
#8477 = ORIENTED_EDGE ( 'NONE', *, *, #6626, .F. ) ;
#8478 = EDGE_LOOP ( 'NONE', ( #1882, #3812, #5086, #6274 ) ) ;
#8479 = CARTESIAN_POINT ( 'NONE',  ( -6.624999999999996400, 0.0000000000000000000, 2.299999999999999800 ) ) ;
#8480 = AXIS2_PLACEMENT_3D ( 'NONE', #2663, #7440, #7408 ) ;
#8481 = ORIENTED_EDGE ( 'NONE', *, *, #4863, .T. ) ;
#8482 = CARTESIAN_POINT ( 'NONE',  ( 23.76500000000000400, -7.649999999999999500, 0.0000000000000000000 ) ) ;
#8483 = DIRECTION ( 'NONE',  ( 0.0000000000000000000, 1.000000000000000000, -8.340016711426954100E-017 ) ) ;
#8484 = ORIENTED_EDGE ( 'NONE', *, *, #3611, .T. ) ;
#8485 = EDGE_LOOP ( 'NONE', ( #2077, #6587, #7322, #1294 ) ) ;
#8486 = EDGE_CURVE ( 'NONE', #5172, #1153, #5624, .T. ) ;
#8487 = EDGE_LOOP ( 'NONE', ( #42, #318, #4459, #4348 ) ) ;
#8488 = EDGE_CURVE ( 'NONE', #4104, #2202, #1906, .T. ) ;
#8489 = ORIENTED_EDGE ( 'NONE', *, *, #5987, .T. ) ;
#8490 = ORIENTED_EDGE ( 'NONE', *, *, #7431, .F. ) ;
#8491 = CIRCLE ( 'NONE', #4920, 0.3000000000000016500 ) ;
#8492 = EDGE_CURVE ( 'NONE', #3109, #8576, #648, .T. ) ;
#8493 = EDGE_LOOP ( 'NONE', ( #7119, #7750, #3356, #1891 ) ) ;
#8494 = CARTESIAN_POINT ( 'NONE',  ( 1.275000000000007500, 0.2000000000000000100, 7.574999999999999300 ) ) ;
#8495 = CARTESIAN_POINT ( 'NONE',  ( -33.12499999999999300, 25.89999999999999900, -5.000000000000000900 ) ) ;
#8496 = AXIS2_PLACEMENT_3D ( 'NONE', #6077, #4679, #1356 ) ;
#8497 = ORIENTED_EDGE ( 'NONE', *, *, #6045, .T. ) ;
#8498 = AXIS2_PLACEMENT_3D ( 'NONE', #2479, #3192, #3160 ) ;
#8499 = ORIENTED_EDGE ( 'NONE', *, *, #6497, .F. ) ;
#8500 = FACE_OUTER_BOUND ( 'NONE', #6861, .T. ) ;
#8501 = CARTESIAN_POINT ( 'NONE',  ( -31.90000000000003400, 25.30000000000000100, -3.324999999999666200 ) ) ;
#8502 = CARTESIAN_POINT ( 'NONE',  ( -34.12499999999998600, 20.15000000000000200, 5.200000000000001100 ) ) ;
#8503 = ADVANCED_FACE ( 'NONE', ( #1685 ), #5024, .F. ) ;
#8504 = DIRECTION ( 'NONE',  ( 0.0000000000000000000, 0.0000000000000000000, 1.000000000000000000 ) ) ;
#8505 = EDGE_CURVE ( 'NONE', #1084, #3579, #7327, .T. ) ;
#8506 = CIRCLE ( 'NONE', #5429, 9.600000000000001400 ) ;
#8507 = ORIENTED_EDGE ( 'NONE', *, *, #8642, .F. ) ;
#8508 = ORIENTED_EDGE ( 'NONE', *, *, #1959, .F. ) ;
#8509 = LINE ( 'NONE', #5862, #1819 ) ;
#8510 = DIRECTION ( 'NONE',  ( 0.0000000000000000000, 1.000000000000000000, 0.0000000000000000000 ) ) ;
#8511 = DIRECTION ( 'NONE',  ( 0.0000000000000000000, -1.000000000000000000, 0.0000000000000000000 ) ) ;
#8512 = EDGE_CURVE ( 'NONE', #8592, #943, #3726, .T. ) ;
#8513 = AXIS2_PLACEMENT_3D ( 'NONE', #123, #1437, #4905 ) ;
#8514 = DIRECTION ( 'NONE',  ( 1.000000000000000000, 0.0000000000000000000, 0.0000000000000000000 ) ) ;
#8515 = CARTESIAN_POINT ( 'NONE',  ( 1.275000000000007500, 0.2000000000000000100, 7.574999999999999300 ) ) ;
#8516 = DIRECTION ( 'NONE',  ( 0.0000000000000000000, 0.0000000000000000000, -1.000000000000000000 ) ) ;
#8517 = LINE ( 'NONE', #2283, #6071 ) ;
#8518 = LINE ( 'NONE', #2564, #1203 ) ;
#8519 = EDGE_CURVE ( 'NONE', #8698, #8705, #2656, .T. ) ;
#8520 = ORIENTED_EDGE ( 'NONE', *, *, #452, .T. ) ;
#8521 = CARTESIAN_POINT ( 'NONE',  ( 0.2000000000000070300, 0.1999999999999999800, -6.499999999999998200 ) ) ;
#8522 = VECTOR ( 'NONE', #976, 1000.000000000000000 ) ;
#8523 = CARTESIAN_POINT ( 'NONE',  ( -6.624999999999996400, -1.570000000000000100, -2.299999999999999800 ) ) ;
#8524 = CARTESIAN_POINT ( 'NONE',  ( 0.2000000000000070300, 0.6000000000000000900, -5.899999999999997700 ) ) ;
#8525 = FACE_OUTER_BOUND ( 'NONE', #1030, .T. ) ;
#8526 = CARTESIAN_POINT ( 'NONE',  ( -16.02499999999999100, 20.15000000000000200, -4.500000000000000900 ) ) ;
#8527 = EDGE_CURVE ( 'NONE', #2643, #3923, #3616, .T. ) ;
#8528 = CARTESIAN_POINT ( 'NONE',  ( -8.724999999999996100, 22.02000000000000300, 2.500000000000000000 ) ) ;
#8529 = VECTOR ( 'NONE', #7631, 1000.000000000000000 ) ;
#8530 = DIRECTION ( 'NONE',  ( 1.000000000000000000, 0.0000000000000000000, -7.350523203291556200E-017 ) ) ;
#8531 = CARTESIAN_POINT ( 'NONE',  ( 1.575000000000007300, 0.6999999999999999600, 6.200000000000000200 ) ) ;
#8532 = VECTOR ( 'NONE', #6305, 1000.000000000000000 ) ;
#8533 = DIRECTION ( 'NONE',  ( 1.000000000000000000, 0.0000000000000000000, 4.336808689942010300E-016 ) ) ;
#8534 = ORIENTED_EDGE ( 'NONE', *, *, #8618, .T. ) ;
#8535 = LINE ( 'NONE', #6348, #3223 ) ;
#8536 = LINE ( 'NONE', #4810, #8546 ) ;
#8537 = LINE ( 'NONE', #2783, #8217 ) ;
#8538 = VERTEX_POINT ( 'NONE', #5763 ) ;
#8539 = DIRECTION ( 'NONE',  ( -0.0000000000000000000, 0.0000000000000000000, 1.000000000000000000 ) ) ;
#8540 = DIRECTION ( 'NONE',  ( 1.000000000000000000, -0.0000000000000000000, -0.0000000000000000000 ) ) ;
#8541 = PLANE ( 'NONE',  #4724 ) ;
#8542 = ADVANCED_FACE ( 'NONE', ( #6997 ), #8715, .F. ) ;
#8543 = VERTEX_POINT ( 'NONE', #5052 ) ;
#8544 = VECTOR ( 'NONE', #7356, 1000.000000000000000 ) ;
#8545 = AXIS2_PLACEMENT_3D ( 'NONE', #1812, #346, #8575 ) ;
#8546 = VECTOR ( 'NONE', #809, 1000.000000000000000 ) ;
#8547 = VERTEX_POINT ( 'NONE', #998 ) ;
#8548 = AXIS2_PLACEMENT_3D ( 'NONE', #411, #4597, #7229 ) ;
#8549 = CARTESIAN_POINT ( 'NONE',  ( -20.42499999999999000, 6.442151305867749800, 3.499999999999997300 ) ) ;
#8550 = EDGE_LOOP ( 'NONE', ( #1020, #3718, #2868, #2632 ) ) ;
#8551 = PLANE ( 'NONE',  #8728 ) ;
#8552 = ORIENTED_EDGE ( 'NONE', *, *, #8303, .T. ) ;
#8553 = EDGE_CURVE ( 'NONE', #5081, #4022, #8065, .T. ) ;
#8554 = DIRECTION ( 'NONE',  ( -0.0000000000000000000, -1.000000000000000000, -0.0000000000000000000 ) ) ;
#8555 = LINE ( 'NONE', #7864, #4506 ) ;
#8556 = EDGE_LOOP ( 'NONE', ( #2255, #5219 ) ) ;
#8557 =( NAMED_UNIT ( * ) SI_UNIT ( $, .STERADIAN. ) SOLID_ANGLE_UNIT ( ) );
#8558 = CARTESIAN_POINT ( 'NONE',  ( -21.52499999999998800, 0.09999999999999988100, 2.499999999999999600 ) ) ;
#8559 = CARTESIAN_POINT ( 'NONE',  ( -33.12499999999999300, 20.89999999999999900, 5.000000000000000000 ) ) ;
#8560 = AXIS2_PLACEMENT_3D ( 'NONE', #7900, #5143, #5112 ) ;
#8561 = DIRECTION ( 'NONE',  ( -0.0000000000000000000, -1.000000000000000000, -0.0000000000000000000 ) ) ;
#8562 = DIRECTION ( 'NONE',  ( 0.0000000000000000000, -1.000000000000000000, 0.0000000000000000000 ) ) ;
#8563 = CARTESIAN_POINT ( 'NONE',  ( -20.72499999999999100, 18.55000000000000100, 3.199999999999997500 ) ) ;
#8564 = VERTEX_POINT ( 'NONE', #2381 ) ;
#8565 = DIRECTION ( 'NONE',  ( -1.000000000000000000, 0.0000000000000000000, 0.0000000000000000000 ) ) ;
#8566 = ORIENTED_EDGE ( 'NONE', *, *, #3144, .F. ) ;
#8567 = FACE_OUTER_BOUND ( 'NONE', #8463, .T. ) ;
#8568 = ORIENTED_EDGE ( 'NONE', *, *, #6035, .F. ) ;
#8569 = EDGE_CURVE ( 'NONE', #8445, #3263, #6893, .T. ) ;
#8570 = CARTESIAN_POINT ( 'NONE',  ( -34.12499999999998600, 12.75000000000000200, -12.60000000000000100 ) ) ;
#8571 = PLANE ( 'NONE',  #767 ) ;
#8572 = DIRECTION ( 'NONE',  ( 0.0000000000000000000, 0.0000000000000000000, 1.000000000000000000 ) ) ;
#8573 = ORIENTED_EDGE ( 'NONE', *, *, #2599, .T. ) ;
#8574 = FACE_OUTER_BOUND ( 'NONE', #1579, .T. ) ;
#8575 = DIRECTION ( 'NONE',  ( 0.0000000000000000000, 0.0000000000000000000, 1.000000000000000000 ) ) ;
#8576 = VERTEX_POINT ( 'NONE', #5739 ) ;
#8577 = AXIS2_PLACEMENT_3D ( 'NONE', #7177, #3113, #4727 ) ;
#8578 = ORIENTED_EDGE ( 'NONE', *, *, #8002, .T. ) ;
#8579 = CARTESIAN_POINT ( 'NONE',  ( 0.0000000000000000000, 21.30000000000000100, 0.0000000000000000000 ) ) ;
#8580 = PLANE ( 'NONE',  #206 ) ;
#8581 = ORIENTED_EDGE ( 'NONE', *, *, #172, .F. ) ;
#8582 = EDGE_CURVE ( 'NONE', #7647, #8789, #5826, .T. ) ;
#8583 = VECTOR ( 'NONE', #4339, 1000.000000000000000 ) ;
#8584 = ORIENTED_EDGE ( 'NONE', *, *, #1975, .T. ) ;
#8585 = CARTESIAN_POINT ( 'NONE',  ( -39.97500000000000100, 9.229210492142396300, 1.301042606982605300E-015 ) ) ;
#8586 = ORIENTED_EDGE ( 'NONE', *, *, #5206, .T. ) ;
#8587 = ORIENTED_EDGE ( 'NONE', *, *, #1521, .F. ) ;
#8588 = ORIENTED_EDGE ( 'NONE', *, *, #6399, .F. ) ;
#8589 = VERTEX_POINT ( 'NONE', #5658 ) ;
#8590 = DIRECTION ( 'NONE',  ( 0.0000000000000000000, 0.0000000000000000000, -1.000000000000000000 ) ) ;
#8591 = DIRECTION ( 'NONE',  ( 1.000000000000000000, 0.0000000000000000000, -1.982541115402067900E-014 ) ) ;
#8592 = VERTEX_POINT ( 'NONE', #1112 ) ;
#8593 = DIRECTION ( 'NONE',  ( -1.000000000000000000, 0.0000000000000000000, 0.0000000000000000000 ) ) ;
#8594 = LINE ( 'NONE', #8685, #1367 ) ;
#8595 = DIRECTION ( 'NONE',  ( 1.000000000000000000, 0.0000000000000000000, 2.205236150722681400E-016 ) ) ;
#8597 = ADVANCED_FACE ( 'NONE', ( #4149 ), #2009, .T. ) ;
#8596 = PLANE ( 'NONE',  #3607 ) ;
#8598 = DIRECTION ( 'NONE',  ( 0.0000000000000000000, 0.0000000000000000000, -1.000000000000000000 ) ) ;
#8599 = EDGE_LOOP ( 'NONE', ( #1477, #5152, #5803, #7907 ) ) ;
#8600 = EDGE_LOOP ( 'NONE', ( #6725, #1684, #6156, #6299 ) ) ;
#8601 = EDGE_LOOP ( 'NONE', ( #4644, #1434, #4338, #6454 ) ) ;
#8602 = FACE_OUTER_BOUND ( 'NONE', #1543, .T. ) ;
#8603 = EDGE_LOOP ( 'NONE', ( #3609, #2318, #7705 ) ) ;
#8604 = VERTEX_POINT ( 'NONE', #1140 ) ;
#8605 = ORIENTED_EDGE ( 'NONE', *, *, #3970, .F. ) ;
#8606 = VERTEX_POINT ( 'NONE', #4432 ) ;
#8607 = CARTESIAN_POINT ( 'NONE',  ( -13.82499999999999400, 12.75000000000000400, 12.60000000000000000 ) ) ;
#8608 = AXIS2_PLACEMENT_3D ( 'NONE', #6389, #8465, #4428 ) ;
#8609 = CARTESIAN_POINT ( 'NONE',  ( -29.52499999999998800, 25.89999999999999900, 4.599999999999999600 ) ) ;
#8610 = ORIENTED_EDGE ( 'NONE', *, *, #5253, .F. ) ;
#8611 = LINE ( 'NONE', #4007, #1078 ) ;
#8612 = CARTESIAN_POINT ( 'NONE',  ( 0.0000000000000000000, 21.82000000000000700, 2.299999999999999800 ) ) ;
#8613 = CIRCLE ( 'NONE', #6798, 1.000000000000000400 ) ;
#8614 = DIRECTION ( 'NONE',  ( -1.000000000000000000, -0.0000000000000000000, -0.0000000000000000000 ) ) ;
#8615 = AXIS2_PLACEMENT_3D ( 'NONE', #6580, #3228, #3893 ) ;
#8616 = ORIENTED_EDGE ( 'NONE', *, *, #1536, .F. ) ;
#8617 = VECTOR ( 'NONE', #4774, 1000.000000000000000 ) ;
#8618 = EDGE_CURVE ( 'NONE', #550, #2745, #4041, .T. ) ;
#8619 = DIRECTION ( 'NONE',  ( 1.000000000000000000, -0.0000000000000000000, -0.0000000000000000000 ) ) ;
#8620 = EDGE_LOOP ( 'NONE', ( #1472, #5392, #3720, #5840 ) ) ;
#8621 = DIRECTION ( 'NONE',  ( 0.0000000000000000000, 0.0000000000000000000, -1.000000000000000000 ) ) ;
#8622 = VECTOR ( 'NONE', #1415, 1000.000000000000000 ) ;
#8623 =( NAMED_UNIT ( * ) SI_UNIT ( $, .STERADIAN. ) SOLID_ANGLE_UNIT ( ) );
#8624 = DIRECTION ( 'NONE',  ( 0.0000000000000000000, 0.0000000000000000000, -1.000000000000000000 ) ) ;
#8625 = MECHANICAL_DESIGN_GEOMETRIC_PRESENTATION_REPRESENTATION (  '', ( #1172 ), #6962 ) ;
#8626 = AXIS2_PLACEMENT_3D ( 'NONE', #6529, #8740, #1200 ) ;
#8627 = VECTOR ( 'NONE', #1520, 1000.000000000000000 ) ;
#8628 = DIRECTION ( 'NONE',  ( -0.0000000000000000000, -1.000000000000000000, -0.0000000000000000000 ) ) ;
#8629 = VECTOR ( 'NONE', #7517, 1000.000000000000000 ) ;
#8630 = DIRECTION ( 'NONE',  ( 1.000000000000000000, 0.0000000000000000000, 0.0000000000000000000 ) ) ;
#8631 = DIRECTION ( 'NONE',  ( -0.0000000000000000000, -1.000000000000000000, 0.0000000000000000000 ) ) ;
#8632 = EDGE_CURVE ( 'NONE', #6513, #1923, #5513, .T. ) ;
#8633 = LINE ( 'NONE', #533, #6601 ) ;
#8634 = DIRECTION ( 'NONE',  ( 1.000000000000000000, 0.0000000000000000000, -9.912705577010238600E-015 ) ) ;
#8635 = CIRCLE ( 'NONE', #5247, 9.600000000000001400 ) ;
#8636 = CARTESIAN_POINT ( 'NONE',  ( -9.560085296108589100, 18.75000000000000400, -2.500000000000000000 ) ) ;
#8637 = AXIS2_PLACEMENT_3D ( 'NONE', #5291, #1235, #2549 ) ;
#8638 = CARTESIAN_POINT ( 'NONE',  ( 1.575000000000007300, 0.6999999999999999600, 6.200000000000000200 ) ) ;
#8639 = DIRECTION ( 'NONE',  ( 0.0000000000000000000, 0.0000000000000000000, 1.000000000000000000 ) ) ;
#8640 = CARTESIAN_POINT ( 'NONE',  ( 35.38513732153780500, 7.888786676585872300, 2.637483635857617700 ) ) ;
#8641 = LINE ( 'NONE', #3984, #991 ) ;
#8642 = EDGE_CURVE ( 'NONE', #8445, #4401, #8491, .T. ) ;
#8643 = ADVANCED_FACE ( 'NONE', ( #2222 ), #6257, .F. ) ;
#8644 = FACE_OUTER_BOUND ( 'NONE', #3700, .T. ) ;
#8645 = CARTESIAN_POINT ( 'NONE',  ( 1.275000000000007500, 0.2000000000000000100, -6.499999999999999100 ) ) ;
#8646 = CARTESIAN_POINT ( 'NONE',  ( -6.624999999999996400, 21.82000000000000700, -2.300000000000000300 ) ) ;
#8647 = VECTOR ( 'NONE', #8692, 1000.000000000000000 ) ;
#8648 = CARTESIAN_POINT ( 'NONE',  ( 35.77500000000001300, 10.77500000000000000, 2.499999999999999600 ) ) ;
#8649 = FACE_OUTER_BOUND ( 'NONE', #7223, .T. ) ;
#8650 = ADVANCED_FACE ( 'NONE', ( #7545 ), #850, .T. ) ;
#8651 = CARTESIAN_POINT ( 'NONE',  ( -26.62499999999998900, 25.89999999999999900, 5.999999999999999100 ) ) ;
#8652 = DIRECTION ( 'NONE',  ( -1.000000000000000000, 0.0000000000000000000, 0.0000000000000000000 ) ) ;
#8653 = DIRECTION ( 'NONE',  ( 0.8660254037844387100, 0.4999999999999998900, 0.0000000000000000000 ) ) ;
#8654 = ORIENTED_EDGE ( 'NONE', *, *, #3680, .F. ) ;
#8655 = VECTOR ( 'NONE', #6297, 1000.000000000000000 ) ;
#8656 = CIRCLE ( 'NONE', #2330, 0.2999999999999999300 ) ;
#8657 = AXIS2_PLACEMENT_3D ( 'NONE', #7048, #3021, #2996 ) ;
#8658 = EDGE_CURVE ( 'NONE', #3692, #4412, #7350, .T. ) ;
#8659 = PLANE ( 'NONE',  #5460 ) ;
#8660 = DIRECTION ( 'NONE',  ( -1.000000000000000000, -0.0000000000000000000, 9.912705577010238600E-015 ) ) ;
#8661 = FACE_OUTER_BOUND ( 'NONE', #4984, .T. ) ;
#8662 = CARTESIAN_POINT ( 'NONE',  ( -8.724999999999996100, -0.05358983848622472800, -2.299999999999999800 ) ) ;
#8663 = EDGE_CURVE ( 'NONE', #4119, #1898, #1479, .T. ) ;
#8664 = ORIENTED_EDGE ( 'NONE', *, *, #2844, .F. ) ;
#8665 = PLANE ( 'NONE',  #4853 ) ;
#8666 = EDGE_LOOP ( 'NONE', ( #441, #1169, #7732, #645 ) ) ;
#8667 = ORIENTED_EDGE ( 'NONE', *, *, #7538, .T. ) ;
#8668 = AXIS2_PLACEMENT_3D ( 'NONE', #1128, #2490, #1100 ) ;
#8669 = CARTESIAN_POINT ( 'NONE',  ( 1.575000000000007300, 0.5000000000000000000, -4.599999999999998800 ) ) ;
#8670 = ORIENTED_EDGE ( 'NONE', *, *, #865, .T. ) ;
#8671 = VECTOR ( 'NONE', #3825, 1000.000000000000000 ) ;
#8672 = CARTESIAN_POINT ( 'NONE',  ( -13.82499999999999400, 20.15000000000000200, 5.200000000000001100 ) ) ;
#8673 = AXIS2_PLACEMENT_3D ( 'NONE', #4113, #4786, #741 ) ;
#8674 = DIRECTION ( 'NONE',  ( 0.0000000000000000000, -1.000000000000000000, 0.0000000000000000000 ) ) ;
#8675 = EDGE_LOOP ( 'NONE', ( #389, #6977, #8060, #6150, #4238, #8449, #6106, #7284 ) ) ;
#8676 = DIRECTION ( 'NONE',  ( 0.0000000000000000000, 0.0000000000000000000, 1.000000000000000000 ) ) ;
#8677 = DIRECTION ( 'NONE',  ( 1.000000000000000000, 0.0000000000000000000, -0.0000000000000000000 ) ) ;
#8678 = EDGE_CURVE ( 'NONE', #5200, #6525, #5092, .T. ) ;
#8679 = ORIENTED_EDGE ( 'NONE', *, *, #2321, .T. ) ;
#8680 = VECTOR ( 'NONE', #6311, 1000.000000000000000 ) ;
#8681 = CARTESIAN_POINT ( 'NONE',  ( -8.724999999999996100, -1.570000000000000100, 2.500000000000000000 ) ) ;
#8682 = DIRECTION ( 'NONE',  ( 0.0000000000000000000, -0.0000000000000000000, -1.000000000000000000 ) ) ;
#8683 = DIRECTION ( 'NONE',  ( -0.0000000000000000000, -1.000000000000000000, -0.0000000000000000000 ) ) ;
#8684 = ORIENTED_EDGE ( 'NONE', *, *, #1283, .F. ) ;
#8685 = CARTESIAN_POINT ( 'NONE',  ( -31.90000000000001300, 21.30000000000000100, -0.8749999999996659300 ) ) ;
#8686 = ADVANCED_FACE ( 'NONE', ( #1797 ), #7280, .F. ) ;
#8687 = DIRECTION ( 'NONE',  ( 0.0000000000000000000, 0.0000000000000000000, -1.000000000000000000 ) ) ;
#8688 = VERTEX_POINT ( 'NONE', #7842 ) ;
#8689 = AXIS2_PLACEMENT_3D ( 'NONE', #6283, #2163, #4896 ) ;
#8690 = ORIENTED_EDGE ( 'NONE', *, *, #5390, .T. ) ;
#8691 = CIRCLE ( 'NONE', #6455, 4.500000000000001800 ) ;
#8692 = DIRECTION ( 'NONE',  ( -0.0000000000000000000, -1.000000000000000000, -0.0000000000000000000 ) ) ;
#8693 = EDGE_CURVE ( 'NONE', #4419, #1192, #4244, .T. ) ;
#8694 = EDGE_LOOP ( 'NONE', ( #191, #758 ) ) ;
#8695 = CARTESIAN_POINT ( 'NONE',  ( -25.12499999999998900, 18.55000000000000100, -5.200000000000001100 ) ) ;
#8696 = CARTESIAN_POINT ( 'NONE',  ( -11.82499999999999200, 7.500000000000000000, -5.200000000000000200 ) ) ;
#8697 = DIRECTION ( 'NONE',  ( -1.000000000000000000, 0.0000000000000000000, -0.0000000000000000000 ) ) ;
#8698 = VERTEX_POINT ( 'NONE', #1723 ) ;
#8699 = VERTEX_POINT ( 'NONE', #1757 ) ;
#8700 = ADVANCED_FACE ( 'NONE', ( #4885 ), #3077, .T. ) ;
#8701 = CARTESIAN_POINT ( 'NONE',  ( 35.17500000000001800, 7.474999999999998800, 3.100000000000000100 ) ) ;
#8702 = EDGE_LOOP ( 'NONE', ( #6047, #6365 ) ) ;
#8703 = FACE_OUTER_BOUND ( 'NONE', #6114, .T. ) ;
#8704 = VERTEX_POINT ( 'NONE', #1966 ) ;
#8705 = VERTEX_POINT ( 'NONE', #5944 ) ;
#8706 = VERTEX_POINT ( 'NONE', #7969 ) ;
#8707 = CARTESIAN_POINT ( 'NONE',  ( -16.02499999999999100, 28.80000000000000100, 4.500000000000000900 ) ) ;
#8708 = DIRECTION ( 'NONE',  ( -1.000000000000000000, 0.0000000000000000000, 0.0000000000000000000 ) ) ;
#8709 = EDGE_CURVE ( 'NONE', #6868, #1976, #1275, .T. ) ;
#8710 = EDGE_LOOP ( 'NONE', ( #6234, #869, #5080, #3958 ) ) ;
#8711 = CARTESIAN_POINT ( 'NONE',  ( 3.765000000000005500, 18.75000000000000000, 7.259999999999999800 ) ) ;
#8712 = ORIENTED_EDGE ( 'NONE', *, *, #8393, .F. ) ;
#8713 = SURFACE_SIDE_STYLE ('',( #4817 ) ) ;
#8714 = ORIENTED_EDGE ( 'NONE', *, *, #4455, .T. ) ;
#8715 = CYLINDRICAL_SURFACE ( 'NONE', #6854, 1.000000000000000400 ) ;
#8716 = DIRECTION ( 'NONE',  ( 1.000000000000000000, -0.0000000000000000000, -0.0000000000000000000 ) ) ;
#8717 = ORIENTED_EDGE ( 'NONE', *, *, #3885, .T. ) ;
#8718 = DIRECTION ( 'NONE',  ( 0.0000000000000000000, -1.000000000000000000, 0.0000000000000000000 ) ) ;
#8719 = CARTESIAN_POINT ( 'NONE',  ( 35.17500000000001100, 18.75000000000000000, 6.700000000000000200 ) ) ;
#8720 = DIRECTION ( 'NONE',  ( 0.0000000000000000000, 0.0000000000000000000, 1.000000000000000000 ) ) ;
#8721 = AXIS2_PLACEMENT_3D ( 'NONE', #7872, #1717, #7150 ) ;
#8722 = LINE ( 'NONE', #4508, #3945 ) ;
#8723 = VERTEX_POINT ( 'NONE', #3999 ) ;
#8724 = CYLINDRICAL_SURFACE ( 'NONE', #6116, 0.2000000000000000900 ) ;
#8725 = VECTOR ( 'NONE', #5043, 1000.000000000000000 ) ;
#8726 = CARTESIAN_POINT ( 'NONE',  ( -11.82499999999999200, 12.75000000000000200, 12.06410161513776400 ) ) ;
#8727 = DIRECTION ( 'NONE',  ( 0.0000000000000000000, 0.0000000000000000000, -1.000000000000000000 ) ) ;
#8728 = AXIS2_PLACEMENT_3D ( 'NONE', #7766, #5138, #7187 ) ;
#8729 = DIRECTION ( 'NONE',  ( -0.0000000000000000000, 1.000000000000000000, -0.0000000000000000000 ) ) ;
#8730 = CIRCLE ( 'NONE', #4078, 1.000000000000000400 ) ;
#8731 = CARTESIAN_POINT ( 'NONE',  ( -8.724999999999996100, -1.570000000000000100, -2.300000000000000300 ) ) ;
#8732 = CARTESIAN_POINT ( 'NONE',  ( -0.8249999999999924100, 18.75000000000000000, 11.19999999999999900 ) ) ;
#8733 = AXIS2_PLACEMENT_3D ( 'NONE', #5679, #7126, #5787 ) ;
#8734 = VERTEX_POINT ( 'NONE', #7998 ) ;
#8735 = LINE ( 'NONE', #4800, #7122 ) ;
#8736 = ADVANCED_FACE ( 'NONE', ( #6471 ), #1586, .T. ) ;
#8737 = CARTESIAN_POINT ( 'NONE',  ( -16.02499999999999100, 20.15000000000000200, -2.499999999999999600 ) ) ;
#8738 = EDGE_CURVE ( 'NONE', #8191, #946, #4657, .T. ) ;
#8739 = CIRCLE ( 'NONE', #8399, 0.5000000000000000000 ) ;
#8740 = DIRECTION ( 'NONE',  ( 0.0000000000000000000, 1.000000000000000000, 0.0000000000000000000 ) ) ;
#8741 = CARTESIAN_POINT ( 'NONE',  ( 1.575000000000007300, 0.6999999999999999600, 8.099999999999999600 ) ) ;
#8742 = CYLINDRICAL_SURFACE ( 'NONE', #4788, 0.9999999999999983300 ) ;
#8743 = AXIS2_PLACEMENT_3D ( 'NONE', #4025, #3364, #6774 ) ;
#8744 = ORIENTED_EDGE ( 'NONE', *, *, #1880, .T. ) ;
#8745 = AXIS2_PLACEMENT_3D ( 'NONE', #3146, #2586, #1955 ) ;
#8746 = CYLINDRICAL_SURFACE ( 'NONE', #5363, 1.495000000000005700 ) ;
#8747 = SURFACE_SIDE_STYLE ('',( #760 ) ) ;
#8748 = DIRECTION ( 'NONE',  ( 0.0000000000000000000, -0.0000000000000000000, -1.000000000000000000 ) ) ;
#8749 = LINE ( 'NONE', #7125, #6931 ) ;
#8750 = EDGE_CURVE ( 'NONE', #7300, #4111, #7758, .T. ) ;
#8751 = CARTESIAN_POINT ( 'NONE',  ( 1.275000000000007500, 0.6000000000000000900, 4.824999999999999300 ) ) ;
#8752 = VECTOR ( 'NONE', #7197, 1000.000000000000000 ) ;
#8753 = AXIS2_PLACEMENT_3D ( 'NONE', #3661, #5639, #7080 ) ;
#8754 = VECTOR ( 'NONE', #360, 1000.000000000000000 ) ;
#8755 = DIRECTION ( 'NONE',  ( 0.0000000000000000000, -1.000000000000000000, 0.0000000000000000000 ) ) ;
#8756 = PLANE ( 'NONE',  #265 ) ;
#8757 = DIRECTION ( 'NONE',  ( 1.000000000000000000, -0.0000000000000000000, -0.0000000000000000000 ) ) ;
#8758 = DIRECTION ( 'NONE',  ( -0.0000000000000000000, -1.000000000000000000, -0.0000000000000000000 ) ) ;
#8759 = ORIENTED_EDGE ( 'NONE', *, *, #4128, .T. ) ;
#8760 = EDGE_CURVE ( 'NONE', #5320, #5397, #8280, .T. ) ;
#8761 = LINE ( 'NONE', #4971, #5135 ) ;
#8762 = LINE ( 'NONE', #8102, #7479 ) ;
#8763 = LINE ( 'NONE', #1888, #5139 ) ;
#8764 = ORIENTED_EDGE ( 'NONE', *, *, #3633, .F. ) ;
#8765 = DIRECTION ( 'NONE',  ( -1.000000000000000000, 0.0000000000000000000, 1.982541115402066600E-014 ) ) ;
#8766 = CARTESIAN_POINT ( 'NONE',  ( -8.778589838486221100, 20.10358983848622900, 2.299999999999999800 ) ) ;
#8767 = VERTEX_POINT ( 'NONE', #6688 ) ;
#8768 = EDGE_CURVE ( 'NONE', #803, #8073, #6042, .T. ) ;
#8769 = LINE ( 'NONE', #2292, #7597 ) ;
#8770 = MANIFOLD_SOLID_BREP ( 'Header Contact [4]', #4668 ) ;
#8771 = VECTOR ( 'NONE', #2650, 1000.000000000000000 ) ;
#8772 = ORIENTED_EDGE ( 'NONE', *, *, #6399, .T. ) ;
#8773 = CARTESIAN_POINT ( 'NONE',  ( 12.76500000000000600, -1.770000000000000000, 0.0000000000000000000 ) ) ;
#8774 = ADVANCED_FACE ( 'NONE', ( #2328 ), #1208, .F. ) ;
#8775 = CARTESIAN_POINT ( 'NONE',  ( 35.67500000000001100, 7.974999999999999600, 2.508392021690040600 ) ) ;
#8776 = EDGE_LOOP ( 'NONE', ( #527, #8197, #4311, #7428 ) ) ;
#8777 = ORIENTED_EDGE ( 'NONE', *, *, #3970, .T. ) ;
#8778 = VECTOR ( 'NONE', #3998, 1000.000000000000000 ) ;
#8779 = AXIS2_PLACEMENT_3D ( 'NONE', #5850, #3369, #7228 ) ;
#8780 = ORIENTED_EDGE ( 'NONE', *, *, #8015, .T. ) ;
#8781 = EDGE_CURVE ( 'NONE', #2116, #1328, #4764, .T. ) ;
#8783 = ADVANCED_FACE ( 'NONE', ( #4980 ), #3912, .T. ) ;
#8782 = CARTESIAN_POINT ( 'NONE',  ( -31.55000000000001500, 25.30000000000000100, -1.924999999999669900 ) ) ;
#8784 = DIRECTION ( 'NONE',  ( -0.0000000000000000000, -1.000000000000000000, -0.0000000000000000000 ) ) ;
#8785 = ORIENTED_EDGE ( 'NONE', *, *, #7638, .F. ) ;
#8786 = EDGE_CURVE ( 'NONE', #2643, #6779, #2319, .T. ) ;
#8787 = SURFACE_STYLE_FILL_AREA ( #4602 ) ;
#8788 = DIRECTION ( 'NONE',  ( -1.000000000000000000, -0.0000000000000000000, 9.912705577010238600E-015 ) ) ;
#8789 = VERTEX_POINT ( 'NONE', #6622 ) ;
#8790 = AXIS2_PLACEMENT_3D ( 'NONE', #311, #1647, #6406 ) ;
#8791 = AXIS2_PLACEMENT_3D ( 'NONE', #4303, #2273, #5064 ) ;
#8792 = ORIENTED_EDGE ( 'NONE', *, *, #8307, .T. ) ;
#8793 = CARTESIAN_POINT ( 'NONE',  ( -16.02499999999999100, 18.55000000000000100, 3.500000000000000000 ) ) ;
#8794 = LINE ( 'NONE', #7803, #5284 ) ;
#8795 = DIRECTION ( 'NONE',  ( 0.0000000000000000000, 0.0000000000000000000, -1.000000000000000000 ) ) ;
#8796 = CLOSED_SHELL ( 'NONE', ( #1504, #6824, #2007, #7161, #3983, #2854, #3159, #516, #7390, #1028, #5113 ) ) ;
#8797 = CARTESIAN_POINT ( 'NONE',  ( -13.82499999999999400, 7.500000000000000000, -5.200000000000000200 ) ) ;
#8798 = EDGE_CURVE ( 'NONE', #5715, #536, #1269, .T. ) ;
#8799 = VERTEX_POINT ( 'NONE', #4690 ) ;
#8800 = CARTESIAN_POINT ( 'NONE',  ( 12.76500000000000600, -1.270000000000000000, 0.0000000000000000000 ) ) ;
#8801 = ORIENTED_EDGE ( 'NONE', *, *, #2, .F. ) ;
#8802 = FACE_OUTER_BOUND ( 'NONE', #3919, .T. ) ;
#8803 = CARTESIAN_POINT ( 'NONE',  ( 32.67500000000000400, 18.55000000000000100, 8.500000000000000000 ) ) ;
#8804 = VERTEX_POINT ( 'NONE', #5973 ) ;
#8805 = ORIENTED_EDGE ( 'NONE', *, *, #5635, .F. ) ;
#8806 = ORIENTED_EDGE ( 'NONE', *, *, #8232, .F. ) ;
ENDSEC;
END-ISO-10303-21;
